:020000041D00DD
:10000000FFFFFFFFFFFFFFFFFFFFFFFFFFFFFFFF00
:10001000FFFFFFFFFFFFFFFFFFFFFFFFFFFFFFFFF0
:10002000FFFFFFFFFFFFFFFFFFFFFFFFFFFFFFFFE0
:10003000FFFFFFFFFFFFFFFFFFFFFFFFFFFFFFFFD0
:10004000FFFFFFFFFFFFFFFFFFFFFFFFFFFFFFFFC0
:10005000FFFFFFFFFFFFFFFFFFFFFFFFFFFFFFFFB0
:10006000FFFFFFFFFFFFFFFFFFFFFFFFFFFFFFFFA0
:10007000FFFFFFFFFFFFFFFFFFFFFFFFFFFFFFFF90
:10008000FFFFFFFFFFFFFFFFFFFFFFFFFFFFFFFF80
:10009000FFFFFFFFFFFFFFFFFFFFFFFFFFFFFFFF70
:1000A000FFFFFFFFFFFFFFFFFFFFFFFFFFFFFFFF60
:1000B000FFFFFFFFFFFFFFFFFFFFFFFFFFFFFFFF50
:1000C000FFFFFFFFFFFFFFFFFFFFFFFFFFFFFFFF40
:1000D000FFFFFFFFFFFFFFFFFFFFFFFFFFFFFFFF30
:1000E000FFFFFFFFFFFFFFFFFFFFFFFFFFFFFFFF20
:1000F000FFFFFFFFFFFFFFFFFFFFFFFFFFFFFFFF10
:10010000FFFFFFFFFFFFFFFFFFFFFFFFFFFFFFFFFF
:10011000FFFFFFFFFFFFFFFFFFFFFFFFFFFFFFFFEF
:10012000FFFFFFFFFFFFFFFFFFFFFFFFFFFFFFFFDF
:10013000FFFFFFFFFFFFFFFFFFFFFFFFFFFFFFFFCF
:10014000FFFFFFFFFFFFFFFFFFFFFFFFFFFFFFFFBF
:10015000FFFFFFFFFFFFFFFFFFFFFFFFFFFFFFFFAF
:10016000FFFFFFFFFFFFFFFFFFFFFFFFFFFFFFFF9F
:10017000FFFFFFFFFFFFFFFFFFFFFFFFFFFFFFFF8F
:10018000FFFFFFFFFFFFFFFFFFFFFFFFFFFFFFFF7F
:10019000FFFFFFFFFFFFFFFFFFFFFFFFFFFFFFFF6F
:1001A000FFFFFFFFFFFFFFFFFFFFFFFFFFFFFFFF5F
:1001B000FFFFFFFFFFFFFFFFFFFFFFFFFFFFFFFF4F
:1001C000FFFFFFFFFFFFFFFFFFFFFFFFFFFFFFFF3F
:1001D000FFFFFFFFFFFFFFFFFFFFFFFFFFFFFFFF2F
:1001E000FFFFFFFFFFFFFFFFFFFFFFFFFFFFFFFF1F
:1001F000FFFFFFFFFFFFFFFFFFFFFFFFFFFFFFFF0F
:10020000FFFFFFFFFFFFFFFFFFFFFFFFFFFFFFFFFE
:10021000FFFFFFFFFFFFFFFFFFFFFFFFFFFFFFFFEE
:10022000FFFFFFFFFFFFFFFFFFFFFFFFFFFFFFFFDE
:10023000FFFFFFFFFFFFFFFFFFFFFFFFFFFFFFFFCE
:10024000FFFFFFFFFFFFFFFFFFFFFFFFFFFFFFFFBE
:10025000FFFFFFFFFFFFFFFFFFFFFFFFFFFFFFFFAE
:10026000FFFFFFFFFFFFFFFFFFFFFFFFFFFFFFFF9E
:10027000FFFFFFFFFFFFFFFFFFFFFFFFFFFFFFFF8E
:10028000FFFFFFFFFFFFFFFFFFFFFFFFFFFFFFFF7E
:10029000FFFFFFFFFFFFFFFFFFFFFFFFFFFFFFFF6E
:1002A000FFFFFFFFFFFFFFFFFFFFFFFFFFFFFFFF5E
:1002B000FFFFFFFFFFFFFFFFFFFFFFFFFFFFFFFF4E
:1002C000FFFFFFFFFFFFFFFFFFFFFFFFFFFFFFFF3E
:1002D000FFFFFFFFFFFFFFFFFFFFFFFFFFFFFFFF2E
:1002E000FFFFFFFFFFFFFFFFFFFFFFFFFFFFFFFF1E
:1002F000FFFFFFFFFFFFFFFFFFFFFFFFFFFFFFFF0E
:10030000FFFFFFFFFFFFFFFFFFFFFFFFFFFFFFFFFD
:10031000FFFFFFFFFFFFFFFFFFFFFFFFFFFFFFFFED
:10032000FFFFFFFFFFFFFFFFFFFFFFFFFFFFFFFFDD
:10033000FFFFFFFFFFFFFFFFFFFFFFFFFFFFFFFFCD
:10034000FFFFFFFFFFFFFFFFFFFFFFFFFFFFFFFFBD
:10035000FFFFFFFFFFFFFFFFFFFFFFFFFFFFFFFFAD
:10036000FFFFFFFFFFFFFFFFFFFFFFFFFFFFFFFF9D
:10037000FFFFFFFFFFFFFFFFFFFFFFFFFFFFFFFF8D
:10038000FFFFFFFFFFFFFFFFFFFFFFFFFFFFFFFF7D
:10039000FFFFFFFFFFFFFFFFFFFFFFFFFFFFFFFF6D
:1003A000FFFFFFFFFFFFFFFFFFFFFFFFFFFFFFFF5D
:1003B000FFFFFFFFFFFFFFFFFFFFFFFFFFFFFFFF4D
:1003C000FFFFFFFFFFFFFFFFFFFFFFFFFFFFFFFF3D
:1003D000FFFFFFFFFFFFFFFFFFFFFFFFFFFFFFFF2D
:1003E000FFFFFFFFFFFFFFFFFFFFFFFFFFFFFFFF1D
:1003F000FFFFFFFFFFFFFFFFFFFFFFFFFFFFFFFF0D
:10040000FFFFFFFFFFFFFFFFFFFFFFFFFFFFFFFFFC
:10041000FFFFFFFFFFFFFFFFFFFFFFFFFFFFFFFFEC
:10042000FFFFFFFFFFFFFFFFFFFFFFFFFFFFFFFFDC
:10043000FFFFFFFFFFFFFFFFFFFFFFFFFFFFFFFFCC
:10044000FFFFFFFFFFFFFFFFFFFFFFFFFFFFFFFFBC
:10045000FFFFFFFFFFFFFFFFFFFFFFFFFFFFFFFFAC
:10046000FFFFFFFFFFFFFFFFFFFFFFFFFFFFFFFF9C
:10047000FFFFFFFFFFFFFFFFFFFFFFFFFFFFFFFF8C
:10048000FFFFFFFFFFFFFFFFFFFFFFFFFFFFFFFF7C
:10049000FFFFFFFFFFFFFFFFFFFFFFFFFFFFFFFF6C
:1004A000FFFFFFFFFFFFFFFFFFFFFFFFFFFFFFFF5C
:1004B000FFFFFFFFFFFFFFFFFFFFFFFFFFFFFFFF4C
:1004C000FFFFFFFFFFFFFFFFFFFFFFFFFFFFFFFF3C
:1004D000FFFFFFFFFFFFFFFFFFFFFFFFFFFFFFFF2C
:1004E000FFFFFFFFFFFFFFFFFFFFFFFFFFFFFFFF1C
:1004F000FFFFFFFFFFFFFFFFFFFFFFFFFFFFFFFF0C
:10050000FFFFFFFFFFFFFFFFFFFFFFFFFFFFFFFFFB
:10051000FFFFFFFFFFFFFFFFFFFFFFFFFFFFFFFFEB
:10052000FFFFFFFFFFFFFFFFFFFFFFFFFFFFFFFFDB
:10053000FFFFFFFFFFFFFFFFFFFFFFFFFFFFFFFFCB
:10054000FFFFFFFFFFFFFFFFFFFFFFFFFFFFFFFFBB
:10055000FFFFFFFFFFFFFFFFFFFFFFFFFFFFFFFFAB
:10056000FFFFFFFFFFFFFFFFFFFFFFFFFFFFFFFF9B
:10057000FFFFFFFFFFFFFFFFFFFFFFFFFFFFFFFF8B
:10058000FFFFFFFFFFFFFFFFFFFFFFFFFFFFFFFF7B
:10059000FFFFFFFFFFFFFFFFFFFFFFFFFFFFFFFF6B
:1005A000FFFFFFFFFFFFFFFFFFFFFFFFFFFFFFFF5B
:1005B000FFFFFFFFFFFFFFFFFFFFFFFFFFFFFFFF4B
:1005C000FFFFFFFFFFFFFFFFFFFFFFFFFFFFFFFF3B
:1005D000FFFFFFFFFFFFFFFFFFFFFFFFFFFFFFFF2B
:1005E000FFFFFFFFFFFFFFFFFFFFFFFFFFFFFFFF1B
:1005F000FFFFFFFFFFFFFFFFFFFFFFFFFFFFFFFF0B
:10060000FFFFFFFFFFFFFFFFFFFFFFFFFFFFFFFFFA
:10061000FFFFFFFFFFFFFFFFFFFFFFFFFFFFFFFFEA
:10062000FFFFFFFFFFFFFFFFFFFFFFFFFFFFFFFFDA
:10063000FFFFFFFFFFFFFFFFFFFFFFFFFFFFFFFFCA
:10064000FFFFFFFFFFFFFFFFFFFFFFFFFFFFFFFFBA
:10065000FFFFFFFFFFFFFFFFFFFFFFFFFFFFFFFFAA
:10066000FFFFFFFFFFFFFFFFFFFFFFFFFFFFFFFF9A
:10067000FFFFFFFFFFFFFFFFFFFFFFFFFFFFFFFF8A
:10068000FFFFFFFFFFFFFFFFFFFFFFFFFFFFFFFF7A
:10069000FFFFFFFFFFFFFFFFFFFFFFFFFFFFFFFF6A
:1006A000FFFFFFFFFFFFFFFFFFFFFFFFFFFFFFFF5A
:1006B000FFFFFFFFFFFFFFFFFFFFFFFFFFFFFFFF4A
:1006C000FFFFFFFFFFFFFFFFFFFFFFFFFFFFFFFF3A
:1006D000FFFFFFFFFFFFFFFFFFFFFFFFFFFFFFFF2A
:1006E000FFFFFFFFFFFFFFFFFFFFFFFFFFFFFFFF1A
:1006F000FFFFFFFFFFFFFFFFFFFFFFFFFFFFFFFF0A
:10070000FFFFFFFFFFFFFFFFFFFFFFFFFFFFFFFFF9
:10071000FFFFFFFFFFFFFFFFFFFFFFFFFFFFFFFFE9
:10072000FFFFFFFFFFFFFFFFFFFFFFFFFFFFFFFFD9
:10073000FFFFFFFFFFFFFFFFFFFFFFFFFFFFFFFFC9
:10074000FFFFFFFFFFFFFFFFFFFFFFFFFFFFFFFFB9
:10075000FFFFFFFFFFFFFFFFFFFFFFFFFFFFFFFFA9
:10076000FFFFFFFFFFFFFFFFFFFFFFFFFFFFFFFF99
:10077000FFFFFFFFFFFFFFFFFFFFFFFFFFFFFFFF89
:10078000FFFFFFFFFFFFFFFFFFFFFFFFFFFFFFFF79
:10079000FFFFFFFFFFFFFFFFFFFFFFFFFFFFFFFF69
:1007A000FFFFFFFFFFFFFFFFFFFFFFFFFFFFFFFF59
:1007B000FFFFFFFFFFFFFFFFFFFFFFFFFFFFFFFF49
:1007C000FFFFFFFFFFFFFFFFFFFFFFFFFFFFFFFF39
:1007D000FFFFFFFFFFFFFFFFFFFFFFFFFFFFFFFF29
:1007E000FFFFFFFFFFFFFFFFFFFFFFFFFFFFFFFF19
:1007F000FFFFFFFFFFFFFFFFFFFFFFFFFFFFFFFF09
:10080000FFFFFFFFFFFFFFFFFFFFFFFFFFFFFFFFF8
:10081000FFFFFFFFFFFFFFFFFFFFFFFFFFFFFFFFE8
:10082000FFFFFFFFFFFFFFFFFFFFFFFFFFFFFFFFD8
:10083000FFFFFFFFFFFFFFFFFFFFFFFFFFFFFFFFC8
:10084000FFFFFFFFFFFFFFFFFFFFFFFFFFFFFFFFB8
:10085000FFFFFFFFFFFFFFFFFFFFFFFFFFFFFFFFA8
:10086000FFFFFFFFFFFFFFFFFFFFFFFFFFFFFFFF98
:10087000FFFFFFFFFFFFFFFFFFFFFFFFFFFFFFFF88
:10088000FFFFFFFFFFFFFFFFFFFFFFFFFFFFFFFF78
:10089000FFFFFFFFFFFFFFFFFFFFFFFFFFFFFFFF68
:1008A000FFFFFFFFFFFFFFFFFFFFFFFFFFFFFFFF58
:1008B000FFFFFFFFFFFFFFFFFFFFFFFFFFFFFFFF48
:1008C000FFFFFFFFFFFFFFFFFFFFFFFFFFFFFFFF38
:1008D000FFFFFFFFFFFFFFFFFFFFFFFFFFFFFFFF28
:1008E000FFFFFFFFFFFFFFFFFFFFFFFFFFFFFFFF18
:1008F000FFFFFFFFFFFFFFFFFFFFFFFFFFFFFFFF08
:10090000FFFFFFFFFFFFFFFFFFFFFFFFFFFFFFFFF7
:10091000FFFFFFFFFFFFFFFFFFFFFFFFFFFFFFFFE7
:10092000FFFFFFFFFFFFFFFFFFFFFFFFFFFFFFFFD7
:10093000FFFFFFFFFFFFFFFFFFFFFFFFFFFFFFFFC7
:10094000FFFFFFFFFFFFFFFFFFFFFFFFFFFFFFFFB7
:10095000FFFFFFFFFFFFFFFFFFFFFFFFFFFFFFFFA7
:10096000FFFFFFFFFFFFFFFFFFFFFFFFFFFFFFFF97
:10097000FFFFFFFFFFFFFFFFFFFFFFFFFFFFFFFF87
:10098000FFFFFFFFFFFFFFFFFFFFFFFFFFFFFFFF77
:10099000FFFFFFFFFFFFFFFFFFFFFFFFFFFFFFFF67
:1009A000FFFFFFFFFFFFFFFFFFFFFFFFFFFFFFFF57
:1009B000FFFFFFFFFFFFFFFFFFFFFFFFFFFFFFFF47
:1009C000FFFFFFFFFFFFFFFFFFFFFFFFFFFFFFFF37
:1009D000FFFFFFFFFFFFFFFFFFFFFFFFFFFFFFFF27
:1009E000FFFFFFFFFFFFFFFFFFFFFFFFFFFFFFFF17
:1009F000FFFFFFFFFFFFFFFFFFFFFFFFFFFFFFFF07
:100A0000FFFFFFFFFFFFFFFFFFFFFFFFFFFFFFFFF6
:100A1000FFFFFFFFFFFFFFFFFFFFFFFFFFFFFFFFE6
:100A2000FFFFFFFFFFFFFFFFFFFFFFFFFFFFFFFFD6
:100A3000FFFFFFFFFFFFFFFFFFFFFFFFFFFFFFFFC6
:100A4000FFFFFFFFFFFFFFFFFFFFFFFFFFFFFFFFB6
:100A5000FFFFFFFFFFFFFFFFFFFFFFFFFFFFFFFFA6
:100A6000FFFFFFFFFFFFFFFFFFFFFFFFFFFFFFFF96
:100A7000FFFFFFFFFFFFFFFFFFFFFFFFFFFFFFFF86
:100A8000FFFFFFFFFFFFFFFFFFFFFFFFFFFFFFFF76
:100A9000FFFFFFFFFFFFFFFFFFFFFFFFFFFFFFFF66
:100AA000FFFFFFFFFFFFFFFFFFFFFFFFFFFFFFFF56
:100AB000FFFFFFFFFFFFFFFFFFFFFFFFFFFFFFFF46
:100AC000FFFFFFFFFFFFFFFFFFFFFFFFFFFFFFFF36
:100AD000FFFFFFFFFFFFFFFFFFFFFFFFFFFFFFFF26
:100AE000FFFFFFFFFFFFFFFFFFFFFFFFFFFFFFFF16
:100AF000FFFFFFFFFFFFFFFFFFFFFFFFFFFFFFFF06
:100B0000FFFFFFFFFFFFFFFFFFFFFFFFFFFFFFFFF5
:100B1000FFFFFFFFFFFFFFFFFFFFFFFFFFFFFFFFE5
:100B2000FFFFFFFFFFFFFFFFFFFFFFFFFFFFFFFFD5
:100B3000FFFFFFFFFFFFFFFFFFFFFFFFFFFFFFFFC5
:100B4000FFFFFFFFFFFFFFFFFFFFFFFFFFFFFFFFB5
:100B5000FFFFFFFFFFFFFFFFFFFFFFFFFFFFFFFFA5
:100B6000FFFFFFFFFFFFFFFFFFFFFFFFFFFFFFFF95
:100B7000FFFFFFFFFFFFFFFFFFFFFFFFFFFFFFFF85
:100B8000FFFFFFFFFFFFFFFFFFFFFFFFFFFFFFFF75
:100B9000FFFFFFFFFFFFFFFFFFFFFFFFFFFFFFFF65
:100BA000FFFFFFFFFFFFFFFFFFFFFFFFFFFFFFFF55
:100BB000FFFFFFFFFFFFFFFFFFFFFFFFFFFFFFFF45
:100BC000FFFFFFFFFFFFFFFFFFFFFFFFFFFFFFFF35
:100BD000FFFFFFFFFFFFFFFFFFFFFFFFFFFFFFFF25
:100BE000FFFFFFFFFFFFFFFFFFFFFFFFFFFFFFFF15
:100BF000FFFFFFFFFFFFFFFFFFFFFFFFFFFFFFFF05
:100C0000FFFFFFFFFFFFFFFFFFFFFFFFFFFFFFFFF4
:100C1000FFFFFFFFFFFFFFFFFFFFFFFFFFFFFFFFE4
:100C2000FFFFFFFFFFFFFFFFFFFFFFFFFFFFFFFFD4
:100C3000FFFFFFFFFFFFFFFFFFFFFFFFFFFFFFFFC4
:100C4000FFFFFFFFFFFFFFFFFFFFFFFFFFFFFFFFB4
:100C5000FFFFFFFFFFFFFFFFFFFFFFFFFFFFFFFFA4
:100C6000FFFFFFFFFFFFFFFFFFFFFFFFFFFFFFFF94
:100C7000FFFFFFFFFFFFFFFFFFFFFFFFFFFFFFFF84
:100C8000FFFFFFFFFFFFFFFFFFFFFFFFFFFFFFFF74
:100C9000FFFFFFFFFFFFFFFFFFFFFFFFFFFFFFFF64
:100CA000FFFFFFFFFFFFFFFFFFFFFFFFFFFFFFFF54
:100CB000FFFFFFFFFFFFFFFFFFFFFFFFFFFFFFFF44
:100CC000FFFFFFFFFFFFFFFFFFFFFFFFFFFFFFFF34
:100CD000FFFFFFFFFFFFFFFFFFFFFFFFFFFFFFFF24
:100CE000FFFFFFFFFFFFFFFFFFFFFFFFFFFFFFFF14
:100CF000FFFFFFFFFFFFFFFFFFFFFFFFFFFFFFFF04
:100D0000FFFFFFFFFFFFFFFFFFFFFFFFFFFFFFFFF3
:100D1000FFFFFFFFFFFFFFFFFFFFFFFFFFFFFFFFE3
:100D2000FFFFFFFFFFFFFFFFFFFFFFFFFFFFFFFFD3
:100D3000FFFFFFFFFFFFFFFFFFFFFFFFFFFFFFFFC3
:100D4000FFFFFFFFFFFFFFFFFFFFFFFFFFFFFFFFB3
:100D5000FFFFFFFFFFFFFFFFFFFFFFFFFFFFFFFFA3
:100D6000FFFFFFFFFFFFFFFFFFFFFFFFFFFFFFFF93
:100D7000FFFFFFFFFFFFFFFFFFFFFFFFFFFFFFFF83
:100D8000FFFFFFFFFFFFFFFFFFFFFFFFFFFFFFFF73
:100D9000FFFFFFFFFFFFFFFFFFFFFFFFFFFFFFFF63
:100DA000FFFFFFFFFFFFFFFFFFFFFFFFFFFFFFFF53
:100DB000FFFFFFFFFFFFFFFFFFFFFFFFFFFFFFFF43
:100DC000FFFFFFFFFFFFFFFFFFFFFFFFFFFFFFFF33
:100DD000FFFFFFFFFFFFFFFFFFFFFFFFFFFFFFFF23
:100DE000FFFFFFFFFFFFFFFFFFFFFFFFFFFFFFFF13
:100DF000FFFFFFFFFFFFFFFFFFFFFFFFFFFFFFFF03
:100E0000FFFFFFFFFFFFFFFFFFFFFFFFFFFFFFFFF2
:100E1000FFFFFFFFFFFFFFFFFFFFFFFFFFFFFFFFE2
:100E2000FFFFFFFFFFFFFFFFFFFFFFFFFFFFFFFFD2
:100E3000FFFFFFFFFFFFFFFFFFFFFFFFFFFFFFFFC2
:100E4000FFFFFFFFFFFFFFFFFFFFFFFFFFFFFFFFB2
:100E5000FFFFFFFFFFFFFFFFFFFFFFFFFFFFFFFFA2
:100E6000FFFFFFFFFFFFFFFFFFFFFFFFFFFFFFFF92
:100E7000FFFFFFFFFFFFFFFFFFFFFFFFFFFFFFFF82
:100E8000FFFFFFFFFFFFFFFFFFFFFFFFFFFFFFFF72
:100E9000FFFFFFFFFFFFFFFFFFFFFFFFFFFFFFFF62
:100EA000FFFFFFFFFFFFFFFFFFFFFFFFFFFFFFFF52
:100EB000FFFFFFFFFFFFFFFFFFFFFFFFFFFFFFFF42
:100EC000FFFFFFFFFFFFFFFFFFFFFFFFFFFFFFFF32
:100ED000FFFFFFFFFFFFFFFFFFFFFFFFFFFFFFFF22
:100EE000FFFFFFFFFFFFFFFFFFFFFFFFFFFFFFFF12
:100EF000FFFFFFFFFFFFFFFFFFFFFFFFFFFFFFFF02
:100F0000FFFFFFFFFFFFFFFFFFFFFFFFFFFFFFFFF1
:100F1000FFFFFFFFFFFFFFFFFFFFFFFFFFFFFFFFE1
:100F2000FFFFFFFFFFFFFFFFFFFFFFFFFFFFFFFFD1
:100F3000FFFFFFFFFFFFFFFFFFFFFFFFFFFFFFFFC1
:100F4000FFFFFFFFFFFFFFFFFFFFFFFFFFFFFFFFB1
:100F5000FFFFFFFFFFFFFFFFFFFFFFFFFFFFFFFFA1
:100F6000FFFFFFFFFFFFFFFFFFFFFFFFFFFFFFFF91
:100F7000FFFFFFFFFFFFFFFFFFFFFFFFFFFFFFFF81
:100F8000FFFFFFFFFFFFFFFFFFFFFFFFFFFFFFFF71
:100F9000FFFFFFFFFFFFFFFFFFFFFFFFFFFFFFFF61
:100FA000FFFFFFFFFFFFFFFFFFFFFFFFFFFFFFFF51
:100FB000FFFFFFFFFFFFFFFFFFFFFFFFFFFFFFFF41
:100FC000FFFFFFFFFFFFFFFFFFFFFFFFFFFFFFFF31
:100FD000FFFFFFFFFFFFFFFFFFFFFFFFFFFFFFFF21
:100FE000FFFFFFFFFFFFFFFFFFFFFFFFFFFFFFFF11
:100FF000FFFFFFFFFFFFFFFFFFFFFFFFFFFFFFFF01
:10100000FFFFFFFFFFFFFFFFFFFFFFFFFFFFFFFFF0
:10101000FFFFFFFFFFFFFFFFFFFFFFFFFFFFFFFFE0
:10102000FFFFFFFFFFFFFFFFFFFFFFFFFFFFFFFFD0
:10103000FFFFFFFFFFFFFFFFFFFFFFFFFFFFFFFFC0
:10104000FFFFFFFFFFFFFFFFFFFFFFFFFFFFFFFFB0
:10105000FFFFFFFFFFFFFFFFFFFFFFFFFFFFFFFFA0
:10106000FFFFFFFFFFFFFFFFFFFFFFFFFFFFFFFF90
:10107000FFFFFFFFFFFFFFFFFFFFFFFFFFFFFFFF80
:10108000FFFFFFFFFFFFFFFFFFFFFFFFFFFFFFFF70
:10109000FFFFFFFFFFFFFFFFFFFFFFFFFFFFFFFF60
:1010A000FFFFFFFFFFFFFFFFFFFFFFFFFFFFFFFF50
:1010B000FFFFFFFFFFFFFFFFFFFFFFFFFFFFFFFF40
:1010C000FFFFFFFFFFFFFFFFFFFFFFFFFFFFFFFF30
:1010D000FFFFFFFFFFFFFFFFFFFFFFFFFFFFFFFF20
:1010E000FFFFFFFFFFFFFFFFFFFFFFFFFFFFFFFF10
:1010F000FFFFFFFFFFFFFFFFFFFFFFFFFFFFFFFF00
:10110000FFFFFFFFFFFFFFFFFFFFFFFFFFFFFFFFEF
:10111000FFFFFFFFFFFFFFFFFFFFFFFFFFFFFFFFDF
:10112000FFFFFFFFFFFFFFFFFFFFFFFFFFFFFFFFCF
:10113000FFFFFFFFFFFFFFFFFFFFFFFFFFFFFFFFBF
:10114000FFFFFFFFFFFFFFFFFFFFFFFFFFFFFFFFAF
:10115000FFFFFFFFFFFFFFFFFFFFFFFFFFFFFFFF9F
:10116000FFFFFFFFFFFFFFFFFFFFFFFFFFFFFFFF8F
:10117000FFFFFFFFFFFFFFFFFFFFFFFFFFFFFFFF7F
:10118000FFFFFFFFFFFFFFFFFFFFFFFFFFFFFFFF6F
:10119000FFFFFFFFFFFFFFFFFFFFFFFFFFFFFFFF5F
:1011A000FFFFFFFFFFFFFFFFFFFFFFFFFFFFFFFF4F
:1011B000FFFFFFFFFFFFFFFFFFFFFFFFFFFFFFFF3F
:1011C000FFFFFFFFFFFFFFFFFFFFFFFFFFFFFFFF2F
:1011D000FFFFFFFFFFFFFFFFFFFFFFFFFFFFFFFF1F
:1011E000FFFFFFFFFFFFFFFFFFFFFFFFFFFFFFFF0F
:1011F000FFFFFFFFFFFFFFFFFFFFFFFFFFFFFFFFFF
:10120000FFFFFFFFFFFFFFFFFFFFFFFFFFFFFFFFEE
:10121000FFFFFFFFFFFFFFFFFFFFFFFFFFFFFFFFDE
:10122000FFFFFFFFFFFFFFFFFFFFFFFFFFFFFFFFCE
:10123000FFFFFFFFFFFFFFFFFFFFFFFFFFFFFFFFBE
:10124000FFFFFFFFFFFFFFFFFFFFFFFFFFFFFFFFAE
:10125000FFFFFFFFFFFFFFFFFFFFFFFFFFFFFFFF9E
:10126000FFFFFFFFFFFFFFFFFFFFFFFFFFFFFFFF8E
:10127000FFFFFFFFFFFFFFFFFFFFFFFFFFFFFFFF7E
:10128000FFFFFFFFFFFFFFFFFFFFFFFFFFFFFFFF6E
:10129000FFFFFFFFFFFFFFFFFFFFFFFFFFFFFFFF5E
:1012A000FFFFFFFFFFFFFFFFFFFFFFFFFFFFFFFF4E
:1012B000FFFFFFFFFFFFFFFFFFFFFFFFFFFFFFFF3E
:1012C000FFFFFFFFFFFFFFFFFFFFFFFFFFFFFFFF2E
:1012D000FFFFFFFFFFFFFFFFFFFFFFFFFFFFFFFF1E
:1012E000FFFFFFFFFFFFFFFFFFFFFFFFFFFFFFFF0E
:1012F000FFFFFFFFFFFFFFFFFFFFFFFFFFFFFFFFFE
:10130000FFFFFFFFFFFFFFFFFFFFFFFFFFFFFFFFED
:10131000FFFFFFFFFFFFFFFFFFFFFFFFFFFFFFFFDD
:10132000FFFFFFFFFFFFFFFFFFFFFFFFFFFFFFFFCD
:10133000FFFFFFFFFFFFFFFFFFFFFFFFFFFFFFFFBD
:10134000FFFFFFFFFFFFFFFFFFFFFFFFFFFFFFFFAD
:10135000FFFFFFFFFFFFFFFFFFFFFFFFFFFFFFFF9D
:10136000FFFFFFFFFFFFFFFFFFFFFFFFFFFFFFFF8D
:10137000FFFFFFFFFFFFFFFFFFFFFFFFFFFFFFFF7D
:10138000FFFFFFFFFFFFFFFFFFFFFFFFFFFFFFFF6D
:10139000FFFFFFFFFFFFFFFFFFFFFFFFFFFFFFFF5D
:1013A000FFFFFFFFFFFFFFFFFFFFFFFFFFFFFFFF4D
:1013B000FFFFFFFFFFFFFFFFFFFFFFFFFFFFFFFF3D
:1013C000FFFFFFFFFFFFFFFFFFFFFFFFFFFFFFFF2D
:1013D000FFFFFFFFFFFFFFFFFFFFFFFFFFFFFFFF1D
:1013E000FFFFFFFFFFFFFFFFFFFFFFFFFFFFFFFF0D
:1013F000FFFFFFFFFFFFFFFFFFFFFFFFFFFFFFFFFD
:10140000FFFFFFFFFFFFFFFFFFFFFFFFFFFFFFFFEC
:10141000FFFFFFFFFFFFFFFFFFFFFFFFFFFFFFFFDC
:10142000FFFFFFFFFFFFFFFFFFFFFFFFFFFFFFFFCC
:10143000FFFFFFFFFFFFFFFFFFFFFFFFFFFFFFFFBC
:10144000FFFFFFFFFFFFFFFFFFFFFFFFFFFFFFFFAC
:10145000FFFFFFFFFFFFFFFFFFFFFFFFFFFFFFFF9C
:10146000FFFFFFFFFFFFFFFFFFFFFFFFFFFFFFFF8C
:10147000FFFFFFFFFFFFFFFFFFFFFFFFFFFFFFFF7C
:10148000FFFFFFFFFFFFFFFFFFFFFFFFFFFFFFFF6C
:10149000FFFFFFFFFFFFFFFFFFFFFFFFFFFFFFFF5C
:1014A000FFFFFFFFFFFFFFFFFFFFFFFFFFFFFFFF4C
:1014B000FFFFFFFFFFFFFFFFFFFFFFFFFFFFFFFF3C
:1014C000FFFFFFFFFFFFFFFFFFFFFFFFFFFFFFFF2C
:1014D000FFFFFFFFFFFFFFFFFFFFFFFFFFFFFFFF1C
:1014E000FFFFFFFFFFFFFFFFFFFFFFFFFFFFFFFF0C
:1014F000FFFFFFFFFFFFFFFFFFFFFFFFFFFFFFFFFC
:10150000FFFFFFFFFFFFFFFFFFFFFFFFFFFFFFFFEB
:10151000FFFFFFFFFFFFFFFFFFFFFFFFFFFFFFFFDB
:10152000FFFFFFFFFFFFFFFFFFFFFFFFFFFFFFFFCB
:10153000FFFFFFFFFFFFFFFFFFFFFFFFFFFFFFFFBB
:10154000FFFFFFFFFFFFFFFFFFFFFFFFFFFFFFFFAB
:10155000FFFFFFFFFFFFFFFFFFFFFFFFFFFFFFFF9B
:10156000FFFFFFFFFFFFFFFFFFFFFFFFFFFFFFFF8B
:10157000FFFFFFFFFFFFFFFFFFFFFFFFFFFFFFFF7B
:10158000FFFFFFFFFFFFFFFFFFFFFFFFFFFFFFFF6B
:10159000FFFFFFFFFFFFFFFFFFFFFFFFFFFFFFFF5B
:1015A000FFFFFFFFFFFFFFFFFFFFFFFFFFFFFFFF4B
:1015B000FFFFFFFFFFFFFFFFFFFFFFFFFFFFFFFF3B
:1015C000FFFFFFFFFFFFFFFFFFFFFFFFFFFFFFFF2B
:1015D000FFFFFFFFFFFFFFFFFFFFFFFFFFFFFFFF1B
:1015E000FFFFFFFFFFFFFFFFFFFFFFFFFFFFFFFF0B
:1015F000FFFFFFFFFFFFFFFFFFFFFFFFFFFFFFFFFB
:10160000FFFFFFFFFFFFFFFFFFFFFFFFFFFFFFFFEA
:10161000FFFFFFFFFFFFFFFFFFFFFFFFFFFFFFFFDA
:10162000FFFFFFFFFFFFFFFFFFFFFFFFFFFFFFFFCA
:10163000FFFFFFFFFFFFFFFFFFFFFFFFFFFFFFFFBA
:10164000FFFFFFFFFFFFFFFFFFFFFFFFFFFFFFFFAA
:10165000FFFFFFFFFFFFFFFFFFFFFFFFFFFFFFFF9A
:10166000FFFFFFFFFFFFFFFFFFFFFFFFFFFFFFFF8A
:10167000FFFFFFFFFFFFFFFFFFFFFFFFFFFFFFFF7A
:10168000FFFFFFFFFFFFFFFFFFFFFFFFFFFFFFFF6A
:10169000FFFFFFFFFFFFFFFFFFFFFFFFFFFFFFFF5A
:1016A000FFFFFFFFFFFFFFFFFFFFFFFFFFFFFFFF4A
:1016B000FFFFFFFFFFFFFFFFFFFFFFFFFFFFFFFF3A
:1016C000FFFFFFFFFFFFFFFFFFFFFFFFFFFFFFFF2A
:1016D000FFFFFFFFFFFFFFFFFFFFFFFFFFFFFFFF1A
:1016E000FFFFFFFFFFFFFFFFFFFFFFFFFFFFFFFF0A
:1016F000FFFFFFFFFFFFFFFFFFFFFFFFFFFFFFFFFA
:10170000FFFFFFFFFFFFFFFFFFFFFFFFFFFFFFFFE9
:10171000FFFFFFFFFFFFFFFFFFFFFFFFFFFFFFFFD9
:10172000FFFFFFFFFFFFFFFFFFFFFFFFFFFFFFFFC9
:10173000FFFFFFFFFFFFFFFFFFFFFFFFFFFFFFFFB9
:10174000FFFFFFFFFFFFFFFFFFFFFFFFFFFFFFFFA9
:10175000FFFFFFFFFFFFFFFFFFFFFFFFFFFFFFFF99
:10176000FFFFFFFFFFFFFFFFFFFFFFFFFFFFFFFF89
:10177000FFFFFFFFFFFFFFFFFFFFFFFFFFFFFFFF79
:10178000FFFFFFFFFFFFFFFFFFFFFFFFFFFFFFFF69
:10179000FFFFFFFFFFFFFFFFFFFFFFFFFFFFFFFF59
:1017A000FFFFFFFFFFFFFFFFFFFFFFFFFFFFFFFF49
:1017B000FFFFFFFFFFFFFFFFFFFFFFFFFFFFFFFF39
:1017C000FFFFFFFFFFFFFFFFFFFFFFFFFFFFFFFF29
:1017D000FFFFFFFFFFFFFFFFFFFFFFFFFFFFFFFF19
:1017E000FFFFFFFFFFFFFFFFFFFFFFFFFFFFFFFF09
:1017F000FFFFFFFFFFFFFFFFFFFFFFFFFFFFFFFFF9
:10180000FFFFFFFFFFFFFFFFFFFFFFFFFFFFFFFFE8
:10181000FFFFFFFFFFFFFFFFFFFFFFFFFFFFFFFFD8
:10182000FFFFFFFFFFFFFFFFFFFFFFFFFFFFFFFFC8
:10183000FFFFFFFFFFFFFFFFFFFFFFFFFFFFFFFFB8
:10184000FFFFFFFFFFFFFFFFFFFFFFFFFFFFFFFFA8
:10185000FFFFFFFFFFFFFFFFFFFFFFFFFFFFFFFF98
:10186000FFFFFFFFFFFFFFFFFFFFFFFFFFFFFFFF88
:10187000FFFFFFFFFFFFFFFFFFFFFFFFFFFFFFFF78
:10188000FFFFFFFFFFFFFFFFFFFFFFFFFFFFFFFF68
:10189000FFFFFFFFFFFFFFFFFFFFFFFFFFFFFFFF58
:1018A000FFFFFFFFFFFFFFFFFFFFFFFFFFFFFFFF48
:1018B000FFFFFFFFFFFFFFFFFFFFFFFFFFFFFFFF38
:1018C000FFFFFFFFFFFFFFFFFFFFFFFFFFFFFFFF28
:1018D000FFFFFFFFFFFFFFFFFFFFFFFFFFFFFFFF18
:1018E000FFFFFFFFFFFFFFFFFFFFFFFFFFFFFFFF08
:1018F000FFFFFFFFFFFFFFFFFFFFFFFFFFFFFFFFF8
:10190000FFFFFFFFFFFFFFFFFFFFFFFFFFFFFFFFE7
:10191000FFFFFFFFFFFFFFFFFFFFFFFFFFFFFFFFD7
:10192000FFFFFFFFFFFFFFFFFFFFFFFFFFFFFFFFC7
:10193000FFFFFFFFFFFFFFFFFFFFFFFFFFFFFFFFB7
:10194000FFFFFFFFFFFFFFFFFFFFFFFFFFFFFFFFA7
:10195000FFFFFFFFFFFFFFFFFFFFFFFFFFFFFFFF97
:10196000FFFFFFFFFFFFFFFFFFFFFFFFFFFFFFFF87
:10197000FFFFFFFFFFFFFFFFFFFFFFFFFFFFFFFF77
:10198000FFFFFFFFFFFFFFFFFFFFFFFFFFFFFFFF67
:10199000FFFFFFFFFFFFFFFFFFFFFFFFFFFFFFFF57
:1019A000FFFFFFFFFFFFFFFFFFFFFFFFFFFFFFFF47
:1019B000FFFFFFFFFFFFFFFFFFFFFFFFFFFFFFFF37
:1019C000FFFFFFFFFFFFFFFFFFFFFFFFFFFFFFFF27
:1019D000FFFFFFFFFFFFFFFFFFFFFFFFFFFFFFFF17
:1019E000FFFFFFFFFFFFFFFFFFFFFFFFFFFFFFFF07
:1019F000FFFFFFFFFFFFFFFFFFFFFFFFFFFFFFFFF7
:101A0000FFFFFFFFFFFFFFFFFFFFFFFFFFFFFFFFE6
:101A1000FFFFFFFFFFFFFFFFFFFFFFFFFFFFFFFFD6
:101A2000FFFFFFFFFFFFFFFFFFFFFFFFFFFFFFFFC6
:101A3000FFFFFFFFFFFFFFFFFFFFFFFFFFFFFFFFB6
:101A4000FFFFFFFFFFFFFFFFFFFFFFFFFFFFFFFFA6
:101A5000FFFFFFFFFFFFFFFFFFFFFFFFFFFFFFFF96
:101A6000FFFFFFFFFFFFFFFFFFFFFFFFFFFFFFFF86
:101A7000FFFFFFFFFFFFFFFFFFFFFFFFFFFFFFFF76
:101A8000FFFFFFFFFFFFFFFFFFFFFFFFFFFFFFFF66
:101A9000FFFFFFFFFFFFFFFFFFFFFFFFFFFFFFFF56
:101AA000FFFFFFFFFFFFFFFFFFFFFFFFFFFFFFFF46
:101AB000FFFFFFFFFFFFFFFFFFFFFFFFFFFFFFFF36
:101AC000FFFFFFFFFFFFFFFFFFFFFFFFFFFFFFFF26
:101AD000FFFFFFFFFFFFFFFFFFFFFFFFFFFFFFFF16
:101AE000FFFFFFFFFFFFFFFFFFFFFFFFFFFFFFFF06
:101AF000FFFFFFFFFFFFFFFFFFFFFFFFFFFFFFFFF6
:101B0000FFFFFFFFFFFFFFFFFFFFFFFFFFFFFFFFE5
:101B1000FFFFFFFFFFFFFFFFFFFFFFFFFFFFFFFFD5
:101B2000FFFFFFFFFFFFFFFFFFFFFFFFFFFFFFFFC5
:101B3000FFFFFFFFFFFFFFFFFFFFFFFFFFFFFFFFB5
:101B4000FFFFFFFFFFFFFFFFFFFFFFFFFFFFFFFFA5
:101B5000FFFFFFFFFFFFFFFFFFFFFFFFFFFFFFFF95
:101B6000FFFFFFFFFFFFFFFFFFFFFFFFFFFFFFFF85
:101B7000FFFFFFFFFFFFFFFFFFFFFFFFFFFFFFFF75
:101B8000FFFFFFFFFFFFFFFFFFFFFFFFFFFFFFFF65
:101B9000FFFFFFFFFFFFFFFFFFFFFFFFFFFFFFFF55
:101BA000FFFFFFFFFFFFFFFFFFFFFFFFFFFFFFFF45
:101BB000FFFFFFFFFFFFFFFFFFFFFFFFFFFFFFFF35
:101BC000FFFFFFFFFFFFFFFFFFFFFFFFFFFFFFFF25
:101BD000FFFFFFFFFFFFFFFFFFFFFFFFFFFFFFFF15
:101BE000FFFFFFFFFFFFFFFFFFFFFFFFFFFFFFFF05
:101BF000FFFFFFFFFFFFFFFFFFFFFFFFFFFFFFFFF5
:101C0000FFFFFFFFFFFFFFFFFFFFFFFFFFFFFFFFE4
:101C1000FFFFFFFFFFFFFFFFFFFFFFFFFFFFFFFFD4
:101C2000FFFFFFFFFFFFFFFFFFFFFFFFFFFFFFFFC4
:101C3000FFFFFFFFFFFFFFFFFFFFFFFFFFFFFFFFB4
:101C4000FFFFFFFFFFFFFFFFFFFFFFFFFFFFFFFFA4
:101C5000FFFFFFFFFFFFFFFFFFFFFFFFFFFFFFFF94
:101C6000FFFFFFFFFFFFFFFFFFFFFFFFFFFFFFFF84
:101C7000FFFFFFFFFFFFFFFFFFFFFFFFFFFFFFFF74
:101C8000FFFFFFFFFFFFFFFFFFFFFFFFFFFFFFFF64
:101C9000FFFFFFFFFFFFFFFFFFFFFFFFFFFFFFFF54
:101CA000FFFFFFFFFFFFFFFFFFFFFFFFFFFFFFFF44
:101CB000FFFFFFFFFFFFFFFFFFFFFFFFFFFFFFFF34
:101CC000FFFFFFFFFFFFFFFFFFFFFFFFFFFFFFFF24
:101CD000FFFFFFFFFFFFFFFFFFFFFFFFFFFFFFFF14
:101CE000FFFFFFFFFFFFFFFFFFFFFFFFFFFFFFFF04
:101CF000FFFFFFFFFFFFFFFFFFFFFFFFFFFFFFFFF4
:101D0000FFFFFFFFFFFFFFFFFFFFFFFFFFFFFFFFE3
:101D1000FFFFFFFFFFFFFFFFFFFFFFFFFFFFFFFFD3
:101D2000FFFFFFFFFFFFFFFFFFFFFFFFFFFFFFFFC3
:101D3000FFFFFFFFFFFFFFFFFFFFFFFFFFFFFFFFB3
:101D4000FFFFFFFFFFFFFFFFFFFFFFFFFFFFFFFFA3
:101D5000FFFFFFFFFFFFFFFFFFFFFFFFFFFFFFFF93
:101D6000FFFFFFFFFFFFFFFFFFFFFFFFFFFFFFFF83
:101D7000FFFFFFFFFFFFFFFFFFFFFFFFFFFFFFFF73
:101D8000FFFFFFFFFFFFFFFFFFFFFFFFFFFFFFFF63
:101D9000FFFFFFFFFFFFFFFFFFFFFFFFFFFFFFFF53
:101DA000FFFFFFFFFFFFFFFFFFFFFFFFFFFFFFFF43
:101DB000FFFFFFFFFFFFFFFFFFFFFFFFFFFFFFFF33
:101DC000FFFFFFFFFFFFFFFFFFFFFFFFFFFFFFFF23
:101DD000FFFFFFFFFFFFFFFFFFFFFFFFFFFFFFFF13
:101DE000FFFFFFFFFFFFFFFFFFFFFFFFFFFFFFFF03
:101DF000FFFFFFFFFFFFFFFFFFFFFFFFFFFFFFFFF3
:101E0000FFFFFFFFFFFFFFFFFFFFFFFFFFFFFFFFE2
:101E1000FFFFFFFFFFFFFFFFFFFFFFFFFFFFFFFFD2
:101E2000FFFFFFFFFFFFFFFFFFFFFFFFFFFFFFFFC2
:101E3000FFFFFFFFFFFFFFFFFFFFFFFFFFFFFFFFB2
:101E4000FFFFFFFFFFFFFFFFFFFFFFFFFFFFFFFFA2
:101E5000FFFFFFFFFFFFFFFFFFFFFFFFFFFFFFFF92
:101E6000FFFFFFFFFFFFFFFFFFFFFFFFFFFFFFFF82
:101E7000FFFFFFFFFFFFFFFFFFFFFFFFFFFFFFFF72
:101E8000FFFFFFFFFFFFFFFFFFFFFFFFFFFFFFFF62
:101E9000FFFFFFFFFFFFFFFFFFFFFFFFFFFFFFFF52
:101EA000FFFFFFFFFFFFFFFFFFFFFFFFFFFFFFFF42
:101EB000FFFFFFFFFFFFFFFFFFFFFFFFFFFFFFFF32
:101EC000FFFFFFFFFFFFFFFFFFFFFFFFFFFFFFFF22
:101ED000FFFFFFFFFFFFFFFFFFFFFFFFFFFFFFFF12
:101EE000FFFFFFFFFFFFFFFFFFFFFFFFFFFFFFFF02
:101EF000FFFFFFFFFFFFFFFFFFFFFFFFFFFFFFFFF2
:101F0000FFFFFFFFFFFFFFFFFFFFFFFFFFFFFFFFE1
:101F1000FFFFFFFFFFFFFFFFFFFFFFFFFFFFFFFFD1
:101F2000FFFFFFFFFFFFFFFFFFFFFFFFFFFFFFFFC1
:101F3000FFFFFFFFFFFFFFFFFFFFFFFFFFFFFFFFB1
:101F4000FFFFFFFFFFFFFFFFFFFFFFFFFFFFFFFFA1
:101F5000FFFFFFFFFFFFFFFFFFFFFFFFFFFFFFFF91
:101F6000FFFFFFFFFFFFFFFFFFFFFFFFFFFFFFFF81
:101F7000FFFFFFFFFFFFFFFFFFFFFFFFFFFFFFFF71
:101F8000FFFFFFFFFFFFFFFFFFFFFFFFFFFFFFFF61
:101F9000FFFFFFFFFFFFFFFFFFFFFFFFFFFFFFFF51
:101FA000FFFFFFFFFFFFFFFFFFFFFFFFFFFFFFFF41
:101FB000FFFFFFFFFFFFFFFFFFFFFFFFFFFFFFFF31
:101FC000FFFFFFFFFFFFFFFFFFFFFFFFFFFFFFFF21
:101FD000FFFFFFFFFFFFFFFFFFFFFFFFFFFFFFFF11
:101FE000FFFFFFFFFFFFFFFFFFFFFFFFFFFFFFFF01
:101FF000FFFFFFFFFFFFFFFFFFFFFFFFFFFFFFFFF1
:10200000FFFFFFFFFFFFFFFFFFFFFFFFFFFFFFFFE0
:10201000FFFFFFFFFFFFFFFFFFFFFFFFFFFFFFFFD0
:10202000FFFFFFFFFFFFFFFFFFFFFFFFFFFFFFFFC0
:10203000FFFFFFFFFFFFFFFFFFFFFFFFFFFFFFFFB0
:10204000FFFFFFFFFFFFFFFFFFFFFFFFFFFFFFFFA0
:10205000FFFFFFFFFFFFFFFFFFFFFFFFFFFFFFFF90
:10206000FFFFFFFFFFFFFFFFFFFFFFFFFFFFFFFF80
:10207000FFFFFFFFFFFFFFFFFFFFFFFFFFFFFFFF70
:10208000FFFFFFFFFFFFFFFFFFFFFFFFFFFFFFFF60
:10209000FFFFFFFFFFFFFFFFFFFFFFFFFFFFFFFF50
:1020A000FFFFFFFFFFFFFFFFFFFFFFFFFFFFFFFF40
:1020B000FFFFFFFFFFFFFFFFFFFFFFFFFFFFFFFF30
:1020C000FFFFFFFFFFFFFFFFFFFFFFFFFFFFFFFF20
:1020D000FFFFFFFFFFFFFFFFFFFFFFFFFFFFFFFF10
:1020E000FFFFFFFFFFFFFFFFFFFFFFFFFFFFFFFF00
:1020F000FFFFFFFFFFFFFFFFFFFFFFFFFFFFFFFFF0
:10210000FFFFFFFFFFFFFFFFFFFFFFFFFFFFFFFFDF
:10211000FFFFFFFFFFFFFFFFFFFFFFFFFFFFFFFFCF
:10212000FFFFFFFFFFFFFFFFFFFFFFFFFFFFFFFFBF
:10213000FFFFFFFFFFFFFFFFFFFFFFFFFFFFFFFFAF
:10214000FFFFFFFFFFFFFFFFFFFFFFFFFFFFFFFF9F
:10215000FFFFFFFFFFFFFFFFFFFFFFFFFFFFFFFF8F
:10216000FFFFFFFFFFFFFFFFFFFFFFFFFFFFFFFF7F
:10217000FFFFFFFFFFFFFFFFFFFFFFFFFFFFFFFF6F
:10218000FFFFFFFFFFFFFFFFFFFFFFFFFFFFFFFF5F
:10219000FFFFFFFFFFFFFFFFFFFFFFFFFFFFFFFF4F
:1021A000FFFFFFFFFFFFFFFFFFFFFFFFFFFFFFFF3F
:1021B000FFFFFFFFFFFFFFFFFFFFFFFFFFFFFFFF2F
:1021C000FFFFFFFFFFFFFFFFFFFFFFFFFFFFFFFF1F
:1021D000FFFFFFFFFFFFFFFFFFFFFFFFFFFFFFFF0F
:1021E000FFFFFFFFFFFFFFFFFFFFFFFFFFFFFFFFFF
:1021F000FFFFFFFFFFFFFFFFFFFFFFFFFFFFFFFFEF
:10220000FFFFFFFFFFFFFFFFFFFFFFFFFFFFFFFFDE
:10221000FFFFFFFFFFFFFFFFFFFFFFFFFFFFFFFFCE
:10222000FFFFFFFFFFFFFFFFFFFFFFFFFFFFFFFFBE
:10223000FFFFFFFFFFFFFFFFFFFFFFFFFFFFFFFFAE
:10224000FFFFFFFFFFFFFFFFFFFFFFFFFFFFFFFF9E
:10225000FFFFFFFFFFFFFFFFFFFFFFFFFFFFFFFF8E
:10226000FFFFFFFFFFFFFFFFFFFFFFFFFFFFFFFF7E
:10227000FFFFFFFFFFFFFFFFFFFFFFFFFFFFFFFF6E
:10228000FFFFFFFFFFFFFFFFFFFFFFFFFFFFFFFF5E
:10229000FFFFFFFFFFFFFFFFFFFFFFFFFFFFFFFF4E
:1022A000FFFFFFFFFFFFFFFFFFFFFFFFFFFFFFFF3E
:1022B000FFFFFFFFFFFFFFFFFFFFFFFFFFFFFFFF2E
:1022C000FFFFFFFFFFFFFFFFFFFFFFFFFFFFFFFF1E
:1022D000FFFFFFFFFFFFFFFFFFFFFFFFFFFFFFFF0E
:1022E000FFFFFFFFFFFFFFFFFFFFFFFFFFFFFFFFFE
:1022F000FFFFFFFFFFFFFFFFFFFFFFFFFFFFFFFFEE
:10230000FFFFFFFFFFFFFFFFFFFFFFFFFFFFFFFFDD
:10231000FFFFFFFFFFFFFFFFFFFFFFFFFFFFFFFFCD
:10232000FFFFFFFFFFFFFFFFFFFFFFFFFFFFFFFFBD
:10233000FFFFFFFFFFFFFFFFFFFFFFFFFFFFFFFFAD
:10234000FFFFFFFFFFFFFFFFFFFFFFFFFFFFFFFF9D
:10235000FFFFFFFFFFFFFFFFFFFFFFFFFFFFFFFF8D
:10236000FFFFFFFFFFFFFFFFFFFFFFFFFFFFFFFF7D
:10237000FFFFFFFFFFFFFFFFFFFFFFFFFFFFFFFF6D
:10238000FFFFFFFFFFFFFFFFFFFFFFFFFFFFFFFF5D
:10239000FFFFFFFFFFFFFFFFFFFFFFFFFFFFFFFF4D
:1023A000FFFFFFFFFFFFFFFFFFFFFFFFFFFFFFFF3D
:1023B000FFFFFFFFFFFFFFFFFFFFFFFFFFFFFFFF2D
:1023C000FFFFFFFFFFFFFFFFFFFFFFFFFFFFFFFF1D
:1023D000FFFFFFFFFFFFFFFFFFFFFFFFFFFFFFFF0D
:1023E000FFFFFFFFFFFFFFFFFFFFFFFFFFFFFFFFFD
:1023F000FFFFFFFFFFFFFFFFFFFFFFFFFFFFFFFFED
:10240000FFFFFFFFFFFFFFFFFFFFFFFFFFFFFFFFDC
:10241000FFFFFFFFFFFFFFFFFFFFFFFFFFFFFFFFCC
:10242000FFFFFFFFFFFFFFFFFFFFFFFFFFFFFFFFBC
:10243000FFFFFFFFFFFFFFFFFFFFFFFFFFFFFFFFAC
:10244000FFFFFFFFFFFFFFFFFFFFFFFFFFFFFFFF9C
:10245000FFFFFFFFFFFFFFFFFFFFFFFFFFFFFFFF8C
:10246000FFFFFFFFFFFFFFFFFFFFFFFFFFFFFFFF7C
:10247000FFFFFFFFFFFFFFFFFFFFFFFFFFFFFFFF6C
:10248000FFFFFFFFFFFFFFFFFFFFFFFFFFFFFFFF5C
:10249000FFFFFFFFFFFFFFFFFFFFFFFFFFFFFFFF4C
:1024A000FFFFFFFFFFFFFFFFFFFFFFFFFFFFFFFF3C
:1024B000FFFFFFFFFFFFFFFFFFFFFFFFFFFFFFFF2C
:1024C000FFFFFFFFFFFFFFFFFFFFFFFFFFFFFFFF1C
:1024D000FFFFFFFFFFFFFFFFFFFFFFFFFFFFFFFF0C
:1024E000FFFFFFFFFFFFFFFFFFFFFFFFFFFFFFFFFC
:1024F000FFFFFFFFFFFFFFFFFFFFFFFFFFFFFFFFEC
:10250000FFFFFFFFFFFFFFFFFFFFFFFFFFFFFFFFDB
:10251000FFFFFFFFFFFFFFFFFFFFFFFFFFFFFFFFCB
:10252000FFFFFFFFFFFFFFFFFFFFFFFFFFFFFFFFBB
:10253000FFFFFFFFFFFFFFFFFFFFFFFFFFFFFFFFAB
:10254000FFFFFFFFFFFFFFFFFFFFFFFFFFFFFFFF9B
:10255000FFFFFFFFFFFFFFFFFFFFFFFFFFFFFFFF8B
:10256000FFFFFFFFFFFFFFFFFFFFFFFFFFFFFFFF7B
:10257000FFFFFFFFFFFFFFFFFFFFFFFFFFFFFFFF6B
:10258000FFFFFFFFFFFFFFFFFFFFFFFFFFFFFFFF5B
:10259000FFFFFFFFFFFFFFFFFFFFFFFFFFFFFFFF4B
:1025A000FFFFFFFFFFFFFFFFFFFFFFFFFFFFFFFF3B
:1025B000FFFFFFFFFFFFFFFFFFFFFFFFFFFFFFFF2B
:1025C000FFFFFFFFFFFFFFFFFFFFFFFFFFFFFFFF1B
:1025D000FFFFFFFFFFFFFFFFFFFFFFFFFFFFFFFF0B
:1025E000FFFFFFFFFFFFFFFFFFFFFFFFFFFFFFFFFB
:1025F000FFFFFFFFFFFFFFFFFFFFFFFFFFFFFFFFEB
:10260000FFFFFFFFFFFFFFFFFFFFFFFFFFFFFFFFDA
:10261000FFFFFFFFFFFFFFFFFFFFFFFFFFFFFFFFCA
:10262000FFFFFFFFFFFFFFFFFFFFFFFFFFFFFFFFBA
:10263000FFFFFFFFFFFFFFFFFFFFFFFFFFFFFFFFAA
:10264000FFFFFFFFFFFFFFFFFFFFFFFFFFFFFFFF9A
:10265000FFFFFFFFFFFFFFFFFFFFFFFFFFFFFFFF8A
:10266000FFFFFFFFFFFFFFFFFFFFFFFFFFFFFFFF7A
:10267000FFFFFFFFFFFFFFFFFFFFFFFFFFFFFFFF6A
:10268000FFFFFFFFFFFFFFFFFFFFFFFFFFFFFFFF5A
:10269000FFFFFFFFFFFFFFFFFFFFFFFFFFFFFFFF4A
:1026A000FFFFFFFFFFFFFFFFFFFFFFFFFFFFFFFF3A
:1026B000FFFFFFFFFFFFFFFFFFFFFFFFFFFFFFFF2A
:1026C000FFFFFFFFFFFFFFFFFFFFFFFFFFFFFFFF1A
:1026D000FFFFFFFFFFFFFFFFFFFFFFFFFFFFFFFF0A
:1026E000FFFFFFFFFFFFFFFFFFFFFFFFFFFFFFFFFA
:1026F000FFFFFFFFFFFFFFFFFFFFFFFFFFFFFFFFEA
:10270000FFFFFFFFFFFFFFFFFFFFFFFFFFFFFFFFD9
:10271000FFFFFFFFFFFFFFFFFFFFFFFFFFFFFFFFC9
:10272000FFFFFFFFFFFFFFFFFFFFFFFFFFFFFFFFB9
:10273000FFFFFFFFFFFFFFFFFFFFFFFFFFFFFFFFA9
:10274000FFFFFFFFFFFFFFFFFFFFFFFFFFFFFFFF99
:10275000FFFFFFFFFFFFFFFFFFFFFFFFFFFFFFFF89
:10276000FFFFFFFFFFFFFFFFFFFFFFFFFFFFFFFF79
:10277000FFFFFFFFFFFFFFFFFFFFFFFFFFFFFFFF69
:10278000FFFFFFFFFFFFFFFFFFFFFFFFFFFFFFFF59
:10279000FFFFFFFFFFFFFFFFFFFFFFFFFFFFFFFF49
:1027A000FFFFFFFFFFFFFFFFFFFFFFFFFFFFFFFF39
:1027B000FFFFFFFFFFFFFFFFFFFFFFFFFFFFFFFF29
:1027C000FFFFFFFFFFFFFFFFFFFFFFFFFFFFFFFF19
:1027D000FFFFFFFFFFFFFFFFFFFFFFFFFFFFFFFF09
:1027E000FFFFFFFFFFFFFFFFFFFFFFFFFFFFFFFFF9
:1027F000FFFFFFFFFFFFFFFFFFFFFFFFFFFFFFFFE9
:10280000FFFFFFFFFFFFFFFFFFFFFFFFFFFFFFFFD8
:10281000FFFFFFFFFFFFFFFFFFFFFFFFFFFFFFFFC8
:10282000FFFFFFFFFFFFFFFFFFFFFFFFFFFFFFFFB8
:10283000FFFFFFFFFFFFFFFFFFFFFFFFFFFFFFFFA8
:10284000FFFFFFFFFFFFFFFFFFFFFFFFFFFFFFFF98
:10285000FFFFFFFFFFFFFFFFFFFFFFFFFFFFFFFF88
:10286000FFFFFFFFFFFFFFFFFFFFFFFFFFFFFFFF78
:10287000FFFFFFFFFFFFFFFFFFFFFFFFFFFFFFFF68
:10288000FFFFFFFFFFFFFFFFFFFFFFFFFFFFFFFF58
:10289000FFFFFFFFFFFFFFFFFFFFFFFFFFFFFFFF48
:1028A000FFFFFFFFFFFFFFFFFFFFFFFFFFFFFFFF38
:1028B000FFFFFFFFFFFFFFFFFFFFFFFFFFFFFFFF28
:1028C000FFFFFFFFFFFFFFFFFFFFFFFFFFFFFFFF18
:1028D000FFFFFFFFFFFFFFFFFFFFFFFFFFFFFFFF08
:1028E000FFFFFFFFFFFFFFFFFFFFFFFFFFFFFFFFF8
:1028F000FFFFFFFFFFFFFFFFFFFFFFFFFFFFFFFFE8
:10290000FFFFFFFFFFFFFFFFFFFFFFFFFFFFFFFFD7
:10291000FFFFFFFFFFFFFFFFFFFFFFFFFFFFFFFFC7
:10292000FFFFFFFFFFFFFFFFFFFFFFFFFFFFFFFFB7
:10293000FFFFFFFFFFFFFFFFFFFFFFFFFFFFFFFFA7
:10294000FFFFFFFFFFFFFFFFFFFFFFFFFFFFFFFF97
:10295000FFFFFFFFFFFFFFFFFFFFFFFFFFFFFFFF87
:10296000FFFFFFFFFFFFFFFFFFFFFFFFFFFFFFFF77
:10297000FFFFFFFFFFFFFFFFFFFFFFFFFFFFFFFF67
:10298000FFFFFFFFFFFFFFFFFFFFFFFFFFFFFFFF57
:10299000FFFFFFFFFFFFFFFFFFFFFFFFFFFFFFFF47
:1029A000FFFFFFFFFFFFFFFFFFFFFFFFFFFFFFFF37
:1029B000FFFFFFFFFFFFFFFFFFFFFFFFFFFFFFFF27
:1029C000FFFFFFFFFFFFFFFFFFFFFFFFFFFFFFFF17
:1029D000FFFFFFFFFFFFFFFFFFFFFFFFFFFFFFFF07
:1029E000FFFFFFFFFFFFFFFFFFFFFFFFFFFFFFFFF7
:1029F000FFFFFFFFFFFFFFFFFFFFFFFFFFFFFFFFE7
:102A0000FFFFFFFFFFFFFFFFFFFFFFFFFFFFFFFFD6
:102A1000FFFFFFFFFFFFFFFFFFFFFFFFFFFFFFFFC6
:102A2000FFFFFFFFFFFFFFFFFFFFFFFFFFFFFFFFB6
:102A3000FFFFFFFFFFFFFFFFFFFFFFFFFFFFFFFFA6
:102A4000FFFFFFFFFFFFFFFFFFFFFFFFFFFFFFFF96
:102A5000FFFFFFFFFFFFFFFFFFFFFFFFFFFFFFFF86
:102A6000FFFFFFFFFFFFFFFFFFFFFFFFFFFFFFFF76
:102A7000FFFFFFFFFFFFFFFFFFFFFFFFFFFFFFFF66
:102A8000FFFFFFFFFFFFFFFFFFFFFFFFFFFFFFFF56
:102A9000FFFFFFFFFFFFFFFFFFFFFFFFFFFFFFFF46
:102AA000FFFFFFFFFFFFFFFFFFFFFFFFFFFFFFFF36
:102AB000FFFFFFFFFFFFFFFFFFFFFFFFFFFFFFFF26
:102AC000FFFFFFFFFFFFFFFFFFFFFFFFFFFFFFFF16
:102AD000FFFFFFFFFFFFFFFFFFFFFFFFFFFFFFFF06
:102AE000FFFFFFFFFFFFFFFFFFFFFFFFFFFFFFFFF6
:102AF000FFFFFFFFFFFFFFFFFFFFFFFFFFFFFFFFE6
:102B0000FFFFFFFFFFFFFFFFFFFFFFFFFFFFFFFFD5
:102B1000FFFFFFFFFFFFFFFFFFFFFFFFFFFFFFFFC5
:102B2000FFFFFFFFFFFFFFFFFFFFFFFFFFFFFFFFB5
:102B3000FFFFFFFFFFFFFFFFFFFFFFFFFFFFFFFFA5
:102B4000FFFFFFFFFFFFFFFFFFFFFFFFFFFFFFFF95
:102B5000FFFFFFFFFFFFFFFFFFFFFFFFFFFFFFFF85
:102B6000FFFFFFFFFFFFFFFFFFFFFFFFFFFFFFFF75
:102B7000FFFFFFFFFFFFFFFFFFFFFFFFFFFFFFFF65
:102B8000FFFFFFFFFFFFFFFFFFFFFFFFFFFFFFFF55
:102B9000FFFFFFFFFFFFFFFFFFFFFFFFFFFFFFFF45
:102BA000FFFFFFFFFFFFFFFFFFFFFFFFFFFFFFFF35
:102BB000FFFFFFFFFFFFFFFFFFFFFFFFFFFFFFFF25
:102BC000FFFFFFFFFFFFFFFFFFFFFFFFFFFFFFFF15
:102BD000FFFFFFFFFFFFFFFFFFFFFFFFFFFFFFFF05
:102BE000FFFFFFFFFFFFFFFFFFFFFFFFFFFFFFFFF5
:102BF000FFFFFFFFFFFFFFFFFFFFFFFFFFFFFFFFE5
:102C0000FFFFFFFFFFFFFFFFFFFFFFFFFFFFFFFFD4
:102C1000FFFFFFFFFFFFFFFFFFFFFFFFFFFFFFFFC4
:102C2000FFFFFFFFFFFFFFFFFFFFFFFFFFFFFFFFB4
:102C3000FFFFFFFFFFFFFFFFFFFFFFFFFFFFFFFFA4
:102C4000FFFFFFFFFFFFFFFFFFFFFFFFFFFFFFFF94
:102C5000FFFFFFFFFFFFFFFFFFFFFFFFFFFFFFFF84
:102C6000FFFFFFFFFFFFFFFFFFFFFFFFFFFFFFFF74
:102C7000FFFFFFFFFFFFFFFFFFFFFFFFFFFFFFFF64
:102C8000FFFFFFFFFFFFFFFFFFFFFFFFFFFFFFFF54
:102C9000FFFFFFFFFFFFFFFFFFFFFFFFFFFFFFFF44
:102CA000FFFFFFFFFFFFFFFFFFFFFFFFFFFFFFFF34
:102CB000FFFFFFFFFFFFFFFFFFFFFFFFFFFFFFFF24
:102CC000FFFFFFFFFFFFFFFFFFFFFFFFFFFFFFFF14
:102CD000FFFFFFFFFFFFFFFFFFFFFFFFFFFFFFFF04
:102CE000FFFFFFFFFFFFFFFFFFFFFFFFFFFFFFFFF4
:102CF000FFFFFFFFFFFFFFFFFFFFFFFFFFFFFFFFE4
:102D0000FFFFFFFFFFFFFFFFFFFFFFFFFFFFFFFFD3
:102D1000FFFFFFFFFFFFFFFFFFFFFFFFFFFFFFFFC3
:102D2000FFFFFFFFFFFFFFFFFFFFFFFFFFFFFFFFB3
:102D3000FFFFFFFFFFFFFFFFFFFFFFFFFFFFFFFFA3
:102D4000FFFFFFFFFFFFFFFFFFFFFFFFFFFFFFFF93
:102D5000FFFFFFFFFFFFFFFFFFFFFFFFFFFFFFFF83
:102D6000FFFFFFFFFFFFFFFFFFFFFFFFFFFFFFFF73
:102D7000FFFFFFFFFFFFFFFFFFFFFFFFFFFFFFFF63
:102D8000FFFFFFFFFFFFFFFFFFFFFFFFFFFFFFFF53
:102D9000FFFFFFFFFFFFFFFFFFFFFFFFFFFFFFFF43
:102DA000FFFFFFFFFFFFFFFFFFFFFFFFFFFFFFFF33
:102DB000FFFFFFFFFFFFFFFFFFFFFFFFFFFFFFFF23
:102DC000FFFFFFFFFFFFFFFFFFFFFFFFFFFFFFFF13
:102DD000FFFFFFFFFFFFFFFFFFFFFFFFFFFFFFFF03
:102DE000FFFFFFFFFFFFFFFFFFFFFFFFFFFFFFFFF3
:102DF000FFFFFFFFFFFFFFFFFFFFFFFFFFFFFFFFE3
:102E0000FFFFFFFFFFFFFFFFFFFFFFFFFFFFFFFFD2
:102E1000FFFFFFFFFFFFFFFFFFFFFFFFFFFFFFFFC2
:102E2000FFFFFFFFFFFFFFFFFFFFFFFFFFFFFFFFB2
:102E3000FFFFFFFFFFFFFFFFFFFFFFFFFFFFFFFFA2
:102E4000FFFFFFFFFFFFFFFFFFFFFFFFFFFFFFFF92
:102E5000FFFFFFFFFFFFFFFFFFFFFFFFFFFFFFFF82
:102E6000FFFFFFFFFFFFFFFFFFFFFFFFFFFFFFFF72
:102E7000FFFFFFFFFFFFFFFFFFFFFFFFFFFFFFFF62
:102E8000FFFFFFFFFFFFFFFFFFFFFFFFFFFFFFFF52
:102E9000FFFFFFFFFFFFFFFFFFFFFFFFFFFFFFFF42
:102EA000FFFFFFFFFFFFFFFFFFFFFFFFFFFFFFFF32
:102EB000FFFFFFFFFFFFFFFFFFFFFFFFFFFFFFFF22
:102EC000FFFFFFFFFFFFFFFFFFFFFFFFFFFFFFFF12
:102ED000FFFFFFFFFFFFFFFFFFFFFFFFFFFFFFFF02
:102EE000FFFFFFFFFFFFFFFFFFFFFFFFFFFFFFFFF2
:102EF000FFFFFFFFFFFFFFFFFFFFFFFFFFFFFFFFE2
:102F0000FFFFFFFFFFFFFFFFFFFFFFFFFFFFFFFFD1
:102F1000FFFFFFFFFFFFFFFFFFFFFFFFFFFFFFFFC1
:102F2000FFFFFFFFFFFFFFFFFFFFFFFFFFFFFFFFB1
:102F3000FFFFFFFFFFFFFFFFFFFFFFFFFFFFFFFFA1
:102F4000FFFFFFFFFFFFFFFFFFFFFFFFFFFFFFFF91
:102F5000FFFFFFFFFFFFFFFFFFFFFFFFFFFFFFFF81
:102F6000FFFFFFFFFFFFFFFFFFFFFFFFFFFFFFFF71
:102F7000FFFFFFFFFFFFFFFFFFFFFFFFFFFFFFFF61
:102F8000FFFFFFFFFFFFFFFFFFFFFFFFFFFFFFFF51
:102F9000FFFFFFFFFFFFFFFFFFFFFFFFFFFFFFFF41
:102FA000FFFFFFFFFFFFFFFFFFFFFFFFFFFFFFFF31
:102FB000FFFFFFFFFFFFFFFFFFFFFFFFFFFFFFFF21
:102FC000FFFFFFFFFFFFFFFFFFFFFFFFFFFFFFFF11
:102FD000FFFFFFFFFFFFFFFFFFFFFFFFFFFFFFFF01
:102FE000FFFFFFFFFFFFFFFFFFFFFFFFFFFFFFFFF1
:102FF000FFFFFFFFFFFFFFFFFFFFFFFFFFFFFFFFE1
:10300000FFFFFFFFFFFFFFFFFFFFFFFFFFFFFFFFD0
:10301000FFFFFFFFFFFFFFFFFFFFFFFFFFFFFFFFC0
:10302000FFFFFFFFFFFFFFFFFFFFFFFFFFFFFFFFB0
:10303000FFFFFFFFFFFFFFFFFFFFFFFFFFFFFFFFA0
:10304000FFFFFFFFFFFFFFFFFFFFFFFFFFFFFFFF90
:10305000FFFFFFFFFFFFFFFFFFFFFFFFFFFFFFFF80
:10306000FFFFFFFFFFFFFFFFFFFFFFFFFFFFFFFF70
:10307000FFFFFFFFFFFFFFFFFFFFFFFFFFFFFFFF60
:10308000FFFFFFFFFFFFFFFFFFFFFFFFFFFFFFFF50
:10309000FFFFFFFFFFFFFFFFFFFFFFFFFFFFFFFF40
:1030A000FFFFFFFFFFFFFFFFFFFFFFFFFFFFFFFF30
:1030B000FFFFFFFFFFFFFFFFFFFFFFFFFFFFFFFF20
:1030C000FFFFFFFFFFFFFFFFFFFFFFFFFFFFFFFF10
:1030D000FFFFFFFFFFFFFFFFFFFFFFFFFFFFFFFF00
:1030E000FFFFFFFFFFFFFFFFFFFFFFFFFFFFFFFFF0
:1030F000FFFFFFFFFFFFFFFFFFFFFFFFFFFFFFFFE0
:10310000FFFFFFFFFFFFFFFFFFFFFFFFFFFFFFFFCF
:10311000FFFFFFFFFFFFFFFFFFFFFFFFFFFFFFFFBF
:10312000FFFFFFFFFFFFFFFFFFFFFFFFFFFFFFFFAF
:10313000FFFFFFFFFFFFFFFFFFFFFFFFFFFFFFFF9F
:10314000FFFFFFFFFFFFFFFFFFFFFFFFFFFFFFFF8F
:10315000FFFFFFFFFFFFFFFFFFFFFFFFFFFFFFFF7F
:10316000FFFFFFFFFFFFFFFFFFFFFFFFFFFFFFFF6F
:10317000FFFFFFFFFFFFFFFFFFFFFFFFFFFFFFFF5F
:10318000FFFFFFFFFFFFFFFFFFFFFFFFFFFFFFFF4F
:10319000FFFFFFFFFFFFFFFFFFFFFFFFFFFFFFFF3F
:1031A000FFFFFFFFFFFFFFFFFFFFFFFFFFFFFFFF2F
:1031B000FFFFFFFFFFFFFFFFFFFFFFFFFFFFFFFF1F
:1031C000FFFFFFFFFFFFFFFFFFFFFFFFFFFFFFFF0F
:1031D000FFFFFFFFFFFFFFFFFFFFFFFFFFFFFFFFFF
:1031E000FFFFFFFFFFFFFFFFFFFFFFFFFFFFFFFFEF
:1031F000FFFFFFFFFFFFFFFFFFFFFFFFFFFFFFFFDF
:10320000FFFFFFFFFFFFFFFFFFFFFFFFFFFFFFFFCE
:10321000FFFFFFFFFFFFFFFFFFFFFFFFFFFFFFFFBE
:10322000FFFFFFFFFFFFFFFFFFFFFFFFFFFFFFFFAE
:10323000FFFFFFFFFFFFFFFFFFFFFFFFFFFFFFFF9E
:10324000FFFFFFFFFFFFFFFFFFFFFFFFFFFFFFFF8E
:10325000FFFFFFFFFFFFFFFFFFFFFFFFFFFFFFFF7E
:10326000FFFFFFFFFFFFFFFFFFFFFFFFFFFFFFFF6E
:10327000FFFFFFFFFFFFFFFFFFFFFFFFFFFFFFFF5E
:10328000FFFFFFFFFFFFFFFFFFFFFFFFFFFFFFFF4E
:10329000FFFFFFFFFFFFFFFFFFFFFFFFFFFFFFFF3E
:1032A000FFFFFFFFFFFFFFFFFFFFFFFFFFFFFFFF2E
:1032B000FFFFFFFFFFFFFFFFFFFFFFFFFFFFFFFF1E
:1032C000FFFFFFFFFFFFFFFFFFFFFFFFFFFFFFFF0E
:1032D000FFFFFFFFFFFFFFFFFFFFFFFFFFFFFFFFFE
:1032E000FFFFFFFFFFFFFFFFFFFFFFFFFFFFFFFFEE
:1032F000FFFFFFFFFFFFFFFFFFFFFFFFFFFFFFFFDE
:10330000FFFFFFFFFFFFFFFFFFFFFFFFFFFFFFFFCD
:10331000FFFFFFFFFFFFFFFFFFFFFFFFFFFFFFFFBD
:10332000FFFFFFFFFFFFFFFFFFFFFFFFFFFFFFFFAD
:10333000FFFFFFFFFFFFFFFFFFFFFFFFFFFFFFFF9D
:10334000FFFFFFFFFFFFFFFFFFFFFFFFFFFFFFFF8D
:10335000FFFFFFFFFFFFFFFFFFFFFFFFFFFFFFFF7D
:10336000FFFFFFFFFFFFFFFFFFFFFFFFFFFFFFFF6D
:10337000FFFFFFFFFFFFFFFFFFFFFFFFFFFFFFFF5D
:10338000FFFFFFFFFFFFFFFFFFFFFFFFFFFFFFFF4D
:10339000FFFFFFFFFFFFFFFFFFFFFFFFFFFFFFFF3D
:1033A000FFFFFFFFFFFFFFFFFFFFFFFFFFFFFFFF2D
:1033B000FFFFFFFFFFFFFFFFFFFFFFFFFFFFFFFF1D
:1033C000FFFFFFFFFFFFFFFFFFFFFFFFFFFFFFFF0D
:1033D000FFFFFFFFFFFFFFFFFFFFFFFFFFFFFFFFFD
:1033E000FFFFFFFFFFFFFFFFFFFFFFFFFFFFFFFFED
:1033F000FFFFFFFFFFFFFFFFFFFFFFFFFFFFFFFFDD
:10340000FFFFFFFFFFFFFFFFFFFFFFFFFFFFFFFFCC
:10341000FFFFFFFFFFFFFFFFFFFFFFFFFFFFFFFFBC
:10342000FFFFFFFFFFFFFFFFFFFFFFFFFFFFFFFFAC
:10343000FFFFFFFFFFFFFFFFFFFFFFFFFFFFFFFF9C
:10344000FFFFFFFFFFFFFFFFFFFFFFFFFFFFFFFF8C
:10345000FFFFFFFFFFFFFFFFFFFFFFFFFFFFFFFF7C
:10346000FFFFFFFFFFFFFFFFFFFFFFFFFFFFFFFF6C
:10347000FFFFFFFFFFFFFFFFFFFFFFFFFFFFFFFF5C
:10348000FFFFFFFFFFFFFFFFFFFFFFFFFFFFFFFF4C
:10349000FFFFFFFFFFFFFFFFFFFFFFFFFFFFFFFF3C
:1034A000FFFFFFFFFFFFFFFFFFFFFFFFFFFFFFFF2C
:1034B000FFFFFFFFFFFFFFFFFFFFFFFFFFFFFFFF1C
:1034C000FFFFFFFFFFFFFFFFFFFFFFFFFFFFFFFF0C
:1034D000FFFFFFFFFFFFFFFFFFFFFFFFFFFFFFFFFC
:1034E000FFFFFFFFFFFFFFFFFFFFFFFFFFFFFFFFEC
:1034F000FFFFFFFFFFFFFFFFFFFFFFFFFFFFFFFFDC
:10350000FFFFFFFFFFFFFFFFFFFFFFFFFFFFFFFFCB
:10351000FFFFFFFFFFFFFFFFFFFFFFFFFFFFFFFFBB
:10352000FFFFFFFFFFFFFFFFFFFFFFFFFFFFFFFFAB
:10353000FFFFFFFFFFFFFFFFFFFFFFFFFFFFFFFF9B
:10354000FFFFFFFFFFFFFFFFFFFFFFFFFFFFFFFF8B
:10355000FFFFFFFFFFFFFFFFFFFFFFFFFFFFFFFF7B
:10356000FFFFFFFFFFFFFFFFFFFFFFFFFFFFFFFF6B
:10357000FFFFFFFFFFFFFFFFFFFFFFFFFFFFFFFF5B
:10358000FFFFFFFFFFFFFFFFFFFFFFFFFFFFFFFF4B
:10359000FFFFFFFFFFFFFFFFFFFFFFFFFFFFFFFF3B
:1035A000FFFFFFFFFFFFFFFFFFFFFFFFFFFFFFFF2B
:1035B000FFFFFFFFFFFFFFFFFFFFFFFFFFFFFFFF1B
:1035C000FFFFFFFFFFFFFFFFFFFFFFFFFFFFFFFF0B
:1035D000FFFFFFFFFFFFFFFFFFFFFFFFFFFFFFFFFB
:1035E000FFFFFFFFFFFFFFFFFFFFFFFFFFFFFFFFEB
:1035F000FFFFFFFFFFFFFFFFFFFFFFFFFFFFFFFFDB
:10360000FFFFFFFFFFFFFFFFFFFFFFFFFFFFFFFFCA
:10361000FFFFFFFFFFFFFFFFFFFFFFFFFFFFFFFFBA
:10362000FFFFFFFFFFFFFFFFFFFFFFFFFFFFFFFFAA
:10363000FFFFFFFFFFFFFFFFFFFFFFFFFFFFFFFF9A
:10364000FFFFFFFFFFFFFFFFFFFFFFFFFFFFFFFF8A
:10365000FFFFFFFFFFFFFFFFFFFFFFFFFFFFFFFF7A
:10366000FFFFFFFFFFFFFFFFFFFFFFFFFFFFFFFF6A
:10367000FFFFFFFFFFFFFFFFFFFFFFFFFFFFFFFF5A
:10368000FFFFFFFFFFFFFFFFFFFFFFFFFFFFFFFF4A
:10369000FFFFFFFFFFFFFFFFFFFFFFFFFFFFFFFF3A
:1036A000FFFFFFFFFFFFFFFFFFFFFFFFFFFFFFFF2A
:1036B000FFFFFFFFFFFFFFFFFFFFFFFFFFFFFFFF1A
:1036C000FFFFFFFFFFFFFFFFFFFFFFFFFFFFFFFF0A
:1036D000FFFFFFFFFFFFFFFFFFFFFFFFFFFFFFFFFA
:1036E000FFFFFFFFFFFFFFFFFFFFFFFFFFFFFFFFEA
:1036F000FFFFFFFFFFFFFFFFFFFFFFFFFFFFFFFFDA
:10370000FFFFFFFFFFFFFFFFFFFFFFFFFFFFFFFFC9
:10371000FFFFFFFFFFFFFFFFFFFFFFFFFFFFFFFFB9
:10372000FFFFFFFFFFFFFFFFFFFFFFFFFFFFFFFFA9
:10373000FFFFFFFFFFFFFFFFFFFFFFFFFFFFFFFF99
:10374000FFFFFFFFFFFFFFFFFFFFFFFFFFFFFFFF89
:10375000FFFFFFFFFFFFFFFFFFFFFFFFFFFFFFFF79
:10376000FFFFFFFFFFFFFFFFFFFFFFFFFFFFFFFF69
:10377000FFFFFFFFFFFFFFFFFFFFFFFFFFFFFFFF59
:10378000FFFFFFFFFFFFFFFFFFFFFFFFFFFFFFFF49
:10379000FFFFFFFFFFFFFFFFFFFFFFFFFFFFFFFF39
:1037A000FFFFFFFFFFFFFFFFFFFFFFFFFFFFFFFF29
:1037B000FFFFFFFFFFFFFFFFFFFFFFFFFFFFFFFF19
:1037C000FFFFFFFFFFFFFFFFFFFFFFFFFFFFFFFF09
:1037D000FFFFFFFFFFFFFFFFFFFFFFFFFFFFFFFFF9
:1037E000FFFFFFFFFFFFFFFFFFFFFFFFFFFFFFFFE9
:1037F000FFFFFFFFFFFFFFFFFFFFFFFFFFFFFFFFD9
:10380000FFFFFFFFFFFFFFFFFFFFFFFFFFFFFFFFC8
:10381000FFFFFFFFFFFFFFFFFFFFFFFFFFFFFFFFB8
:10382000FFFFFFFFFFFFFFFFFFFFFFFFFFFFFFFFA8
:10383000FFFFFFFFFFFFFFFFFFFFFFFFFFFFFFFF98
:10384000FFFFFFFFFFFFFFFFFFFFFFFFFFFFFFFF88
:10385000FFFFFFFFFFFFFFFFFFFFFFFFFFFFFFFF78
:10386000FFFFFFFFFFFFFFFFFFFFFFFFFFFFFFFF68
:10387000FFFFFFFFFFFFFFFFFFFFFFFFFFFFFFFF58
:10388000FFFFFFFFFFFFFFFFFFFFFFFFFFFFFFFF48
:10389000FFFFFFFFFFFFFFFFFFFFFFFFFFFFFFFF38
:1038A000FFFFFFFFFFFFFFFFFFFFFFFFFFFFFFFF28
:1038B000FFFFFFFFFFFFFFFFFFFFFFFFFFFFFFFF18
:1038C000FFFFFFFFFFFFFFFFFFFFFFFFFFFFFFFF08
:1038D000FFFFFFFFFFFFFFFFFFFFFFFFFFFFFFFFF8
:1038E000FFFFFFFFFFFFFFFFFFFFFFFFFFFFFFFFE8
:1038F000FFFFFFFFFFFFFFFFFFFFFFFFFFFFFFFFD8
:10390000FFFFFFFFFFFFFFFFFFFFFFFFFFFFFFFFC7
:10391000FFFFFFFFFFFFFFFFFFFFFFFFFFFFFFFFB7
:10392000FFFFFFFFFFFFFFFFFFFFFFFFFFFFFFFFA7
:10393000FFFFFFFFFFFFFFFFFFFFFFFFFFFFFFFF97
:10394000FFFFFFFFFFFFFFFFFFFFFFFFFFFFFFFF87
:10395000FFFFFFFFFFFFFFFFFFFFFFFFFFFFFFFF77
:10396000FFFFFFFFFFFFFFFFFFFFFFFFFFFFFFFF67
:10397000FFFFFFFFFFFFFFFFFFFFFFFFFFFFFFFF57
:10398000FFFFFFFFFFFFFFFFFFFFFFFFFFFFFFFF47
:10399000FFFFFFFFFFFFFFFFFFFFFFFFFFFFFFFF37
:1039A000FFFFFFFFFFFFFFFFFFFFFFFFFFFFFFFF27
:1039B000FFFFFFFFFFFFFFFFFFFFFFFFFFFFFFFF17
:1039C000FFFFFFFFFFFFFFFFFFFFFFFFFFFFFFFF07
:1039D000FFFFFFFFFFFFFFFFFFFFFFFFFFFFFFFFF7
:1039E000FFFFFFFFFFFFFFFFFFFFFFFFFFFFFFFFE7
:1039F000FFFFFFFFFFFFFFFFFFFFFFFFFFFFFFFFD7
:103A0000FFFFFFFFFFFFFFFFFFFFFFFFFFFFFFFFC6
:103A1000FFFFFFFFFFFFFFFFFFFFFFFFFFFFFFFFB6
:103A2000FFFFFFFFFFFFFFFFFFFFFFFFFFFFFFFFA6
:103A3000FFFFFFFFFFFFFFFFFFFFFFFFFFFFFFFF96
:103A4000FFFFFFFFFFFFFFFFFFFFFFFFFFFFFFFF86
:103A5000FFFFFFFFFFFFFFFFFFFFFFFFFFFFFFFF76
:103A6000FFFFFFFFFFFFFFFFFFFFFFFFFFFFFFFF66
:103A7000FFFFFFFFFFFFFFFFFFFFFFFFFFFFFFFF56
:103A8000FFFFFFFFFFFFFFFFFFFFFFFFFFFFFFFF46
:103A9000FFFFFFFFFFFFFFFFFFFFFFFFFFFFFFFF36
:103AA000FFFFFFFFFFFFFFFFFFFFFFFFFFFFFFFF26
:103AB000FFFFFFFFFFFFFFFFFFFFFFFFFFFFFFFF16
:103AC000FFFFFFFFFFFFFFFFFFFFFFFFFFFFFFFF06
:103AD000FFFFFFFFFFFFFFFFFFFFFFFFFFFFFFFFF6
:103AE000FFFFFFFFFFFFFFFFFFFFFFFFFFFFFFFFE6
:103AF000FFFFFFFFFFFFFFFFFFFFFFFFFFFFFFFFD6
:103B0000FFFFFFFFFFFFFFFFFFFFFFFFFFFFFFFFC5
:103B1000FFFFFFFFFFFFFFFFFFFFFFFFFFFFFFFFB5
:103B2000FFFFFFFFFFFFFFFFFFFFFFFFFFFFFFFFA5
:103B3000FFFFFFFFFFFFFFFFFFFFFFFFFFFFFFFF95
:103B4000FFFFFFFFFFFFFFFFFFFFFFFFFFFFFFFF85
:103B5000FFFFFFFFFFFFFFFFFFFFFFFFFFFFFFFF75
:103B6000FFFFFFFFFFFFFFFFFFFFFFFFFFFFFFFF65
:103B7000FFFFFFFFFFFFFFFFFFFFFFFFFFFFFFFF55
:103B8000FFFFFFFFFFFFFFFFFFFFFFFFFFFFFFFF45
:103B9000FFFFFFFFFFFFFFFFFFFFFFFFFFFFFFFF35
:103BA000FFFFFFFFFFFFFFFFFFFFFFFFFFFFFFFF25
:103BB000FFFFFFFFFFFFFFFFFFFFFFFFFFFFFFFF15
:103BC000FFFFFFFFFFFFFFFFFFFFFFFFFFFFFFFF05
:103BD000FFFFFFFFFFFFFFFFFFFFFFFFFFFFFFFFF5
:103BE000FFFFFFFFFFFFFFFFFFFFFFFFFFFFFFFFE5
:103BF000FFFFFFFFFFFFFFFFFFFFFFFFFFFFFFFFD5
:103C0000FFFFFFFFFFFFFFFFFFFFFFFFFFFFFFFFC4
:103C1000FFFFFFFFFFFFFFFFFFFFFFFFFFFFFFFFB4
:103C2000FFFFFFFFFFFFFFFFFFFFFFFFFFFFFFFFA4
:103C3000FFFFFFFFFFFFFFFFFFFFFFFFFFFFFFFF94
:103C4000FFFFFFFFFFFFFFFFFFFFFFFFFFFFFFFF84
:103C5000FFFFFFFFFFFFFFFFFFFFFFFFFFFFFFFF74
:103C6000FFFFFFFFFFFFFFFFFFFFFFFFFFFFFFFF64
:103C7000FFFFFFFFFFFFFFFFFFFFFFFFFFFFFFFF54
:103C8000FFFFFFFFFFFFFFFFFFFFFFFFFFFFFFFF44
:103C9000FFFFFFFFFFFFFFFFFFFFFFFFFFFFFFFF34
:103CA000FFFFFFFFFFFFFFFFFFFFFFFFFFFFFFFF24
:103CB000FFFFFFFFFFFFFFFFFFFFFFFFFFFFFFFF14
:103CC000FFFFFFFFFFFFFFFFFFFFFFFFFFFFFFFF04
:103CD000FFFFFFFFFFFFFFFFFFFFFFFFFFFFFFFFF4
:103CE000FFFFFFFFFFFFFFFFFFFFFFFFFFFFFFFFE4
:103CF000FFFFFFFFFFFFFFFFFFFFFFFFFFFFFFFFD4
:103D0000FFFFFFFFFFFFFFFFFFFFFFFFFFFFFFFFC3
:103D1000FFFFFFFFFFFFFFFFFFFFFFFFFFFFFFFFB3
:103D2000FFFFFFFFFFFFFFFFFFFFFFFFFFFFFFFFA3
:103D3000FFFFFFFFFFFFFFFFFFFFFFFFFFFFFFFF93
:103D4000FFFFFFFFFFFFFFFFFFFFFFFFFFFFFFFF83
:103D5000FFFFFFFFFFFFFFFFFFFFFFFFFFFFFFFF73
:103D6000FFFFFFFFFFFFFFFFFFFFFFFFFFFFFFFF63
:103D7000FFFFFFFFFFFFFFFFFFFFFFFFFFFFFFFF53
:103D8000FFFFFFFFFFFFFFFFFFFFFFFFFFFFFFFF43
:103D9000FFFFFFFFFFFFFFFFFFFFFFFFFFFFFFFF33
:103DA000FFFFFFFFFFFFFFFFFFFFFFFFFFFFFFFF23
:103DB000FFFFFFFFFFFFFFFFFFFFFFFFFFFFFFFF13
:103DC000FFFFFFFFFFFFFFFFFFFFFFFFFFFFFFFF03
:103DD000FFFFFFFFFFFFFFFFFFFFFFFFFFFFFFFFF3
:103DE000FFFFFFFFFFFFFFFFFFFFFFFFFFFFFFFFE3
:103DF000FFFFFFFFFFFFFFFFFFFFFFFFFFFFFFFFD3
:103E0000FFFFFFFFFFFFFFFFFFFFFFFFFFFFFFFFC2
:103E1000FFFFFFFFFFFFFFFFFFFFFFFFFFFFFFFFB2
:103E2000FFFFFFFFFFFFFFFFFFFFFFFFFFFFFFFFA2
:103E3000FFFFFFFFFFFFFFFFFFFFFFFFFFFFFFFF92
:103E4000FFFFFFFFFFFFFFFFFFFFFFFFFFFFFFFF82
:103E5000FFFFFFFFFFFFFFFFFFFFFFFFFFFFFFFF72
:103E6000FFFFFFFFFFFFFFFFFFFFFFFFFFFFFFFF62
:103E7000FFFFFFFFFFFFFFFFFFFFFFFFFFFFFFFF52
:103E8000FFFFFFFFFFFFFFFFFFFFFFFFFFFFFFFF42
:103E9000FFFFFFFFFFFFFFFFFFFFFFFFFFFFFFFF32
:103EA000FFFFFFFFFFFFFFFFFFFFFFFFFFFFFFFF22
:103EB000FFFFFFFFFFFFFFFFFFFFFFFFFFFFFFFF12
:103EC000FFFFFFFFFFFFFFFFFFFFFFFFFFFFFFFF02
:103ED000FFFFFFFFFFFFFFFFFFFFFFFFFFFFFFFFF2
:103EE000FFFFFFFFFFFFFFFFFFFFFFFFFFFFFFFFE2
:103EF000FFFFFFFFFFFFFFFFFFFFFFFFFFFFFFFFD2
:103F0000FFFFFFFFFFFFFFFFFFFFFFFFFFFFFFFFC1
:103F1000FFFFFFFFFFFFFFFFFFFFFFFFFFFFFFFFB1
:103F2000FFFFFFFFFFFFFFFFFFFFFFFFFFFFFFFFA1
:103F3000FFFFFFFFFFFFFFFFFFFFFFFFFFFFFFFF91
:103F4000FFFFFFFFFFFFFFFFFFFFFFFFFFFFFFFF81
:103F5000FFFFFFFFFFFFFFFFFFFFFFFFFFFFFFFF71
:103F6000FFFFFFFFFFFFFFFFFFFFFFFFFFFFFFFF61
:103F7000FFFFFFFFFFFFFFFFFFFFFFFFFFFFFFFF51
:103F8000FFFFFFFFFFFFFFFFFFFFFFFFFFFFFFFF41
:103F9000FFFFFFFFFFFFFFFFFFFFFFFFFFFFFFFF31
:103FA000FFFFFFFFFFFFFFFFFFFFFFFFFFFFFFFF21
:103FB000FFFFFFFFFFFFFFFFFFFFFFFFFFFFFFFF11
:103FC000FFFFFFFFFFFFFFFFFFFFFFFFFFFFFFFF01
:103FD000FFFFFFFFFFFFFFFFFFFFFFFFFFFFFFFFF1
:103FE000FFFFFFFFFFFFFFFFFFFFFFFFFFFFFFFFE1
:103FF000FFFFFFFFFFFFFFFFFFFFFFFFFFFFFFFFD1
:10400000FFFFFFFFFFFFFFFFFFFFFFFFFFFFFFFFC0
:10401000FFFFFFFFFFFFFFFFFFFFFFFFFFFFFFFFB0
:10402000FFFFFFFFFFFFFFFFFFFFFFFFFFFFFFFFA0
:10403000FFFFFFFFFFFFFFFFFFFFFFFFFFFFFFFF90
:10404000FFFFFFFFFFFFFFFFFFFFFFFFFFFFFFFF80
:10405000FFFFFFFFFFFFFFFFFFFFFFFFFFFFFFFF70
:10406000FFFFFFFFFFFFFFFFFFFFFFFFFFFFFFFF60
:10407000FFFFFFFFFFFFFFFFFFFFFFFFFFFFFFFF50
:10408000FFFFFFFFFFFFFFFFFFFFFFFFFFFFFFFF40
:10409000FFFFFFFFFFFFFFFFFFFFFFFFFFFFFFFF30
:1040A000FFFFFFFFFFFFFFFFFFFFFFFFFFFFFFFF20
:1040B000FFFFFFFFFFFFFFFFFFFFFFFFFFFFFFFF10
:1040C000FFFFFFFFFFFFFFFFFFFFFFFFFFFFFFFF00
:1040D000FFFFFFFFFFFFFFFFFFFFFFFFFFFFFFFFF0
:1040E000FFFFFFFFFFFFFFFFFFFFFFFFFFFFFFFFE0
:1040F000FFFFFFFFFFFFFFFFFFFFFFFFFFFFFFFFD0
:10410000FFFFFFFFFFFFFFFFFFFFFFFFFFFFFFFFBF
:10411000FFFFFFFFFFFFFFFFFFFFFFFFFFFFFFFFAF
:10412000FFFFFFFFFFFFFFFFFFFFFFFFFFFFFFFF9F
:10413000FFFFFFFFFFFFFFFFFFFFFFFFFFFFFFFF8F
:10414000FFFFFFFFFFFFFFFFFFFFFFFFFFFFFFFF7F
:10415000FFFFFFFFFFFFFFFFFFFFFFFFFFFFFFFF6F
:10416000FFFFFFFFFFFFFFFFFFFFFFFFFFFFFFFF5F
:10417000FFFFFFFFFFFFFFFFFFFFFFFFFFFFFFFF4F
:10418000FFFFFFFFFFFFFFFFFFFFFFFFFFFFFFFF3F
:10419000FFFFFFFFFFFFFFFFFFFFFFFFFFFFFFFF2F
:1041A000FFFFFFFFFFFFFFFFFFFFFFFFFFFFFFFF1F
:1041B000FFFFFFFFFFFFFFFFFFFFFFFFFFFFFFFF0F
:1041C000FFFFFFFFFFFFFFFFFFFFFFFFFFFFFFFFFF
:1041D000FFFFFFFFFFFFFFFFFFFFFFFFFFFFFFFFEF
:1041E000FFFFFFFFFFFFFFFFFFFFFFFFFFFFFFFFDF
:1041F000FFFFFFFFFFFFFFFFFFFFFFFFFFFFFFFFCF
:10420000FFFFFFFFFFFFFFFFFFFFFFFFFFFFFFFFBE
:10421000FFFFFFFFFFFFFFFFFFFFFFFFFFFFFFFFAE
:10422000FFFFFFFFFFFFFFFFFFFFFFFFFFFFFFFF9E
:10423000FFFFFFFFFFFFFFFFFFFFFFFFFFFFFFFF8E
:10424000FFFFFFFFFFFFFFFFFFFFFFFFFFFFFFFF7E
:10425000FFFFFFFFFFFFFFFFFFFFFFFFFFFFFFFF6E
:10426000FFFFFFFFFFFFFFFFFFFFFFFFFFFFFFFF5E
:10427000FFFFFFFFFFFFFFFFFFFFFFFFFFFFFFFF4E
:10428000FFFFFFFFFFFFFFFFFFFFFFFFFFFFFFFF3E
:10429000FFFFFFFFFFFFFFFFFFFFFFFFFFFFFFFF2E
:1042A000FFFFFFFFFFFFFFFFFFFFFFFFFFFFFFFF1E
:1042B000FFFFFFFFFFFFFFFFFFFFFFFFFFFFFFFF0E
:1042C000FFFFFFFFFFFFFFFFFFFFFFFFFFFFFFFFFE
:1042D000FFFFFFFFFFFFFFFFFFFFFFFFFFFFFFFFEE
:1042E000FFFFFFFFFFFFFFFFFFFFFFFFFFFFFFFFDE
:1042F000FFFFFFFFFFFFFFFFFFFFFFFFFFFFFFFFCE
:10430000FFFFFFFFFFFFFFFFFFFFFFFFFFFFFFFFBD
:10431000FFFFFFFFFFFFFFFFFFFFFFFFFFFFFFFFAD
:10432000FFFFFFFFFFFFFFFFFFFFFFFFFFFFFFFF9D
:10433000FFFFFFFFFFFFFFFFFFFFFFFFFFFFFFFF8D
:10434000FFFFFFFFFFFFFFFFFFFFFFFFFFFFFFFF7D
:10435000FFFFFFFFFFFFFFFFFFFFFFFFFFFFFFFF6D
:10436000FFFFFFFFFFFFFFFFFFFFFFFFFFFFFFFF5D
:10437000FFFFFFFFFFFFFFFFFFFFFFFFFFFFFFFF4D
:10438000FFFFFFFFFFFFFFFFFFFFFFFFFFFFFFFF3D
:10439000FFFFFFFFFFFFFFFFFFFFFFFFFFFFFFFF2D
:1043A000FFFFFFFFFFFFFFFFFFFFFFFFFFFFFFFF1D
:1043B000FFFFFFFFFFFFFFFFFFFFFFFFFFFFFFFF0D
:1043C000FFFFFFFFFFFFFFFFFFFFFFFFFFFFFFFFFD
:1043D000FFFFFFFFFFFFFFFFFFFFFFFFFFFFFFFFED
:1043E000FFFFFFFFFFFFFFFFFFFFFFFFFFFFFFFFDD
:1043F000FFFFFFFFFFFFFFFFFFFFFFFFFFFFFFFFCD
:10440000FFFFFFFFFFFFFFFFFFFFFFFFFFFFFFFFBC
:10441000FFFFFFFFFFFFFFFFFFFFFFFFFFFFFFFFAC
:10442000FFFFFFFFFFFFFFFFFFFFFFFFFFFFFFFF9C
:10443000FFFFFFFFFFFFFFFFFFFFFFFFFFFFFFFF8C
:10444000FFFFFFFFFFFFFFFFFFFFFFFFFFFFFFFF7C
:10445000FFFFFFFFFFFFFFFFFFFFFFFFFFFFFFFF6C
:10446000FFFFFFFFFFFFFFFFFFFFFFFFFFFFFFFF5C
:10447000FFFFFFFFFFFFFFFFFFFFFFFFFFFFFFFF4C
:10448000FFFFFFFFFFFFFFFFFFFFFFFFFFFFFFFF3C
:10449000FFFFFFFFFFFFFFFFFFFFFFFFFFFFFFFF2C
:1044A000FFFFFFFFFFFFFFFFFFFFFFFFFFFFFFFF1C
:1044B000FFFFFFFFFFFFFFFFFFFFFFFFFFFFFFFF0C
:1044C000FFFFFFFFFFFFFFFFFFFFFFFFFFFFFFFFFC
:1044D000FFFFFFFFFFFFFFFFFFFFFFFFFFFFFFFFEC
:1044E000FFFFFFFFFFFFFFFFFFFFFFFFFFFFFFFFDC
:1044F000FFFFFFFFFFFFFFFFFFFFFFFFFFFFFFFFCC
:10450000FFFFFFFFFFFFFFFFFFFFFFFFFFFFFFFFBB
:10451000FFFFFFFFFFFFFFFFFFFFFFFFFFFFFFFFAB
:10452000FFFFFFFFFFFFFFFFFFFFFFFFFFFFFFFF9B
:10453000FFFFFFFFFFFFFFFFFFFFFFFFFFFFFFFF8B
:10454000FFFFFFFFFFFFFFFFFFFFFFFFFFFFFFFF7B
:10455000FFFFFFFFFFFFFFFFFFFFFFFFFFFFFFFF6B
:10456000FFFFFFFFFFFFFFFFFFFFFFFFFFFFFFFF5B
:10457000FFFFFFFFFFFFFFFFFFFFFFFFFFFFFFFF4B
:10458000FFFFFFFFFFFFFFFFFFFFFFFFFFFFFFFF3B
:10459000FFFFFFFFFFFFFFFFFFFFFFFFFFFFFFFF2B
:1045A000FFFFFFFFFFFFFFFFFFFFFFFFFFFFFFFF1B
:1045B000FFFFFFFFFFFFFFFFFFFFFFFFFFFFFFFF0B
:1045C000FFFFFFFFFFFFFFFFFFFFFFFFFFFFFFFFFB
:1045D000FFFFFFFFFFFFFFFFFFFFFFFFFFFFFFFFEB
:1045E000FFFFFFFFFFFFFFFFFFFFFFFFFFFFFFFFDB
:1045F000FFFFFFFFFFFFFFFFFFFFFFFFFFFFFFFFCB
:10460000FFFFFFFFFFFFFFFFFFFFFFFFFFFFFFFFBA
:10461000FFFFFFFFFFFFFFFFFFFFFFFFFFFFFFFFAA
:10462000FFFFFFFFFFFFFFFFFFFFFFFFFFFFFFFF9A
:10463000FFFFFFFFFFFFFFFFFFFFFFFFFFFFFFFF8A
:10464000FFFFFFFFFFFFFFFFFFFFFFFFFFFFFFFF7A
:10465000FFFFFFFFFFFFFFFFFFFFFFFFFFFFFFFF6A
:10466000FFFFFFFFFFFFFFFFFFFFFFFFFFFFFFFF5A
:10467000FFFFFFFFFFFFFFFFFFFFFFFFFFFFFFFF4A
:10468000FFFFFFFFFFFFFFFFFFFFFFFFFFFFFFFF3A
:10469000FFFFFFFFFFFFFFFFFFFFFFFFFFFFFFFF2A
:1046A000FFFFFFFFFFFFFFFFFFFFFFFFFFFFFFFF1A
:1046B000FFFFFFFFFFFFFFFFFFFFFFFFFFFFFFFF0A
:1046C000FFFFFFFFFFFFFFFFFFFFFFFFFFFFFFFFFA
:1046D000FFFFFFFFFFFFFFFFFFFFFFFFFFFFFFFFEA
:1046E000FFFFFFFFFFFFFFFFFFFFFFFFFFFFFFFFDA
:1046F000FFFFFFFFFFFFFFFFFFFFFFFFFFFFFFFFCA
:10470000FFFFFFFFFFFFFFFFFFFFFFFFFFFFFFFFB9
:10471000FFFFFFFFFFFFFFFFFFFFFFFFFFFFFFFFA9
:10472000FFFFFFFFFFFFFFFFFFFFFFFFFFFFFFFF99
:10473000FFFFFFFFFFFFFFFFFFFFFFFFFFFFFFFF89
:10474000FFFFFFFFFFFFFFFFFFFFFFFFFFFFFFFF79
:10475000FFFFFFFFFFFFFFFFFFFFFFFFFFFFFFFF69
:10476000FFFFFFFFFFFFFFFFFFFFFFFFFFFFFFFF59
:10477000FFFFFFFFFFFFFFFFFFFFFFFFFFFFFFFF49
:10478000FFFFFFFFFFFFFFFFFFFFFFFFFFFFFFFF39
:10479000FFFFFFFFFFFFFFFFFFFFFFFFFFFFFFFF29
:1047A000FFFFFFFFFFFFFFFFFFFFFFFFFFFFFFFF19
:1047B000FFFFFFFFFFFFFFFFFFFFFFFFFFFFFFFF09
:1047C000FFFFFFFFFFFFFFFFFFFFFFFFFFFFFFFFF9
:1047D000FFFFFFFFFFFFFFFFFFFFFFFFFFFFFFFFE9
:1047E000FFFFFFFFFFFFFFFFFFFFFFFFFFFFFFFFD9
:1047F000FFFFFFFFFFFFFFFFFFFFFFFFFFFFFFFFC9
:10480000FFFFFFFFFFFFFFFFFFFFFFFFFFFFFFFFB8
:10481000FFFFFFFFFFFFFFFFFFFFFFFFFFFFFFFFA8
:10482000FFFFFFFFFFFFFFFFFFFFFFFFFFFFFFFF98
:10483000FFFFFFFFFFFFFFFFFFFFFFFFFFFFFFFF88
:10484000FFFFFFFFFFFFFFFFFFFFFFFFFFFFFFFF78
:10485000FFFFFFFFFFFFFFFFFFFFFFFFFFFFFFFF68
:10486000FFFFFFFFFFFFFFFFFFFFFFFFFFFFFFFF58
:10487000FFFFFFFFFFFFFFFFFFFFFFFFFFFFFFFF48
:10488000FFFFFFFFFFFFFFFFFFFFFFFFFFFFFFFF38
:10489000FFFFFFFFFFFFFFFFFFFFFFFFFFFFFFFF28
:1048A000FFFFFFFFFFFFFFFFFFFFFFFFFFFFFFFF18
:1048B000FFFFFFFFFFFFFFFFFFFFFFFFFFFFFFFF08
:1048C000FFFFFFFFFFFFFFFFFFFFFFFFFFFFFFFFF8
:1048D000FFFFFFFFFFFFFFFFFFFFFFFFFFFFFFFFE8
:1048E000FFFFFFFFFFFFFFFFFFFFFFFFFFFFFFFFD8
:1048F000FFFFFFFFFFFFFFFFFFFFFFFFFFFFFFFFC8
:10490000FFFFFFFFFFFFFFFFFFFFFFFFFFFFFFFFB7
:10491000FFFFFFFFFFFFFFFFFFFFFFFFFFFFFFFFA7
:10492000FFFFFFFFFFFFFFFFFFFFFFFFFFFFFFFF97
:10493000FFFFFFFFFFFFFFFFFFFFFFFFFFFFFFFF87
:10494000FFFFFFFFFFFFFFFFFFFFFFFFFFFFFFFF77
:10495000FFFFFFFFFFFFFFFFFFFFFFFFFFFFFFFF67
:10496000FFFFFFFFFFFFFFFFFFFFFFFFFFFFFFFF57
:10497000FFFFFFFFFFFFFFFFFFFFFFFFFFFFFFFF47
:10498000FFFFFFFFFFFFFFFFFFFFFFFFFFFFFFFF37
:10499000FFFFFFFFFFFFFFFFFFFFFFFFFFFFFFFF27
:1049A000FFFFFFFFFFFFFFFFFFFFFFFFFFFFFFFF17
:1049B000FFFFFFFFFFFFFFFFFFFFFFFFFFFFFFFF07
:1049C000FFFFFFFFFFFFFFFFFFFFFFFFFFFFFFFFF7
:1049D000FFFFFFFFFFFFFFFFFFFFFFFFFFFFFFFFE7
:1049E000FFFFFFFFFFFFFFFFFFFFFFFFFFFFFFFFD7
:1049F000FFFFFFFFFFFFFFFFFFFFFFFFFFFFFFFFC7
:104A0000FFFFFFFFFFFFFFFFFFFFFFFFFFFFFFFFB6
:104A1000FFFFFFFFFFFFFFFFFFFFFFFFFFFFFFFFA6
:104A2000FFFFFFFFFFFFFFFFFFFFFFFFFFFFFFFF96
:104A3000FFFFFFFFFFFFFFFFFFFFFFFFFFFFFFFF86
:104A4000FFFFFFFFFFFFFFFFFFFFFFFFFFFFFFFF76
:104A5000FFFFFFFFFFFFFFFFFFFFFFFFFFFFFFFF66
:104A6000FFFFFFFFFFFFFFFFFFFFFFFFFFFFFFFF56
:104A7000FFFFFFFFFFFFFFFFFFFFFFFFFFFFFFFF46
:104A8000FFFFFFFFFFFFFFFFFFFFFFFFFFFFFFFF36
:104A9000FFFFFFFFFFFFFFFFFFFFFFFFFFFFFFFF26
:104AA000FFFFFFFFFFFFFFFFFFFFFFFFFFFFFFFF16
:104AB000FFFFFFFFFFFFFFFFFFFFFFFFFFFFFFFF06
:104AC000FFFFFFFFFFFFFFFFFFFFFFFFFFFFFFFFF6
:104AD000FFFFFFFFFFFFFFFFFFFFFFFFFFFFFFFFE6
:104AE000FFFFFFFFFFFFFFFFFFFFFFFFFFFFFFFFD6
:104AF000FFFFFFFFFFFFFFFFFFFFFFFFFFFFFFFFC6
:104B0000FFFFFFFFFFFFFFFFFFFFFFFFFFFFFFFFB5
:104B1000FFFFFFFFFFFFFFFFFFFFFFFFFFFFFFFFA5
:104B2000FFFFFFFFFFFFFFFFFFFFFFFFFFFFFFFF95
:104B3000FFFFFFFFFFFFFFFFFFFFFFFFFFFFFFFF85
:104B4000FFFFFFFFFFFFFFFFFFFFFFFFFFFFFFFF75
:104B5000FFFFFFFFFFFFFFFFFFFFFFFFFFFFFFFF65
:104B6000FFFFFFFFFFFFFFFFFFFFFFFFFFFFFFFF55
:104B7000FFFFFFFFFFFFFFFFFFFFFFFFFFFFFFFF45
:104B8000FFFFFFFFFFFFFFFFFFFFFFFFFFFFFFFF35
:104B9000FFFFFFFFFFFFFFFFFFFFFFFFFFFFFFFF25
:104BA000FFFFFFFFFFFFFFFFFFFFFFFFFFFFFFFF15
:104BB000FFFFFFFFFFFFFFFFFFFFFFFFFFFFFFFF05
:104BC000FFFFFFFFFFFFFFFFFFFFFFFFFFFFFFFFF5
:104BD000FFFFFFFFFFFFFFFFFFFFFFFFFFFFFFFFE5
:104BE000FFFFFFFFFFFFFFFFFFFFFFFFFFFFFFFFD5
:104BF000FFFFFFFFFFFFFFFFFFFFFFFFFFFFFFFFC5
:104C0000FFFFFFFFFFFFFFFFFFFFFFFFFFFFFFFFB4
:104C1000FFFFFFFFFFFFFFFFFFFFFFFFFFFFFFFFA4
:104C2000FFFFFFFFFFFFFFFFFFFFFFFFFFFFFFFF94
:104C3000FFFFFFFFFFFFFFFFFFFFFFFFFFFFFFFF84
:104C4000FFFFFFFFFFFFFFFFFFFFFFFFFFFFFFFF74
:104C5000FFFFFFFFFFFFFFFFFFFFFFFFFFFFFFFF64
:104C6000FFFFFFFFFFFFFFFFFFFFFFFFFFFFFFFF54
:104C7000FFFFFFFFFFFFFFFFFFFFFFFFFFFFFFFF44
:104C8000FFFFFFFFFFFFFFFFFFFFFFFFFFFFFFFF34
:104C9000FFFFFFFFFFFFFFFFFFFFFFFFFFFFFFFF24
:104CA000FFFFFFFFFFFFFFFFFFFFFFFFFFFFFFFF14
:104CB000FFFFFFFFFFFFFFFFFFFFFFFFFFFFFFFF04
:104CC000FFFFFFFFFFFFFFFFFFFFFFFFFFFFFFFFF4
:104CD000FFFFFFFFFFFFFFFFFFFFFFFFFFFFFFFFE4
:104CE000FFFFFFFFFFFFFFFFFFFFFFFFFFFFFFFFD4
:104CF000FFFFFFFFFFFFFFFFFFFFFFFFFFFFFFFFC4
:104D0000FFFFFFFFFFFFFFFFFFFFFFFFFFFFFFFFB3
:104D1000FFFFFFFFFFFFFFFFFFFFFFFFFFFFFFFFA3
:104D2000FFFFFFFFFFFFFFFFFFFFFFFFFFFFFFFF93
:104D3000FFFFFFFFFFFFFFFFFFFFFFFFFFFFFFFF83
:104D4000FFFFFFFFFFFFFFFFFFFFFFFFFFFFFFFF73
:104D5000FFFFFFFFFFFFFFFFFFFFFFFFFFFFFFFF63
:104D6000FFFFFFFFFFFFFFFFFFFFFFFFFFFFFFFF53
:104D7000FFFFFFFFFFFFFFFFFFFFFFFFFFFFFFFF43
:104D8000FFFFFFFFFFFFFFFFFFFFFFFFFFFFFFFF33
:104D9000FFFFFFFFFFFFFFFFFFFFFFFFFFFFFFFF23
:104DA000FFFFFFFFFFFFFFFFFFFFFFFFFFFFFFFF13
:104DB000FFFFFFFFFFFFFFFFFFFFFFFFFFFFFFFF03
:104DC000FFFFFFFFFFFFFFFFFFFFFFFFFFFFFFFFF3
:104DD000FFFFFFFFFFFFFFFFFFFFFFFFFFFFFFFFE3
:104DE000FFFFFFFFFFFFFFFFFFFFFFFFFFFFFFFFD3
:104DF000FFFFFFFFFFFFFFFFFFFFFFFFFFFFFFFFC3
:104E0000FFFFFFFFFFFFFFFFFFFFFFFFFFFFFFFFB2
:104E1000FFFFFFFFFFFFFFFFFFFFFFFFFFFFFFFFA2
:104E2000FFFFFFFFFFFFFFFFFFFFFFFFFFFFFFFF92
:104E3000FFFFFFFFFFFFFFFFFFFFFFFFFFFFFFFF82
:104E4000FFFFFFFFFFFFFFFFFFFFFFFFFFFFFFFF72
:104E5000FFFFFFFFFFFFFFFFFFFFFFFFFFFFFFFF62
:104E6000FFFFFFFFFFFFFFFFFFFFFFFFFFFFFFFF52
:104E7000FFFFFFFFFFFFFFFFFFFFFFFFFFFFFFFF42
:104E8000FFFFFFFFFFFFFFFFFFFFFFFFFFFFFFFF32
:104E9000FFFFFFFFFFFFFFFFFFFFFFFFFFFFFFFF22
:104EA000FFFFFFFFFFFFFFFFFFFFFFFFFFFFFFFF12
:104EB000FFFFFFFFFFFFFFFFFFFFFFFFFFFFFFFF02
:104EC000FFFFFFFFFFFFFFFFFFFFFFFFFFFFFFFFF2
:104ED000FFFFFFFFFFFFFFFFFFFFFFFFFFFFFFFFE2
:104EE000FFFFFFFFFFFFFFFFFFFFFFFFFFFFFFFFD2
:104EF000FFFFFFFFFFFFFFFFFFFFFFFFFFFFFFFFC2
:104F0000FFFFFFFFFFFFFFFFFFFFFFFFFFFFFFFFB1
:104F1000FFFFFFFFFFFFFFFFFFFFFFFFFFFFFFFFA1
:104F2000FFFFFFFFFFFFFFFFFFFFFFFFFFFFFFFF91
:104F3000FFFFFFFFFFFFFFFFFFFFFFFFFFFFFFFF81
:104F4000FFFFFFFFFFFFFFFFFFFFFFFFFFFFFFFF71
:104F5000FFFFFFFFFFFFFFFFFFFFFFFFFFFFFFFF61
:104F6000FFFFFFFFFFFFFFFFFFFFFFFFFFFFFFFF51
:104F7000FFFFFFFFFFFFFFFFFFFFFFFFFFFFFFFF41
:104F8000FFFFFFFFFFFFFFFFFFFFFFFFFFFFFFFF31
:104F9000FFFFFFFFFFFFFFFFFFFFFFFFFFFFFFFF21
:104FA000FFFFFFFFFFFFFFFFFFFFFFFFFFFFFFFF11
:104FB000FFFFFFFFFFFFFFFFFFFFFFFFFFFFFFFF01
:104FC000FFFFFFFFFFFFFFFFFFFFFFFFFFFFFFFFF1
:104FD000FFFFFFFFFFFFFFFFFFFFFFFFFFFFFFFFE1
:104FE000FFFFFFFFFFFFFFFFFFFFFFFFFFFFFFFFD1
:104FF000FFFFFFFFFFFFFFFFFFFFFFFFFFFFFFFFC1
:10500000FFFFFFFFFFFFFFFFFFFFFFFFFFFFFFFFB0
:10501000FFFFFFFFFFFFFFFFFFFFFFFFFFFFFFFFA0
:10502000FFFFFFFFFFFFFFFFFFFFFFFFFFFFFFFF90
:10503000FFFFFFFFFFFFFFFFFFFFFFFFFFFFFFFF80
:10504000FFFFFFFFFFFFFFFFFFFFFFFFFFFFFFFF70
:10505000FFFFFFFFFFFFFFFFFFFFFFFFFFFFFFFF60
:10506000FFFFFFFFFFFFFFFFFFFFFFFFFFFFFFFF50
:10507000FFFFFFFFFFFFFFFFFFFFFFFFFFFFFFFF40
:10508000FFFFFFFFFFFFFFFFFFFFFFFFFFFFFFFF30
:10509000FFFFFFFFFFFFFFFFFFFFFFFFFFFFFFFF20
:1050A000FFFFFFFFFFFFFFFFFFFFFFFFFFFFFFFF10
:1050B000FFFFFFFFFFFFFFFFFFFFFFFFFFFFFFFF00
:1050C000FFFFFFFFFFFFFFFFFFFFFFFFFFFFFFFFF0
:1050D000FFFFFFFFFFFFFFFFFFFFFFFFFFFFFFFFE0
:1050E000FFFFFFFFFFFFFFFFFFFFFFFFFFFFFFFFD0
:1050F000FFFFFFFFFFFFFFFFFFFFFFFFFFFFFFFFC0
:10510000FFFFFFFFFFFFFFFFFFFFFFFFFFFFFFFFAF
:10511000FFFFFFFFFFFFFFFFFFFFFFFFFFFFFFFF9F
:10512000FFFFFFFFFFFFFFFFFFFFFFFFFFFFFFFF8F
:10513000FFFFFFFFFFFFFFFFFFFFFFFFFFFFFFFF7F
:10514000FFFFFFFFFFFFFFFFFFFFFFFFFFFFFFFF6F
:10515000FFFFFFFFFFFFFFFFFFFFFFFFFFFFFFFF5F
:10516000FFFFFFFFFFFFFFFFFFFFFFFFFFFFFFFF4F
:10517000FFFFFFFFFFFFFFFFFFFFFFFFFFFFFFFF3F
:10518000FFFFFFFFFFFFFFFFFFFFFFFFFFFFFFFF2F
:10519000FFFFFFFFFFFFFFFFFFFFFFFFFFFFFFFF1F
:1051A000FFFFFFFFFFFFFFFFFFFFFFFFFFFFFFFF0F
:1051B000FFFFFFFFFFFFFFFFFFFFFFFFFFFFFFFFFF
:1051C000FFFFFFFFFFFFFFFFFFFFFFFFFFFFFFFFEF
:1051D000FFFFFFFFFFFFFFFFFFFFFFFFFFFFFFFFDF
:1051E000FFFFFFFFFFFFFFFFFFFFFFFFFFFFFFFFCF
:1051F000FFFFFFFFFFFFFFFFFFFFFFFFFFFFFFFFBF
:10520000FFFFFFFFFFFFFFFFFFFFFFFFFFFFFFFFAE
:10521000FFFFFFFFFFFFFFFFFFFFFFFFFFFFFFFF9E
:10522000FFFFFFFFFFFFFFFFFFFFFFFFFFFFFFFF8E
:10523000FFFFFFFFFFFFFFFFFFFFFFFFFFFFFFFF7E
:10524000FFFFFFFFFFFFFFFFFFFFFFFFFFFFFFFF6E
:10525000FFFFFFFFFFFFFFFFFFFFFFFFFFFFFFFF5E
:10526000FFFFFFFFFFFFFFFFFFFFFFFFFFFFFFFF4E
:10527000FFFFFFFFFFFFFFFFFFFFFFFFFFFFFFFF3E
:10528000FFFFFFFFFFFFFFFFFFFFFFFFFFFFFFFF2E
:10529000FFFFFFFFFFFFFFFFFFFFFFFFFFFFFFFF1E
:1052A000FFFFFFFFFFFFFFFFFFFFFFFFFFFFFFFF0E
:1052B000FFFFFFFFFFFFFFFFFFFFFFFFFFFFFFFFFE
:1052C000FFFFFFFFFFFFFFFFFFFFFFFFFFFFFFFFEE
:1052D000FFFFFFFFFFFFFFFFFFFFFFFFFFFFFFFFDE
:1052E000FFFFFFFFFFFFFFFFFFFFFFFFFFFFFFFFCE
:1052F000FFFFFFFFFFFFFFFFFFFFFFFFFFFFFFFFBE
:10530000FFFFFFFFFFFFFFFFFFFFFFFFFFFFFFFFAD
:10531000FFFFFFFFFFFFFFFFFFFFFFFFFFFFFFFF9D
:10532000FFFFFFFFFFFFFFFFFFFFFFFFFFFFFFFF8D
:10533000FFFFFFFFFFFFFFFFFFFFFFFFFFFFFFFF7D
:10534000FFFFFFFFFFFFFFFFFFFFFFFFFFFFFFFF6D
:10535000FFFFFFFFFFFFFFFFFFFFFFFFFFFFFFFF5D
:10536000FFFFFFFFFFFFFFFFFFFFFFFFFFFFFFFF4D
:10537000FFFFFFFFFFFFFFFFFFFFFFFFFFFFFFFF3D
:10538000FFFFFFFFFFFFFFFFFFFFFFFFFFFFFFFF2D
:10539000FFFFFFFFFFFFFFFFFFFFFFFFFFFFFFFF1D
:1053A000FFFFFFFFFFFFFFFFFFFFFFFFFFFFFFFF0D
:1053B000FFFFFFFFFFFFFFFFFFFFFFFFFFFFFFFFFD
:1053C000FFFFFFFFFFFFFFFFFFFFFFFFFFFFFFFFED
:1053D000FFFFFFFFFFFFFFFFFFFFFFFFFFFFFFFFDD
:1053E000FFFFFFFFFFFFFFFFFFFFFFFFFFFFFFFFCD
:1053F000FFFFFFFFFFFFFFFFFFFFFFFFFFFFFFFFBD
:10540000FFFFFFFFFFFFFFFFFFFFFFFFFFFFFFFFAC
:10541000FFFFFFFFFFFFFFFFFFFFFFFFFFFFFFFF9C
:10542000FFFFFFFFFFFFFFFFFFFFFFFFFFFFFFFF8C
:10543000FFFFFFFFFFFFFFFFFFFFFFFFFFFFFFFF7C
:10544000FFFFFFFFFFFFFFFFFFFFFFFFFFFFFFFF6C
:10545000FFFFFFFFFFFFFFFFFFFFFFFFFFFFFFFF5C
:10546000FFFFFFFFFFFFFFFFFFFFFFFFFFFFFFFF4C
:10547000FFFFFFFFFFFFFFFFFFFFFFFFFFFFFFFF3C
:10548000FFFFFFFFFFFFFFFFFFFFFFFFFFFFFFFF2C
:10549000FFFFFFFFFFFFFFFFFFFFFFFFFFFFFFFF1C
:1054A000FFFFFFFFFFFFFFFFFFFFFFFFFFFFFFFF0C
:1054B000FFFFFFFFFFFFFFFFFFFFFFFFFFFFFFFFFC
:1054C000FFFFFFFFFFFFFFFFFFFFFFFFFFFFFFFFEC
:1054D000FFFFFFFFFFFFFFFFFFFFFFFFFFFFFFFFDC
:1054E000FFFFFFFFFFFFFFFFFFFFFFFFFFFFFFFFCC
:1054F000FFFFFFFFFFFFFFFFFFFFFFFFFFFFFFFFBC
:10550000FFFFFFFFFFFFFFFFFFFFFFFFFFFFFFFFAB
:10551000FFFFFFFFFFFFFFFFFFFFFFFFFFFFFFFF9B
:10552000FFFFFFFFFFFFFFFFFFFFFFFFFFFFFFFF8B
:10553000FFFFFFFFFFFFFFFFFFFFFFFFFFFFFFFF7B
:10554000FFFFFFFFFFFFFFFFFFFFFFFFFFFFFFFF6B
:10555000FFFFFFFFFFFFFFFFFFFFFFFFFFFFFFFF5B
:10556000FFFFFFFFFFFFFFFFFFFFFFFFFFFFFFFF4B
:10557000FFFFFFFFFFFFFFFFFFFFFFFFFFFFFFFF3B
:10558000FFFFFFFFFFFFFFFFFFFFFFFFFFFFFFFF2B
:10559000FFFFFFFFFFFFFFFFFFFFFFFFFFFFFFFF1B
:1055A000FFFFFFFFFFFFFFFFFFFFFFFFFFFFFFFF0B
:1055B000FFFFFFFFFFFFFFFFFFFFFFFFFFFFFFFFFB
:1055C000FFFFFFFFFFFFFFFFFFFFFFFFFFFFFFFFEB
:1055D000FFFFFFFFFFFFFFFFFFFFFFFFFFFFFFFFDB
:1055E000FFFFFFFFFFFFFFFFFFFFFFFFFFFFFFFFCB
:1055F000FFFFFFFFFFFFFFFFFFFFFFFFFFFFFFFFBB
:10560000FFFFFFFFFFFFFFFFFFFFFFFFFFFFFFFFAA
:10561000FFFFFFFFFFFFFFFFFFFFFFFFFFFFFFFF9A
:10562000FFFFFFFFFFFFFFFFFFFFFFFFFFFFFFFF8A
:10563000FFFFFFFFFFFFFFFFFFFFFFFFFFFFFFFF7A
:10564000FFFFFFFFFFFFFFFFFFFFFFFFFFFFFFFF6A
:10565000FFFFFFFFFFFFFFFFFFFFFFFFFFFFFFFF5A
:10566000FFFFFFFFFFFFFFFFFFFFFFFFFFFFFFFF4A
:10567000FFFFFFFFFFFFFFFFFFFFFFFFFFFFFFFF3A
:10568000FFFFFFFFFFFFFFFFFFFFFFFFFFFFFFFF2A
:10569000FFFFFFFFFFFFFFFFFFFFFFFFFFFFFFFF1A
:1056A000FFFFFFFFFFFFFFFFFFFFFFFFFFFFFFFF0A
:1056B000FFFFFFFFFFFFFFFFFFFFFFFFFFFFFFFFFA
:1056C000FFFFFFFFFFFFFFFFFFFFFFFFFFFFFFFFEA
:1056D000FFFFFFFFFFFFFFFFFFFFFFFFFFFFFFFFDA
:1056E000FFFFFFFFFFFFFFFFFFFFFFFFFFFFFFFFCA
:1056F000FFFFFFFFFFFFFFFFFFFFFFFFFFFFFFFFBA
:10570000FFFFFFFFFFFFFFFFFFFFFFFFFFFFFFFFA9
:10571000FFFFFFFFFFFFFFFFFFFFFFFFFFFFFFFF99
:10572000FFFFFFFFFFFFFFFFFFFFFFFFFFFFFFFF89
:10573000FFFFFFFFFFFFFFFFFFFFFFFFFFFFFFFF79
:10574000FFFFFFFFFFFFFFFFFFFFFFFFFFFFFFFF69
:10575000FFFFFFFFFFFFFFFFFFFFFFFFFFFFFFFF59
:10576000FFFFFFFFFFFFFFFFFFFFFFFFFFFFFFFF49
:10577000FFFFFFFFFFFFFFFFFFFFFFFFFFFFFFFF39
:10578000FFFFFFFFFFFFFFFFFFFFFFFFFFFFFFFF29
:10579000FFFFFFFFFFFFFFFFFFFFFFFFFFFFFFFF19
:1057A000FFFFFFFFFFFFFFFFFFFFFFFFFFFFFFFF09
:1057B000FFFFFFFFFFFFFFFFFFFFFFFFFFFFFFFFF9
:1057C000FFFFFFFFFFFFFFFFFFFFFFFFFFFFFFFFE9
:1057D000FFFFFFFFFFFFFFFFFFFFFFFFFFFFFFFFD9
:1057E000FFFFFFFFFFFFFFFFFFFFFFFFFFFFFFFFC9
:1057F000FFFFFFFFFFFFFFFFFFFFFFFFFFFFFFFFB9
:10580000FFFFFFFFFFFFFFFFFFFFFFFFFFFFFFFFA8
:10581000FFFFFFFFFFFFFFFFFFFFFFFFFFFFFFFF98
:10582000FFFFFFFFFFFFFFFFFFFFFFFFFFFFFFFF88
:10583000FFFFFFFFFFFFFFFFFFFFFFFFFFFFFFFF78
:10584000FFFFFFFFFFFFFFFFFFFFFFFFFFFFFFFF68
:10585000FFFFFFFFFFFFFFFFFFFFFFFFFFFFFFFF58
:10586000FFFFFFFFFFFFFFFFFFFFFFFFFFFFFFFF48
:10587000FFFFFFFFFFFFFFFFFFFFFFFFFFFFFFFF38
:10588000FFFFFFFFFFFFFFFFFFFFFFFFFFFFFFFF28
:10589000FFFFFFFFFFFFFFFFFFFFFFFFFFFFFFFF18
:1058A000FFFFFFFFFFFFFFFFFFFFFFFFFFFFFFFF08
:1058B000FFFFFFFFFFFFFFFFFFFFFFFFFFFFFFFFF8
:1058C000FFFFFFFFFFFFFFFFFFFFFFFFFFFFFFFFE8
:1058D000FFFFFFFFFFFFFFFFFFFFFFFFFFFFFFFFD8
:1058E000FFFFFFFFFFFFFFFFFFFFFFFFFFFFFFFFC8
:1058F000FFFFFFFFFFFFFFFFFFFFFFFFFFFFFFFFB8
:10590000FFFFFFFFFFFFFFFFFFFFFFFFFFFFFFFFA7
:10591000FFFFFFFFFFFFFFFFFFFFFFFFFFFFFFFF97
:10592000FFFFFFFFFFFFFFFFFFFFFFFFFFFFFFFF87
:10593000FFFFFFFFFFFFFFFFFFFFFFFFFFFFFFFF77
:10594000FFFFFFFFFFFFFFFFFFFFFFFFFFFFFFFF67
:10595000FFFFFFFFFFFFFFFFFFFFFFFFFFFFFFFF57
:10596000FFFFFFFFFFFFFFFFFFFFFFFFFFFFFFFF47
:10597000FFFFFFFFFFFFFFFFFFFFFFFFFFFFFFFF37
:10598000FFFFFFFFFFFFFFFFFFFFFFFFFFFFFFFF27
:10599000FFFFFFFFFFFFFFFFFFFFFFFFFFFFFFFF17
:1059A000FFFFFFFFFFFFFFFFFFFFFFFFFFFFFFFF07
:1059B000FFFFFFFFFFFFFFFFFFFFFFFFFFFFFFFFF7
:1059C000FFFFFFFFFFFFFFFFFFFFFFFFFFFFFFFFE7
:1059D000FFFFFFFFFFFFFFFFFFFFFFFFFFFFFFFFD7
:1059E000FFFFFFFFFFFFFFFFFFFFFFFFFFFFFFFFC7
:1059F000FFFFFFFFFFFFFFFFFFFFFFFFFFFFFFFFB7
:105A0000FFFFFFFFFFFFFFFFFFFFFFFFFFFFFFFFA6
:105A1000FFFFFFFFFFFFFFFFFFFFFFFFFFFFFFFF96
:105A2000FFFFFFFFFFFFFFFFFFFFFFFFFFFFFFFF86
:105A3000FFFFFFFFFFFFFFFFFFFFFFFFFFFFFFFF76
:105A4000FFFFFFFFFFFFFFFFFFFFFFFFFFFFFFFF66
:105A5000FFFFFFFFFFFFFFFFFFFFFFFFFFFFFFFF56
:105A6000FFFFFFFFFFFFFFFFFFFFFFFFFFFFFFFF46
:105A7000FFFFFFFFFFFFFFFFFFFFFFFFFFFFFFFF36
:105A8000FFFFFFFFFFFFFFFFFFFFFFFFFFFFFFFF26
:105A9000FFFFFFFFFFFFFFFFFFFFFFFFFFFFFFFF16
:105AA000FFFFFFFFFFFFFFFFFFFFFFFFFFFFFFFF06
:105AB000FFFFFFFFFFFFFFFFFFFFFFFFFFFFFFFFF6
:105AC000FFFFFFFFFFFFFFFFFFFFFFFFFFFFFFFFE6
:105AD000FFFFFFFFFFFFFFFFFFFFFFFFFFFFFFFFD6
:105AE000FFFFFFFFFFFFFFFFFFFFFFFFFFFFFFFFC6
:105AF000FFFFFFFFFFFFFFFFFFFFFFFFFFFFFFFFB6
:105B0000FFFFFFFFFFFFFFFFFFFFFFFFFFFFFFFFA5
:105B1000FFFFFFFFFFFFFFFFFFFFFFFFFFFFFFFF95
:105B2000FFFFFFFFFFFFFFFFFFFFFFFFFFFFFFFF85
:105B3000FFFFFFFFFFFFFFFFFFFFFFFFFFFFFFFF75
:105B4000FFFFFFFFFFFFFFFFFFFFFFFFFFFFFFFF65
:105B5000FFFFFFFFFFFFFFFFFFFFFFFFFFFFFFFF55
:105B6000FFFFFFFFFFFFFFFFFFFFFFFFFFFFFFFF45
:105B7000FFFFFFFFFFFFFFFFFFFFFFFFFFFFFFFF35
:105B8000FFFFFFFFFFFFFFFFFFFFFFFFFFFFFFFF25
:105B9000FFFFFFFFFFFFFFFFFFFFFFFFFFFFFFFF15
:105BA000FFFFFFFFFFFFFFFFFFFFFFFFFFFFFFFF05
:105BB000FFFFFFFFFFFFFFFFFFFFFFFFFFFFFFFFF5
:105BC000FFFFFFFFFFFFFFFFFFFFFFFFFFFFFFFFE5
:105BD000FFFFFFFFFFFFFFFFFFFFFFFFFFFFFFFFD5
:105BE000FFFFFFFFFFFFFFFFFFFFFFFFFFFFFFFFC5
:105BF000FFFFFFFFFFFFFFFFFFFFFFFFFFFFFFFFB5
:105C0000FFFFFFFFFFFFFFFFFFFFFFFFFFFFFFFFA4
:105C1000FFFFFFFFFFFFFFFFFFFFFFFFFFFFFFFF94
:105C2000FFFFFFFFFFFFFFFFFFFFFFFFFFFFFFFF84
:105C3000FFFFFFFFFFFFFFFFFFFFFFFFFFFFFFFF74
:105C4000FFFFFFFFFFFFFFFFFFFFFFFFFFFFFFFF64
:105C5000FFFFFFFFFFFFFFFFFFFFFFFFFFFFFFFF54
:105C6000FFFFFFFFFFFFFFFFFFFFFFFFFFFFFFFF44
:105C7000FFFFFFFFFFFFFFFFFFFFFFFFFFFFFFFF34
:105C8000FFFFFFFFFFFFFFFFFFFFFFFFFFFFFFFF24
:105C9000FFFFFFFFFFFFFFFFFFFFFFFFFFFFFFFF14
:105CA000FFFFFFFFFFFFFFFFFFFFFFFFFFFFFFFF04
:105CB000FFFFFFFFFFFFFFFFFFFFFFFFFFFFFFFFF4
:105CC000FFFFFFFFFFFFFFFFFFFFFFFFFFFFFFFFE4
:105CD000FFFFFFFFFFFFFFFFFFFFFFFFFFFFFFFFD4
:105CE000FFFFFFFFFFFFFFFFFFFFFFFFFFFFFFFFC4
:105CF000FFFFFFFFFFFFFFFFFFFFFFFFFFFFFFFFB4
:105D0000FFFFFFFFFFFFFFFFFFFFFFFFFFFFFFFFA3
:105D1000FFFFFFFFFFFFFFFFFFFFFFFFFFFFFFFF93
:105D2000FFFFFFFFFFFFFFFFFFFFFFFFFFFFFFFF83
:105D3000FFFFFFFFFFFFFFFFFFFFFFFFFFFFFFFF73
:105D4000FFFFFFFFFFFFFFFFFFFFFFFFFFFFFFFF63
:105D5000FFFFFFFFFFFFFFFFFFFFFFFFFFFFFFFF53
:105D6000FFFFFFFFFFFFFFFFFFFFFFFFFFFFFFFF43
:105D7000FFFFFFFFFFFFFFFFFFFFFFFFFFFFFFFF33
:105D8000FFFFFFFFFFFFFFFFFFFFFFFFFFFFFFFF23
:105D9000FFFFFFFFFFFFFFFFFFFFFFFFFFFFFFFF13
:105DA000FFFFFFFFFFFFFFFFFFFFFFFFFFFFFFFF03
:105DB000FFFFFFFFFFFFFFFFFFFFFFFFFFFFFFFFF3
:105DC000FFFFFFFFFFFFFFFFFFFFFFFFFFFFFFFFE3
:105DD000FFFFFFFFFFFFFFFFFFFFFFFFFFFFFFFFD3
:105DE000FFFFFFFFFFFFFFFFFFFFFFFFFFFFFFFFC3
:105DF000FFFFFFFFFFFFFFFFFFFFFFFFFFFFFFFFB3
:105E0000FFFFFFFFFFFFFFFFFFFFFFFFFFFFFFFFA2
:105E1000FFFFFFFFFFFFFFFFFFFFFFFFFFFFFFFF92
:105E2000FFFFFFFFFFFFFFFFFFFFFFFFFFFFFFFF82
:105E3000FFFFFFFFFFFFFFFFFFFFFFFFFFFFFFFF72
:105E4000FFFFFFFFFFFFFFFFFFFFFFFFFFFFFFFF62
:105E5000FFFFFFFFFFFFFFFFFFFFFFFFFFFFFFFF52
:105E6000FFFFFFFFFFFFFFFFFFFFFFFFFFFFFFFF42
:105E7000FFFFFFFFFFFFFFFFFFFFFFFFFFFFFFFF32
:105E8000FFFFFFFFFFFFFFFFFFFFFFFFFFFFFFFF22
:105E9000FFFFFFFFFFFFFFFFFFFFFFFFFFFFFFFF12
:105EA000FFFFFFFFFFFFFFFFFFFFFFFFFFFFFFFF02
:105EB000FFFFFFFFFFFFFFFFFFFFFFFFFFFFFFFFF2
:105EC000FFFFFFFFFFFFFFFFFFFFFFFFFFFFFFFFE2
:105ED000FFFFFFFFFFFFFFFFFFFFFFFFFFFFFFFFD2
:105EE000FFFFFFFFFFFFFFFFFFFFFFFFFFFFFFFFC2
:105EF000FFFFFFFFFFFFFFFFFFFFFFFFFFFFFFFFB2
:105F0000FFFFFFFFFFFFFFFFFFFFFFFFFFFFFFFFA1
:105F1000FFFFFFFFFFFFFFFFFFFFFFFFFFFFFFFF91
:105F2000FFFFFFFFFFFFFFFFFFFFFFFFFFFFFFFF81
:105F3000FFFFFFFFFFFFFFFFFFFFFFFFFFFFFFFF71
:105F4000FFFFFFFFFFFFFFFFFFFFFFFFFFFFFFFF61
:105F5000FFFFFFFFFFFFFFFFFFFFFFFFFFFFFFFF51
:105F6000FFFFFFFFFFFFFFFFFFFFFFFFFFFFFFFF41
:105F7000FFFFFFFFFFFFFFFFFFFFFFFFFFFFFFFF31
:105F8000FFFFFFFFFFFFFFFFFFFFFFFFFFFFFFFF21
:105F9000FFFFFFFFFFFFFFFFFFFFFFFFFFFFFFFF11
:105FA000FFFFFFFFFFFFFFFFFFFFFFFFFFFFFFFF01
:105FB000FFFFFFFFFFFFFFFFFFFFFFFFFFFFFFFFF1
:105FC000FFFFFFFFFFFFFFFFFFFFFFFFFFFFFFFFE1
:105FD000FFFFFFFFFFFFFFFFFFFFFFFFFFFFFFFFD1
:105FE000FFFFFFFFFFFFFFFFFFFFFFFFFFFFFFFFC1
:105FF000FFFFFFFFFFFFFFFFFFFFFFFFFFFFFFFFB1
:10600000FFFFFFFFFFFFFFFFFFFFFFFFFFFFFFFFA0
:10601000FFFFFFFFFFFFFFFFFFFFFFFFFFFFFFFF90
:10602000FFFFFFFFFFFFFFFFFFFFFFFFFFFFFFFF80
:10603000FFFFFFFFFFFFFFFFFFFFFFFFFFFFFFFF70
:10604000FFFFFFFFFFFFFFFFFFFFFFFFFFFFFFFF60
:10605000FFFFFFFFFFFFFFFFFFFFFFFFFFFFFFFF50
:10606000FFFFFFFFFFFFFFFFFFFFFFFFFFFFFFFF40
:10607000FFFFFFFFFFFFFFFFFFFFFFFFFFFFFFFF30
:10608000FFFFFFFFFFFFFFFFFFFFFFFFFFFFFFFF20
:10609000FFFFFFFFFFFFFFFFFFFFFFFFFFFFFFFF10
:1060A000FFFFFFFFFFFFFFFFFFFFFFFFFFFFFFFF00
:1060B000FFFFFFFFFFFFFFFFFFFFFFFFFFFFFFFFF0
:1060C000FFFFFFFFFFFFFFFFFFFFFFFFFFFFFFFFE0
:1060D000FFFFFFFFFFFFFFFFFFFFFFFFFFFFFFFFD0
:1060E000FFFFFFFFFFFFFFFFFFFFFFFFFFFFFFFFC0
:1060F000FFFFFFFFFFFFFFFFFFFFFFFFFFFFFFFFB0
:10610000FFFFFFFFFFFFFFFFFFFFFFFFFFFFFFFF9F
:10611000FFFFFFFFFFFFFFFFFFFFFFFFFFFFFFFF8F
:10612000FFFFFFFFFFFFFFFFFFFFFFFFFFFFFFFF7F
:10613000FFFFFFFFFFFFFFFFFFFFFFFFFFFFFFFF6F
:10614000FFFFFFFFFFFFFFFFFFFFFFFFFFFFFFFF5F
:10615000FFFFFFFFFFFFFFFFFFFFFFFFFFFFFFFF4F
:10616000FFFFFFFFFFFFFFFFFFFFFFFFFFFFFFFF3F
:10617000FFFFFFFFFFFFFFFFFFFFFFFFFFFFFFFF2F
:10618000FFFFFFFFFFFFFFFFFFFFFFFFFFFFFFFF1F
:10619000FFFFFFFFFFFFFFFFFFFFFFFFFFFFFFFF0F
:1061A000FFFFFFFFFFFFFFFFFFFFFFFFFFFFFFFFFF
:1061B000FFFFFFFFFFFFFFFFFFFFFFFFFFFFFFFFEF
:1061C000FFFFFFFFFFFFFFFFFFFFFFFFFFFFFFFFDF
:1061D000FFFFFFFFFFFFFFFFFFFFFFFFFFFFFFFFCF
:1061E000FFFFFFFFFFFFFFFFFFFFFFFFFFFFFFFFBF
:1061F000FFFFFFFFFFFFFFFFFFFFFFFFFFFFFFFFAF
:10620000FFFFFFFFFFFFFFFFFFFFFFFFFFFFFFFF9E
:10621000FFFFFFFFFFFFFFFFFFFFFFFFFFFFFFFF8E
:10622000FFFFFFFFFFFFFFFFFFFFFFFFFFFFFFFF7E
:10623000FFFFFFFFFFFFFFFFFFFFFFFFFFFFFFFF6E
:10624000FFFFFFFFFFFFFFFFFFFFFFFFFFFFFFFF5E
:10625000FFFFFFFFFFFFFFFFFFFFFFFFFFFFFFFF4E
:10626000FFFFFFFFFFFFFFFFFFFFFFFFFFFFFFFF3E
:10627000FFFFFFFFFFFFFFFFFFFFFFFFFFFFFFFF2E
:10628000FFFFFFFFFFFFFFFFFFFFFFFFFFFFFFFF1E
:10629000FFFFFFFFFFFFFFFFFFFFFFFFFFFFFFFF0E
:1062A000FFFFFFFFFFFFFFFFFFFFFFFFFFFFFFFFFE
:1062B000FFFFFFFFFFFFFFFFFFFFFFFFFFFFFFFFEE
:1062C000FFFFFFFFFFFFFFFFFFFFFFFFFFFFFFFFDE
:1062D000FFFFFFFFFFFFFFFFFFFFFFFFFFFFFFFFCE
:1062E000FFFFFFFFFFFFFFFFFFFFFFFFFFFFFFFFBE
:1062F000FFFFFFFFFFFFFFFFFFFFFFFFFFFFFFFFAE
:10630000FFFFFFFFFFFFFFFFFFFFFFFFFFFFFFFF9D
:10631000FFFFFFFFFFFFFFFFFFFFFFFFFFFFFFFF8D
:10632000FFFFFFFFFFFFFFFFFFFFFFFFFFFFFFFF7D
:10633000FFFFFFFFFFFFFFFFFFFFFFFFFFFFFFFF6D
:10634000FFFFFFFFFFFFFFFFFFFFFFFFFFFFFFFF5D
:10635000FFFFFFFFFFFFFFFFFFFFFFFFFFFFFFFF4D
:10636000FFFFFFFFFFFFFFFFFFFFFFFFFFFFFFFF3D
:10637000FFFFFFFFFFFFFFFFFFFFFFFFFFFFFFFF2D
:10638000FFFFFFFFFFFFFFFFFFFFFFFFFFFFFFFF1D
:10639000FFFFFFFFFFFFFFFFFFFFFFFFFFFFFFFF0D
:1063A000FFFFFFFFFFFFFFFFFFFFFFFFFFFFFFFFFD
:1063B000FFFFFFFFFFFFFFFFFFFFFFFFFFFFFFFFED
:1063C000FFFFFFFFFFFFFFFFFFFFFFFFFFFFFFFFDD
:1063D000FFFFFFFFFFFFFFFFFFFFFFFFFFFFFFFFCD
:1063E000FFFFFFFFFFFFFFFFFFFFFFFFFFFFFFFFBD
:1063F000FFFFFFFFFFFFFFFFFFFFFFFFFFFFFFFFAD
:10640000FFFFFFFFFFFFFFFFFFFFFFFFFFFFFFFF9C
:10641000FFFFFFFFFFFFFFFFFFFFFFFFFFFFFFFF8C
:10642000FFFFFFFFFFFFFFFFFFFFFFFFFFFFFFFF7C
:10643000FFFFFFFFFFFFFFFFFFFFFFFFFFFFFFFF6C
:10644000FFFFFFFFFFFFFFFFFFFFFFFFFFFFFFFF5C
:10645000FFFFFFFFFFFFFFFFFFFFFFFFFFFFFFFF4C
:10646000FFFFFFFFFFFFFFFFFFFFFFFFFFFFFFFF3C
:10647000FFFFFFFFFFFFFFFFFFFFFFFFFFFFFFFF2C
:10648000FFFFFFFFFFFFFFFFFFFFFFFFFFFFFFFF1C
:10649000FFFFFFFFFFFFFFFFFFFFFFFFFFFFFFFF0C
:1064A000FFFFFFFFFFFFFFFFFFFFFFFFFFFFFFFFFC
:1064B000FFFFFFFFFFFFFFFFFFFFFFFFFFFFFFFFEC
:1064C000FFFFFFFFFFFFFFFFFFFFFFFFFFFFFFFFDC
:1064D000FFFFFFFFFFFFFFFFFFFFFFFFFFFFFFFFCC
:1064E000FFFFFFFFFFFFFFFFFFFFFFFFFFFFFFFFBC
:1064F000FFFFFFFFFFFFFFFFFFFFFFFFFFFFFFFFAC
:10650000FFFFFFFFFFFFFFFFFFFFFFFFFFFFFFFF9B
:10651000FFFFFFFFFFFFFFFFFFFFFFFFFFFFFFFF8B
:10652000FFFFFFFFFFFFFFFFFFFFFFFFFFFFFFFF7B
:10653000FFFFFFFFFFFFFFFFFFFFFFFFFFFFFFFF6B
:10654000FFFFFFFFFFFFFFFFFFFFFFFFFFFFFFFF5B
:10655000FFFFFFFFFFFFFFFFFFFFFFFFFFFFFFFF4B
:10656000FFFFFFFFFFFFFFFFFFFFFFFFFFFFFFFF3B
:10657000FFFFFFFFFFFFFFFFFFFFFFFFFFFFFFFF2B
:10658000FFFFFFFFFFFFFFFFFFFFFFFFFFFFFFFF1B
:10659000FFFFFFFFFFFFFFFFFFFFFFFFFFFFFFFF0B
:1065A000FFFFFFFFFFFFFFFFFFFFFFFFFFFFFFFFFB
:1065B000FFFFFFFFFFFFFFFFFFFFFFFFFFFFFFFFEB
:1065C000FFFFFFFFFFFFFFFFFFFFFFFFFFFFFFFFDB
:1065D000FFFFFFFFFFFFFFFFFFFFFFFFFFFFFFFFCB
:1065E000FFFFFFFFFFFFFFFFFFFFFFFFFFFFFFFFBB
:1065F000FFFFFFFFFFFFFFFFFFFFFFFFFFFFFFFFAB
:10660000FFFFFFFFFFFFFFFFFFFFFFFFFFFFFFFF9A
:10661000FFFFFFFFFFFFFFFFFFFFFFFFFFFFFFFF8A
:10662000FFFFFFFFFFFFFFFFFFFFFFFFFFFFFFFF7A
:10663000FFFFFFFFFFFFFFFFFFFFFFFFFFFFFFFF6A
:10664000FFFFFFFFFFFFFFFFFFFFFFFFFFFFFFFF5A
:10665000FFFFFFFFFFFFFFFFFFFFFFFFFFFFFFFF4A
:10666000FFFFFFFFFFFFFFFFFFFFFFFFFFFFFFFF3A
:10667000FFFFFFFFFFFFFFFFFFFFFFFFFFFFFFFF2A
:10668000FFFFFFFFFFFFFFFFFFFFFFFFFFFFFFFF1A
:10669000FFFFFFFFFFFFFFFFFFFFFFFFFFFFFFFF0A
:1066A000FFFFFFFFFFFFFFFFFFFFFFFFFFFFFFFFFA
:1066B000FFFFFFFFFFFFFFFFFFFFFFFFFFFFFFFFEA
:1066C000FFFFFFFFFFFFFFFFFFFFFFFFFFFFFFFFDA
:1066D000FFFFFFFFFFFFFFFFFFFFFFFFFFFFFFFFCA
:1066E000FFFFFFFFFFFFFFFFFFFFFFFFFFFFFFFFBA
:1066F000FFFFFFFFFFFFFFFFFFFFFFFFFFFFFFFFAA
:10670000FFFFFFFFFFFFFFFFFFFFFFFFFFFFFFFF99
:10671000FFFFFFFFFFFFFFFFFFFFFFFFFFFFFFFF89
:10672000FFFFFFFFFFFFFFFFFFFFFFFFFFFFFFFF79
:10673000FFFFFFFFFFFFFFFFFFFFFFFFFFFFFFFF69
:10674000FFFFFFFFFFFFFFFFFFFFFFFFFFFFFFFF59
:10675000FFFFFFFFFFFFFFFFFFFFFFFFFFFFFFFF49
:10676000FFFFFFFFFFFFFFFFFFFFFFFFFFFFFFFF39
:10677000FFFFFFFFFFFFFFFFFFFFFFFFFFFFFFFF29
:10678000FFFFFFFFFFFFFFFFFFFFFFFFFFFFFFFF19
:10679000FFFFFFFFFFFFFFFFFFFFFFFFFFFFFFFF09
:1067A000FFFFFFFFFFFFFFFFFFFFFFFFFFFFFFFFF9
:1067B000FFFFFFFFFFFFFFFFFFFFFFFFFFFFFFFFE9
:1067C000FFFFFFFFFFFFFFFFFFFFFFFFFFFFFFFFD9
:1067D000FFFFFFFFFFFFFFFFFFFFFFFFFFFFFFFFC9
:1067E000FFFFFFFFFFFFFFFFFFFFFFFFFFFFFFFFB9
:1067F000FFFFFFFFFFFFFFFFFFFFFFFFFFFFFFFFA9
:10680000FFFFFFFFFFFFFFFFFFFFFFFFFFFFFFFF98
:10681000FFFFFFFFFFFFFFFFFFFFFFFFFFFFFFFF88
:10682000FFFFFFFFFFFFFFFFFFFFFFFFFFFFFFFF78
:10683000FFFFFFFFFFFFFFFFFFFFFFFFFFFFFFFF68
:10684000FFFFFFFFFFFFFFFFFFFFFFFFFFFFFFFF58
:10685000FFFFFFFFFFFFFFFFFFFFFFFFFFFFFFFF48
:10686000FFFFFFFFFFFFFFFFFFFFFFFFFFFFFFFF38
:10687000FFFFFFFFFFFFFFFFFFFFFFFFFFFFFFFF28
:10688000FFFFFFFFFFFFFFFFFFFFFFFFFFFFFFFF18
:10689000FFFFFFFFFFFFFFFFFFFFFFFFFFFFFFFF08
:1068A000FFFFFFFFFFFFFFFFFFFFFFFFFFFFFFFFF8
:1068B000FFFFFFFFFFFFFFFFFFFFFFFFFFFFFFFFE8
:1068C000FFFFFFFFFFFFFFFFFFFFFFFFFFFFFFFFD8
:1068D000FFFFFFFFFFFFFFFFFFFFFFFFFFFFFFFFC8
:1068E000FFFFFFFFFFFFFFFFFFFFFFFFFFFFFFFFB8
:1068F000FFFFFFFFFFFFFFFFFFFFFFFFFFFFFFFFA8
:10690000FFFFFFFFFFFFFFFFFFFFFFFFFFFFFFFF97
:10691000FFFFFFFFFFFFFFFFFFFFFFFFFFFFFFFF87
:10692000FFFFFFFFFFFFFFFFFFFFFFFFFFFFFFFF77
:10693000FFFFFFFFFFFFFFFFFFFFFFFFFFFFFFFF67
:10694000FFFFFFFFFFFFFFFFFFFFFFFFFFFFFFFF57
:10695000FFFFFFFFFFFFFFFFFFFFFFFFFFFFFFFF47
:10696000FFFFFFFFFFFFFFFFFFFFFFFFFFFFFFFF37
:10697000FFFFFFFFFFFFFFFFFFFFFFFFFFFFFFFF27
:10698000FFFFFFFFFFFFFFFFFFFFFFFFFFFFFFFF17
:10699000FFFFFFFFFFFFFFFFFFFFFFFFFFFFFFFF07
:1069A000FFFFFFFFFFFFFFFFFFFFFFFFFFFFFFFFF7
:1069B000FFFFFFFFFFFFFFFFFFFFFFFFFFFFFFFFE7
:1069C000FFFFFFFFFFFFFFFFFFFFFFFFFFFFFFFFD7
:1069D000FFFFFFFFFFFFFFFFFFFFFFFFFFFFFFFFC7
:1069E000FFFFFFFFFFFFFFFFFFFFFFFFFFFFFFFFB7
:1069F000FFFFFFFFFFFFFFFFFFFFFFFFFFFFFFFFA7
:106A0000FFFFFFFFFFFFFFFFFFFFFFFFFFFFFFFF96
:106A1000FFFFFFFFFFFFFFFFFFFFFFFFFFFFFFFF86
:106A2000FFFFFFFFFFFFFFFFFFFFFFFFFFFFFFFF76
:106A3000FFFFFFFFFFFFFFFFFFFFFFFFFFFFFFFF66
:106A4000FFFFFFFFFFFFFFFFFFFFFFFFFFFFFFFF56
:106A5000FFFFFFFFFFFFFFFFFFFFFFFFFFFFFFFF46
:106A6000FFFFFFFFFFFFFFFFFFFFFFFFFFFFFFFF36
:106A7000FFFFFFFFFFFFFFFFFFFFFFFFFFFFFFFF26
:106A8000FFFFFFFFFFFFFFFFFFFFFFFFFFFFFFFF16
:106A9000FFFFFFFFFFFFFFFFFFFFFFFFFFFFFFFF06
:106AA000FFFFFFFFFFFFFFFFFFFFFFFFFFFFFFFFF6
:106AB000FFFFFFFFFFFFFFFFFFFFFFFFFFFFFFFFE6
:106AC000FFFFFFFFFFFFFFFFFFFFFFFFFFFFFFFFD6
:106AD000FFFFFFFFFFFFFFFFFFFFFFFFFFFFFFFFC6
:106AE000FFFFFFFFFFFFFFFFFFFFFFFFFFFFFFFFB6
:106AF000FFFFFFFFFFFFFFFFFFFFFFFFFFFFFFFFA6
:106B0000FFFFFFFFFFFFFFFFFFFFFFFFFFFFFFFF95
:106B1000FFFFFFFFFFFFFFFFFFFFFFFFFFFFFFFF85
:106B2000FFFFFFFFFFFFFFFFFFFFFFFFFFFFFFFF75
:106B3000FFFFFFFFFFFFFFFFFFFFFFFFFFFFFFFF65
:106B4000FFFFFFFFFFFFFFFFFFFFFFFFFFFFFFFF55
:106B5000FFFFFFFFFFFFFFFFFFFFFFFFFFFFFFFF45
:106B6000FFFFFFFFFFFFFFFFFFFFFFFFFFFFFFFF35
:106B7000FFFFFFFFFFFFFFFFFFFFFFFFFFFFFFFF25
:106B8000FFFFFFFFFFFFFFFFFFFFFFFFFFFFFFFF15
:106B9000FFFFFFFFFFFFFFFFFFFFFFFFFFFFFFFF05
:106BA000FFFFFFFFFFFFFFFFFFFFFFFFFFFFFFFFF5
:106BB000FFFFFFFFFFFFFFFFFFFFFFFFFFFFFFFFE5
:106BC000FFFFFFFFFFFFFFFFFFFFFFFFFFFFFFFFD5
:106BD000FFFFFFFFFFFFFFFFFFFFFFFFFFFFFFFFC5
:106BE000FFFFFFFFFFFFFFFFFFFFFFFFFFFFFFFFB5
:106BF000FFFFFFFFFFFFFFFFFFFFFFFFFFFFFFFFA5
:106C0000FFFFFFFFFFFFFFFFFFFFFFFFFFFFFFFF94
:106C1000FFFFFFFFFFFFFFFFFFFFFFFFFFFFFFFF84
:106C2000FFFFFFFFFFFFFFFFFFFFFFFFFFFFFFFF74
:106C3000FFFFFFFFFFFFFFFFFFFFFFFFFFFFFFFF64
:106C4000FFFFFFFFFFFFFFFFFFFFFFFFFFFFFFFF54
:106C5000FFFFFFFFFFFFFFFFFFFFFFFFFFFFFFFF44
:106C6000FFFFFFFFFFFFFFFFFFFFFFFFFFFFFFFF34
:106C7000FFFFFFFFFFFFFFFFFFFFFFFFFFFFFFFF24
:106C8000FFFFFFFFFFFFFFFFFFFFFFFFFFFFFFFF14
:106C9000FFFFFFFFFFFFFFFFFFFFFFFFFFFFFFFF04
:106CA000FFFFFFFFFFFFFFFFFFFFFFFFFFFFFFFFF4
:106CB000FFFFFFFFFFFFFFFFFFFFFFFFFFFFFFFFE4
:106CC000FFFFFFFFFFFFFFFFFFFFFFFFFFFFFFFFD4
:106CD000FFFFFFFFFFFFFFFFFFFFFFFFFFFFFFFFC4
:106CE000FFFFFFFFFFFFFFFFFFFFFFFFFFFFFFFFB4
:106CF000FFFFFFFFFFFFFFFFFFFFFFFFFFFFFFFFA4
:106D0000FFFFFFFFFFFFFFFFFFFFFFFFFFFFFFFF93
:106D1000FFFFFFFFFFFFFFFFFFFFFFFFFFFFFFFF83
:106D2000FFFFFFFFFFFFFFFFFFFFFFFFFFFFFFFF73
:106D3000FFFFFFFFFFFFFFFFFFFFFFFFFFFFFFFF63
:106D4000FFFFFFFFFFFFFFFFFFFFFFFFFFFFFFFF53
:106D5000FFFFFFFFFFFFFFFFFFFFFFFFFFFFFFFF43
:106D6000FFFFFFFFFFFFFFFFFFFFFFFFFFFFFFFF33
:106D7000FFFFFFFFFFFFFFFFFFFFFFFFFFFFFFFF23
:106D8000FFFFFFFFFFFFFFFFFFFFFFFFFFFFFFFF13
:106D9000FFFFFFFFFFFFFFFFFFFFFFFFFFFFFFFF03
:106DA000FFFFFFFFFFFFFFFFFFFFFFFFFFFFFFFFF3
:106DB000FFFFFFFFFFFFFFFFFFFFFFFFFFFFFFFFE3
:106DC000FFFFFFFFFFFFFFFFFFFFFFFFFFFFFFFFD3
:106DD000FFFFFFFFFFFFFFFFFFFFFFFFFFFFFFFFC3
:106DE000FFFFFFFFFFFFFFFFFFFFFFFFFFFFFFFFB3
:106DF000FFFFFFFFFFFFFFFFFFFFFFFFFFFFFFFFA3
:106E0000FFFFFFFFFFFFFFFFFFFFFFFFFFFFFFFF92
:106E1000FFFFFFFFFFFFFFFFFFFFFFFFFFFFFFFF82
:106E2000FFFFFFFFFFFFFFFFFFFFFFFFFFFFFFFF72
:106E3000FFFFFFFFFFFFFFFFFFFFFFFFFFFFFFFF62
:106E4000FFFFFFFFFFFFFFFFFFFFFFFFFFFFFFFF52
:106E5000FFFFFFFFFFFFFFFFFFFFFFFFFFFFFFFF42
:106E6000FFFFFFFFFFFFFFFFFFFFFFFFFFFFFFFF32
:106E7000FFFFFFFFFFFFFFFFFFFFFFFFFFFFFFFF22
:106E8000FFFFFFFFFFFFFFFFFFFFFFFFFFFFFFFF12
:106E9000FFFFFFFFFFFFFFFFFFFFFFFFFFFFFFFF02
:106EA000FFFFFFFFFFFFFFFFFFFFFFFFFFFFFFFFF2
:106EB000FFFFFFFFFFFFFFFFFFFFFFFFFFFFFFFFE2
:106EC000FFFFFFFFFFFFFFFFFFFFFFFFFFFFFFFFD2
:106ED000FFFFFFFFFFFFFFFFFFFFFFFFFFFFFFFFC2
:106EE000FFFFFFFFFFFFFFFFFFFFFFFFFFFFFFFFB2
:106EF000FFFFFFFFFFFFFFFFFFFFFFFFFFFFFFFFA2
:106F0000FFFFFFFFFFFFFFFFFFFFFFFFFFFFFFFF91
:106F1000FFFFFFFFFFFFFFFFFFFFFFFFFFFFFFFF81
:106F2000FFFFFFFFFFFFFFFFFFFFFFFFFFFFFFFF71
:106F3000FFFFFFFFFFFFFFFFFFFFFFFFFFFFFFFF61
:106F4000FFFFFFFFFFFFFFFFFFFFFFFFFFFFFFFF51
:106F5000FFFFFFFFFFFFFFFFFFFFFFFFFFFFFFFF41
:106F6000FFFFFFFFFFFFFFFFFFFFFFFFFFFFFFFF31
:106F7000FFFFFFFFFFFFFFFFFFFFFFFFFFFFFFFF21
:106F8000FFFFFFFFFFFFFFFFFFFFFFFFFFFFFFFF11
:106F9000FFFFFFFFFFFFFFFFFFFFFFFFFFFFFFFF01
:106FA000FFFFFFFFFFFFFFFFFFFFFFFFFFFFFFFFF1
:106FB000FFFFFFFFFFFFFFFFFFFFFFFFFFFFFFFFE1
:106FC000FFFFFFFFFFFFFFFFFFFFFFFFFFFFFFFFD1
:106FD000FFFFFFFFFFFFFFFFFFFFFFFFFFFFFFFFC1
:106FE000FFFFFFFFFFFFFFFFFFFFFFFFFFFFFFFFB1
:106FF000FFFFFFFFFFFFFFFFFFFFFFFFFFFFFFFFA1
:10700000FFFFFFFFFFFFFFFFFFFFFFFFFFFFFFFF90
:10701000FFFFFFFFFFFFFFFFFFFFFFFFFFFFFFFF80
:10702000FFFFFFFFFFFFFFFFFFFFFFFFFFFFFFFF70
:10703000FFFFFFFFFFFFFFFFFFFFFFFFFFFFFFFF60
:10704000FFFFFFFFFFFFFFFFFFFFFFFFFFFFFFFF50
:10705000FFFFFFFFFFFFFFFFFFFFFFFFFFFFFFFF40
:10706000FFFFFFFFFFFFFFFFFFFFFFFFFFFFFFFF30
:10707000FFFFFFFFFFFFFFFFFFFFFFFFFFFFFFFF20
:10708000FFFFFFFFFFFFFFFFFFFFFFFFFFFFFFFF10
:10709000FFFFFFFFFFFFFFFFFFFFFFFFFFFFFFFF00
:1070A000FFFFFFFFFFFFFFFFFFFFFFFFFFFFFFFFF0
:1070B000FFFFFFFFFFFFFFFFFFFFFFFFFFFFFFFFE0
:1070C000FFFFFFFFFFFFFFFFFFFFFFFFFFFFFFFFD0
:1070D000FFFFFFFFFFFFFFFFFFFFFFFFFFFFFFFFC0
:1070E000FFFFFFFFFFFFFFFFFFFFFFFFFFFFFFFFB0
:1070F000FFFFFFFFFFFFFFFFFFFFFFFFFFFFFFFFA0
:10710000FFFFFFFFFFFFFFFFFFFFFFFFFFFFFFFF8F
:10711000FFFFFFFFFFFFFFFFFFFFFFFFFFFFFFFF7F
:10712000FFFFFFFFFFFFFFFFFFFFFFFFFFFFFFFF6F
:10713000FFFFFFFFFFFFFFFFFFFFFFFFFFFFFFFF5F
:10714000FFFFFFFFFFFFFFFFFFFFFFFFFFFFFFFF4F
:10715000FFFFFFFFFFFFFFFFFFFFFFFFFFFFFFFF3F
:10716000FFFFFFFFFFFFFFFFFFFFFFFFFFFFFFFF2F
:10717000FFFFFFFFFFFFFFFFFFFFFFFFFFFFFFFF1F
:10718000FFFFFFFFFFFFFFFFFFFFFFFFFFFFFFFF0F
:10719000FFFFFFFFFFFFFFFFFFFFFFFFFFFFFFFFFF
:1071A000FFFFFFFFFFFFFFFFFFFFFFFFFFFFFFFFEF
:1071B000FFFFFFFFFFFFFFFFFFFFFFFFFFFFFFFFDF
:1071C000FFFFFFFFFFFFFFFFFFFFFFFFFFFFFFFFCF
:1071D000FFFFFFFFFFFFFFFFFFFFFFFFFFFFFFFFBF
:1071E000FFFFFFFFFFFFFFFFFFFFFFFFFFFFFFFFAF
:1071F000FFFFFFFFFFFFFFFFFFFFFFFFFFFFFFFF9F
:10720000FFFFFFFFFFFFFFFFFFFFFFFFFFFFFFFF8E
:10721000FFFFFFFFFFFFFFFFFFFFFFFFFFFFFFFF7E
:10722000FFFFFFFFFFFFFFFFFFFFFFFFFFFFFFFF6E
:10723000FFFFFFFFFFFFFFFFFFFFFFFFFFFFFFFF5E
:10724000FFFFFFFFFFFFFFFFFFFFFFFFFFFFFFFF4E
:10725000FFFFFFFFFFFFFFFFFFFFFFFFFFFFFFFF3E
:10726000FFFFFFFFFFFFFFFFFFFFFFFFFFFFFFFF2E
:10727000FFFFFFFFFFFFFFFFFFFFFFFFFFFFFFFF1E
:10728000FFFFFFFFFFFFFFFFFFFFFFFFFFFFFFFF0E
:10729000FFFFFFFFFFFFFFFFFFFFFFFFFFFFFFFFFE
:1072A000FFFFFFFFFFFFFFFFFFFFFFFFFFFFFFFFEE
:1072B000FFFFFFFFFFFFFFFFFFFFFFFFFFFFFFFFDE
:1072C000FFFFFFFFFFFFFFFFFFFFFFFFFFFFFFFFCE
:1072D000FFFFFFFFFFFFFFFFFFFFFFFFFFFFFFFFBE
:1072E000FFFFFFFFFFFFFFFFFFFFFFFFFFFFFFFFAE
:1072F000FFFFFFFFFFFFFFFFFFFFFFFFFFFFFFFF9E
:10730000FFFFFFFFFFFFFFFFFFFFFFFFFFFFFFFF8D
:10731000FFFFFFFFFFFFFFFFFFFFFFFFFFFFFFFF7D
:10732000FFFFFFFFFFFFFFFFFFFFFFFFFFFFFFFF6D
:10733000FFFFFFFFFFFFFFFFFFFFFFFFFFFFFFFF5D
:10734000FFFFFFFFFFFFFFFFFFFFFFFFFFFFFFFF4D
:10735000FFFFFFFFFFFFFFFFFFFFFFFFFFFFFFFF3D
:10736000FFFFFFFFFFFFFFFFFFFFFFFFFFFFFFFF2D
:10737000FFFFFFFFFFFFFFFFFFFFFFFFFFFFFFFF1D
:10738000FFFFFFFFFFFFFFFFFFFFFFFFFFFFFFFF0D
:10739000FFFFFFFFFFFFFFFFFFFFFFFFFFFFFFFFFD
:1073A000FFFFFFFFFFFFFFFFFFFFFFFFFFFFFFFFED
:1073B000FFFFFFFFFFFFFFFFFFFFFFFFFFFFFFFFDD
:1073C000FFFFFFFFFFFFFFFFFFFFFFFFFFFFFFFFCD
:1073D000FFFFFFFFFFFFFFFFFFFFFFFFFFFFFFFFBD
:1073E000FFFFFFFFFFFFFFFFFFFFFFFFFFFFFFFFAD
:1073F000FFFFFFFFFFFFFFFFFFFFFFFFFFFFFFFF9D
:10740000FFFFFFFFFFFFFFFFFFFFFFFFFFFFFFFF8C
:10741000FFFFFFFFFFFFFFFFFFFFFFFFFFFFFFFF7C
:10742000FFFFFFFFFFFFFFFFFFFFFFFFFFFFFFFF6C
:10743000FFFFFFFFFFFFFFFFFFFFFFFFFFFFFFFF5C
:10744000FFFFFFFFFFFFFFFFFFFFFFFFFFFFFFFF4C
:10745000FFFFFFFFFFFFFFFFFFFFFFFFFFFFFFFF3C
:10746000FFFFFFFFFFFFFFFFFFFFFFFFFFFFFFFF2C
:10747000FFFFFFFFFFFFFFFFFFFFFFFFFFFFFFFF1C
:10748000FFFFFFFFFFFFFFFFFFFFFFFFFFFFFFFF0C
:10749000FFFFFFFFFFFFFFFFFFFFFFFFFFFFFFFFFC
:1074A000FFFFFFFFFFFFFFFFFFFFFFFFFFFFFFFFEC
:1074B000FFFFFFFFFFFFFFFFFFFFFFFFFFFFFFFFDC
:1074C000FFFFFFFFFFFFFFFFFFFFFFFFFFFFFFFFCC
:1074D000FFFFFFFFFFFFFFFFFFFFFFFFFFFFFFFFBC
:1074E000FFFFFFFFFFFFFFFFFFFFFFFFFFFFFFFFAC
:1074F000FFFFFFFFFFFFFFFFFFFFFFFFFFFFFFFF9C
:10750000FFFFFFFFFFFFFFFFFFFFFFFFFFFFFFFF8B
:10751000FFFFFFFFFFFFFFFFFFFFFFFFFFFFFFFF7B
:10752000FFFFFFFFFFFFFFFFFFFFFFFFFFFFFFFF6B
:10753000FFFFFFFFFFFFFFFFFFFFFFFFFFFFFFFF5B
:10754000FFFFFFFFFFFFFFFFFFFFFFFFFFFFFFFF4B
:10755000FFFFFFFFFFFFFFFFFFFFFFFFFFFFFFFF3B
:10756000FFFFFFFFFFFFFFFFFFFFFFFFFFFFFFFF2B
:10757000FFFFFFFFFFFFFFFFFFFFFFFFFFFFFFFF1B
:10758000FFFFFFFFFFFFFFFFFFFFFFFFFFFFFFFF0B
:10759000FFFFFFFFFFFFFFFFFFFFFFFFFFFFFFFFFB
:1075A000FFFFFFFFFFFFFFFFFFFFFFFFFFFFFFFFEB
:1075B000FFFFFFFFFFFFFFFFFFFFFFFFFFFFFFFFDB
:1075C000FFFFFFFFFFFFFFFFFFFFFFFFFFFFFFFFCB
:1075D000FFFFFFFFFFFFFFFFFFFFFFFFFFFFFFFFBB
:1075E000FFFFFFFFFFFFFFFFFFFFFFFFFFFFFFFFAB
:1075F000FFFFFFFFFFFFFFFFFFFFFFFFFFFFFFFF9B
:10760000FFFFFFFFFFFFFFFFFFFFFFFFFFFFFFFF8A
:10761000FFFFFFFFFFFFFFFFFFFFFFFFFFFFFFFF7A
:10762000FFFFFFFFFFFFFFFFFFFFFFFFFFFFFFFF6A
:10763000FFFFFFFFFFFFFFFFFFFFFFFFFFFFFFFF5A
:10764000FFFFFFFFFFFFFFFFFFFFFFFFFFFFFFFF4A
:10765000FFFFFFFFFFFFFFFFFFFFFFFFFFFFFFFF3A
:10766000FFFFFFFFFFFFFFFFFFFFFFFFFFFFFFFF2A
:10767000FFFFFFFFFFFFFFFFFFFFFFFFFFFFFFFF1A
:10768000FFFFFFFFFFFFFFFFFFFFFFFFFFFFFFFF0A
:10769000FFFFFFFFFFFFFFFFFFFFFFFFFFFFFFFFFA
:1076A000FFFFFFFFFFFFFFFFFFFFFFFFFFFFFFFFEA
:1076B000FFFFFFFFFFFFFFFFFFFFFFFFFFFFFFFFDA
:1076C000FFFFFFFFFFFFFFFFFFFFFFFFFFFFFFFFCA
:1076D000FFFFFFFFFFFFFFFFFFFFFFFFFFFFFFFFBA
:1076E000FFFFFFFFFFFFFFFFFFFFFFFFFFFFFFFFAA
:1076F000FFFFFFFFFFFFFFFFFFFFFFFFFFFFFFFF9A
:10770000FFFFFFFFFFFFFFFFFFFFFFFFFFFFFFFF89
:10771000FFFFFFFFFFFFFFFFFFFFFFFFFFFFFFFF79
:10772000FFFFFFFFFFFFFFFFFFFFFFFFFFFFFFFF69
:10773000FFFFFFFFFFFFFFFFFFFFFFFFFFFFFFFF59
:10774000FFFFFFFFFFFFFFFFFFFFFFFFFFFFFFFF49
:10775000FFFFFFFFFFFFFFFFFFFFFFFFFFFFFFFF39
:10776000FFFFFFFFFFFFFFFFFFFFFFFFFFFFFFFF29
:10777000FFFFFFFFFFFFFFFFFFFFFFFFFFFFFFFF19
:10778000FFFFFFFFFFFFFFFFFFFFFFFFFFFFFFFF09
:10779000FFFFFFFFFFFFFFFFFFFFFFFFFFFFFFFFF9
:1077A000FFFFFFFFFFFFFFFFFFFFFFFFFFFFFFFFE9
:1077B000FFFFFFFFFFFFFFFFFFFFFFFFFFFFFFFFD9
:1077C000FFFFFFFFFFFFFFFFFFFFFFFFFFFFFFFFC9
:1077D000FFFFFFFFFFFFFFFFFFFFFFFFFFFFFFFFB9
:1077E000FFFFFFFFFFFFFFFFFFFFFFFFFFFFFFFFA9
:1077F000FFFFFFFFFFFFFFFFFFFFFFFFFFFFFFFF99
:10780000FFFFFFFFFFFFFFFFFFFFFFFFFFFFFFFF88
:10781000FFFFFFFFFFFFFFFFFFFFFFFFFFFFFFFF78
:10782000FFFFFFFFFFFFFFFFFFFFFFFFFFFFFFFF68
:10783000FFFFFFFFFFFFFFFFFFFFFFFFFFFFFFFF58
:10784000FFFFFFFFFFFFFFFFFFFFFFFFFFFFFFFF48
:10785000FFFFFFFFFFFFFFFFFFFFFFFFFFFFFFFF38
:10786000FFFFFFFFFFFFFFFFFFFFFFFFFFFFFFFF28
:10787000FFFFFFFFFFFFFFFFFFFFFFFFFFFFFFFF18
:10788000FFFFFFFFFFFFFFFFFFFFFFFFFFFFFFFF08
:10789000FFFFFFFFFFFFFFFFFFFFFFFFFFFFFFFFF8
:1078A000FFFFFFFFFFFFFFFFFFFFFFFFFFFFFFFFE8
:1078B000FFFFFFFFFFFFFFFFFFFFFFFFFFFFFFFFD8
:1078C000FFFFFFFFFFFFFFFFFFFFFFFFFFFFFFFFC8
:1078D000FFFFFFFFFFFFFFFFFFFFFFFFFFFFFFFFB8
:1078E000FFFFFFFFFFFFFFFFFFFFFFFFFFFFFFFFA8
:1078F000FFFFFFFFFFFFFFFFFFFFFFFFFFFFFFFF98
:10790000FFFFFFFFFFFFFFFFFFFFFFFFFFFFFFFF87
:10791000FFFFFFFFFFFFFFFFFFFFFFFFFFFFFFFF77
:10792000FFFFFFFFFFFFFFFFFFFFFFFFFFFFFFFF67
:10793000FFFFFFFFFFFFFFFFFFFFFFFFFFFFFFFF57
:10794000FFFFFFFFFFFFFFFFFFFFFFFFFFFFFFFF47
:10795000FFFFFFFFFFFFFFFFFFFFFFFFFFFFFFFF37
:10796000FFFFFFFFFFFFFFFFFFFFFFFFFFFFFFFF27
:10797000FFFFFFFFFFFFFFFFFFFFFFFFFFFFFFFF17
:10798000FFFFFFFFFFFFFFFFFFFFFFFFFFFFFFFF07
:10799000FFFFFFFFFFFFFFFFFFFFFFFFFFFFFFFFF7
:1079A000FFFFFFFFFFFFFFFFFFFFFFFFFFFFFFFFE7
:1079B000FFFFFFFFFFFFFFFFFFFFFFFFFFFFFFFFD7
:1079C000FFFFFFFFFFFFFFFFFFFFFFFFFFFFFFFFC7
:1079D000FFFFFFFFFFFFFFFFFFFFFFFFFFFFFFFFB7
:1079E000FFFFFFFFFFFFFFFFFFFFFFFFFFFFFFFFA7
:1079F000FFFFFFFFFFFFFFFFFFFFFFFFFFFFFFFF97
:107A0000FFFFFFFFFFFFFFFFFFFFFFFFFFFFFFFF86
:107A1000FFFFFFFFFFFFFFFFFFFFFFFFFFFFFFFF76
:107A2000FFFFFFFFFFFFFFFFFFFFFFFFFFFFFFFF66
:107A3000FFFFFFFFFFFFFFFFFFFFFFFFFFFFFFFF56
:107A4000FFFFFFFFFFFFFFFFFFFFFFFFFFFFFFFF46
:107A5000FFFFFFFFFFFFFFFFFFFFFFFFFFFFFFFF36
:107A6000FFFFFFFFFFFFFFFFFFFFFFFFFFFFFFFF26
:107A7000FFFFFFFFFFFFFFFFFFFFFFFFFFFFFFFF16
:107A8000FFFFFFFFFFFFFFFFFFFFFFFFFFFFFFFF06
:107A9000FFFFFFFFFFFFFFFFFFFFFFFFFFFFFFFFF6
:107AA000FFFFFFFFFFFFFFFFFFFFFFFFFFFFFFFFE6
:107AB000FFFFFFFFFFFFFFFFFFFFFFFFFFFFFFFFD6
:107AC000FFFFFFFFFFFFFFFFFFFFFFFFFFFFFFFFC6
:107AD000FFFFFFFFFFFFFFFFFFFFFFFFFFFFFFFFB6
:107AE000FFFFFFFFFFFFFFFFFFFFFFFFFFFFFFFFA6
:107AF000FFFFFFFFFFFFFFFFFFFFFFFFFFFFFFFF96
:107B0000FFFFFFFFFFFFFFFFFFFFFFFFFFFFFFFF85
:107B1000FFFFFFFFFFFFFFFFFFFFFFFFFFFFFFFF75
:107B2000FFFFFFFFFFFFFFFFFFFFFFFFFFFFFFFF65
:107B3000FFFFFFFFFFFFFFFFFFFFFFFFFFFFFFFF55
:107B4000FFFFFFFFFFFFFFFFFFFFFFFFFFFFFFFF45
:107B5000FFFFFFFFFFFFFFFFFFFFFFFFFFFFFFFF35
:107B6000FFFFFFFFFFFFFFFFFFFFFFFFFFFFFFFF25
:107B7000FFFFFFFFFFFFFFFFFFFFFFFFFFFFFFFF15
:107B8000FFFFFFFFFFFFFFFFFFFFFFFFFFFFFFFF05
:107B9000FFFFFFFFFFFFFFFFFFFFFFFFFFFFFFFFF5
:107BA000FFFFFFFFFFFFFFFFFFFFFFFFFFFFFFFFE5
:107BB000FFFFFFFFFFFFFFFFFFFFFFFFFFFFFFFFD5
:107BC000FFFFFFFFFFFFFFFFFFFFFFFFFFFFFFFFC5
:107BD000FFFFFFFFFFFFFFFFFFFFFFFFFFFFFFFFB5
:107BE000FFFFFFFFFFFFFFFFFFFFFFFFFFFFFFFFA5
:107BF000FFFFFFFFFFFFFFFFFFFFFFFFFFFFFFFF95
:107C0000FFFFFFFFFFFFFFFFFFFFFFFFFFFFFFFF84
:107C1000FFFFFFFFFFFFFFFFFFFFFFFFFFFFFFFF74
:107C2000FFFFFFFFFFFFFFFFFFFFFFFFFFFFFFFF64
:107C3000FFFFFFFFFFFFFFFFFFFFFFFFFFFFFFFF54
:107C4000FFFFFFFFFFFFFFFFFFFFFFFFFFFFFFFF44
:107C5000FFFFFFFFFFFFFFFFFFFFFFFFFFFFFFFF34
:107C6000FFFFFFFFFFFFFFFFFFFFFFFFFFFFFFFF24
:107C7000FFFFFFFFFFFFFFFFFFFFFFFFFFFFFFFF14
:107C8000FFFFFFFFFFFFFFFFFFFFFFFFFFFFFFFF04
:107C9000FFFFFFFFFFFFFFFFFFFFFFFFFFFFFFFFF4
:107CA000FFFFFFFFFFFFFFFFFFFFFFFFFFFFFFFFE4
:107CB000FFFFFFFFFFFFFFFFFFFFFFFFFFFFFFFFD4
:107CC000FFFFFFFFFFFFFFFFFFFFFFFFFFFFFFFFC4
:107CD000FFFFFFFFFFFFFFFFFFFFFFFFFFFFFFFFB4
:107CE000FFFFFFFFFFFFFFFFFFFFFFFFFFFFFFFFA4
:107CF000FFFFFFFFFFFFFFFFFFFFFFFFFFFFFFFF94
:107D0000FFFFFFFFFFFFFFFFFFFFFFFFFFFFFFFF83
:107D1000FFFFFFFFFFFFFFFFFFFFFFFFFFFFFFFF73
:107D2000FFFFFFFFFFFFFFFFFFFFFFFFFFFFFFFF63
:107D3000FFFFFFFFFFFFFFFFFFFFFFFFFFFFFFFF53
:107D4000FFFFFFFFFFFFFFFFFFFFFFFFFFFFFFFF43
:107D5000FFFFFFFFFFFFFFFFFFFFFFFFFFFFFFFF33
:107D6000FFFFFFFFFFFFFFFFFFFFFFFFFFFFFFFF23
:107D7000FFFFFFFFFFFFFFFFFFFFFFFFFFFFFFFF13
:107D8000FFFFFFFFFFFFFFFFFFFFFFFFFFFFFFFF03
:107D9000FFFFFFFFFFFFFFFFFFFFFFFFFFFFFFFFF3
:107DA000FFFFFFFFFFFFFFFFFFFFFFFFFFFFFFFFE3
:107DB000FFFFFFFFFFFFFFFFFFFFFFFFFFFFFFFFD3
:107DC000FFFFFFFFFFFFFFFFFFFFFFFFFFFFFFFFC3
:107DD000FFFFFFFFFFFFFFFFFFFFFFFFFFFFFFFFB3
:107DE000FFFFFFFFFFFFFFFFFFFFFFFFFFFFFFFFA3
:107DF000FFFFFFFFFFFFFFFFFFFFFFFFFFFFFFFF93
:107E0000FFFFFFFFFFFFFFFFFFFFFFFFFFFFFFFF82
:107E1000FFFFFFFFFFFFFFFFFFFFFFFFFFFFFFFF72
:107E2000FFFFFFFFFFFFFFFFFFFFFFFFFFFFFFFF62
:107E3000FFFFFFFFFFFFFFFFFFFFFFFFFFFFFFFF52
:107E4000FFFFFFFFFFFFFFFFFFFFFFFFFFFFFFFF42
:107E5000FFFFFFFFFFFFFFFFFFFFFFFFFFFFFFFF32
:107E6000FFFFFFFFFFFFFFFFFFFFFFFFFFFFFFFF22
:107E7000FFFFFFFFFFFFFFFFFFFFFFFFFFFFFFFF12
:107E8000FFFFFFFFFFFFFFFFFFFFFFFFFFFFFFFF02
:107E9000FFFFFFFFFFFFFFFFFFFFFFFFFFFFFFFFF2
:107EA000FFFFFFFFFFFFFFFFFFFFFFFFFFFFFFFFE2
:107EB000FFFFFFFFFFFFFFFFFFFFFFFFFFFFFFFFD2
:107EC000FFFFFFFFFFFFFFFFFFFFFFFFFFFFFFFFC2
:107ED000FFFFFFFFFFFFFFFFFFFFFFFFFFFFFFFFB2
:107EE000FFFFFFFFFFFFFFFFFFFFFFFFFFFFFFFFA2
:107EF000FFFFFFFFFFFFFFFFFFFFFFFFFFFFFFFF92
:107F0000FFFFFFFFFFFFFFFFFFFFFFFFFFFFFFFF81
:107F1000FFFFFFFFFFFFFFFFFFFFFFFFFFFFFFFF71
:107F2000FFFFFFFFFFFFFFFFFFFFFFFFFFFFFFFF61
:107F3000FFFFFFFFFFFFFFFFFFFFFFFFFFFFFFFF51
:107F4000FFFFFFFFFFFFFFFFFFFFFFFFFFFFFFFF41
:107F5000FFFFFFFFFFFFFFFFFFFFFFFFFFFFFFFF31
:107F6000FFFFFFFFFFFFFFFFFFFFFFFFFFFFFFFF21
:107F7000FFFFFFFFFFFFFFFFFFFFFFFFFFFFFFFF11
:107F8000FFFFFFFFFFFFFFFFFFFFFFFFFFFFFFFF01
:107F9000FFFFFFFFFFFFFFFFFFFFFFFFFFFFFFFFF1
:107FA000FFFFFFFFFFFFFFFFFFFFFFFFFFFFFFFFE1
:107FB000FFFFFFFFFFFFFFFFFFFFFFFFFFFFFFFFD1
:107FC000FFFFFFFFFFFFFFFFFFFFFFFFFFFFFFFFC1
:107FD000FFFFFFFFFFFFFFFFFFFFFFFFFFFFFFFFB1
:107FE000FFFFFFFFFFFFFFFFFFFFFFFFFFFFFFFFA1
:107FF000FFFFFFFFFFFFFFFFFFFFFFFFFFFFFFFF91
:10800000FFFFFFFFFFFFFFFFFFFFFFFFFFFFFFFF80
:10801000FFFFFFFFFFFFFFFFFFFFFFFFFFFFFFFF70
:10802000FFFFFFFFFFFFFFFFFFFFFFFFFFFFFFFF60
:10803000FFFFFFFFFFFFFFFFFFFFFFFFFFFFFFFF50
:10804000FFFFFFFFFFFFFFFFFFFFFFFFFFFFFFFF40
:10805000FFFFFFFFFFFFFFFFFFFFFFFFFFFFFFFF30
:10806000FFFFFFFFFFFFFFFFFFFFFFFFFFFFFFFF20
:10807000FFFFFFFFFFFFFFFFFFFFFFFFFFFFFFFF10
:10808000FFFFFFFFFFFFFFFFFFFFFFFFFFFFFFFF00
:10809000FFFFFFFFFFFFFFFFFFFFFFFFFFFFFFFFF0
:1080A000FFFFFFFFFFFFFFFFFFFFFFFFFFFFFFFFE0
:1080B000FFFFFFFFFFFFFFFFFFFFFFFFFFFFFFFFD0
:1080C000FFFFFFFFFFFFFFFFFFFFFFFFFFFFFFFFC0
:1080D000FFFFFFFFFFFFFFFFFFFFFFFFFFFFFFFFB0
:1080E000FFFFFFFFFFFFFFFFFFFFFFFFFFFFFFFFA0
:1080F000FFFFFFFFFFFFFFFFFFFFFFFFFFFFFFFF90
:10810000FFFFFFFFFFFFFFFFFFFFFFFFFFFFFFFF7F
:10811000FFFFFFFFFFFFFFFFFFFFFFFFFFFFFFFF6F
:10812000FFFFFFFFFFFFFFFFFFFFFFFFFFFFFFFF5F
:10813000FFFFFFFFFFFFFFFFFFFFFFFFFFFFFFFF4F
:10814000FFFFFFFFFFFFFFFFFFFFFFFFFFFFFFFF3F
:10815000FFFFFFFFFFFFFFFFFFFFFFFFFFFFFFFF2F
:10816000FFFFFFFFFFFFFFFFFFFFFFFFFFFFFFFF1F
:10817000FFFFFFFFFFFFFFFFFFFFFFFFFFFFFFFF0F
:10818000FFFFFFFFFFFFFFFFFFFFFFFFFFFFFFFFFF
:10819000FFFFFFFFFFFFFFFFFFFFFFFFFFFFFFFFEF
:1081A000FFFFFFFFFFFFFFFFFFFFFFFFFFFFFFFFDF
:1081B000FFFFFFFFFFFFFFFFFFFFFFFFFFFFFFFFCF
:1081C000FFFFFFFFFFFFFFFFFFFFFFFFFFFFFFFFBF
:1081D000FFFFFFFFFFFFFFFFFFFFFFFFFFFFFFFFAF
:1081E000FFFFFFFFFFFFFFFFFFFFFFFFFFFFFFFF9F
:1081F000FFFFFFFFFFFFFFFFFFFFFFFFFFFFFFFF8F
:10820000FFFFFFFFFFFFFFFFFFFFFFFFFFFFFFFF7E
:10821000FFFFFFFFFFFFFFFFFFFFFFFFFFFFFFFF6E
:10822000FFFFFFFFFFFFFFFFFFFFFFFFFFFFFFFF5E
:10823000FFFFFFFFFFFFFFFFFFFFFFFFFFFFFFFF4E
:10824000FFFFFFFFFFFFFFFFFFFFFFFFFFFFFFFF3E
:10825000FFFFFFFFFFFFFFFFFFFFFFFFFFFFFFFF2E
:10826000FFFFFFFFFFFFFFFFFFFFFFFFFFFFFFFF1E
:10827000FFFFFFFFFFFFFFFFFFFFFFFFFFFFFFFF0E
:10828000FFFFFFFFFFFFFFFFFFFFFFFFFFFFFFFFFE
:10829000FFFFFFFFFFFFFFFFFFFFFFFFFFFFFFFFEE
:1082A000FFFFFFFFFFFFFFFFFFFFFFFFFFFFFFFFDE
:1082B000FFFFFFFFFFFFFFFFFFFFFFFFFFFFFFFFCE
:1082C000FFFFFFFFFFFFFFFFFFFFFFFFFFFFFFFFBE
:1082D000FFFFFFFFFFFFFFFFFFFFFFFFFFFFFFFFAE
:1082E000FFFFFFFFFFFFFFFFFFFFFFFFFFFFFFFF9E
:1082F000FFFFFFFFFFFFFFFFFFFFFFFFFFFFFFFF8E
:10830000FFFFFFFFFFFFFFFFFFFFFFFFFFFFFFFF7D
:10831000FFFFFFFFFFFFFFFFFFFFFFFFFFFFFFFF6D
:10832000FFFFFFFFFFFFFFFFFFFFFFFFFFFFFFFF5D
:10833000FFFFFFFFFFFFFFFFFFFFFFFFFFFFFFFF4D
:10834000FFFFFFFFFFFFFFFFFFFFFFFFFFFFFFFF3D
:10835000FFFFFFFFFFFFFFFFFFFFFFFFFFFFFFFF2D
:10836000FFFFFFFFFFFFFFFFFFFFFFFFFFFFFFFF1D
:10837000FFFFFFFFFFFFFFFFFFFFFFFFFFFFFFFF0D
:10838000FFFFFFFFFFFFFFFFFFFFFFFFFFFFFFFFFD
:10839000FFFFFFFFFFFFFFFFFFFFFFFFFFFFFFFFED
:1083A000FFFFFFFFFFFFFFFFFFFFFFFFFFFFFFFFDD
:1083B000FFFFFFFFFFFFFFFFFFFFFFFFFFFFFFFFCD
:1083C000FFFFFFFFFFFFFFFFFFFFFFFFFFFFFFFFBD
:1083D000FFFFFFFFFFFFFFFFFFFFFFFFFFFFFFFFAD
:1083E000FFFFFFFFFFFFFFFFFFFFFFFFFFFFFFFF9D
:1083F000FFFFFFFFFFFFFFFFFFFFFFFFFFFFFFFF8D
:10840000FFFFFFFFFFFFFFFFFFFFFFFFFFFFFFFF7C
:10841000FFFFFFFFFFFFFFFFFFFFFFFFFFFFFFFF6C
:10842000FFFFFFFFFFFFFFFFFFFFFFFFFFFFFFFF5C
:10843000FFFFFFFFFFFFFFFFFFFFFFFFFFFFFFFF4C
:10844000FFFFFFFFFFFFFFFFFFFFFFFFFFFFFFFF3C
:10845000FFFFFFFFFFFFFFFFFFFFFFFFFFFFFFFF2C
:10846000FFFFFFFFFFFFFFFFFFFFFFFFFFFFFFFF1C
:10847000FFFFFFFFFFFFFFFFFFFFFFFFFFFFFFFF0C
:10848000FFFFFFFFFFFFFFFFFFFFFFFFFFFFFFFFFC
:10849000FFFFFFFFFFFFFFFFFFFFFFFFFFFFFFFFEC
:1084A000FFFFFFFFFFFFFFFFFFFFFFFFFFFFFFFFDC
:1084B000FFFFFFFFFFFFFFFFFFFFFFFFFFFFFFFFCC
:1084C000FFFFFFFFFFFFFFFFFFFFFFFFFFFFFFFFBC
:1084D000FFFFFFFFFFFFFFFFFFFFFFFFFFFFFFFFAC
:1084E000FFFFFFFFFFFFFFFFFFFFFFFFFFFFFFFF9C
:1084F000FFFFFFFFFFFFFFFFFFFFFFFFFFFFFFFF8C
:10850000FFFFFFFFFFFFFFFFFFFFFFFFFFFFFFFF7B
:10851000FFFFFFFFFFFFFFFFFFFFFFFFFFFFFFFF6B
:10852000FFFFFFFFFFFFFFFFFFFFFFFFFFFFFFFF5B
:10853000FFFFFFFFFFFFFFFFFFFFFFFFFFFFFFFF4B
:10854000FFFFFFFFFFFFFFFFFFFFFFFFFFFFFFFF3B
:10855000FFFFFFFFFFFFFFFFFFFFFFFFFFFFFFFF2B
:10856000FFFFFFFFFFFFFFFFFFFFFFFFFFFFFFFF1B
:10857000FFFFFFFFFFFFFFFFFFFFFFFFFFFFFFFF0B
:10858000FFFFFFFFFFFFFFFFFFFFFFFFFFFFFFFFFB
:10859000FFFFFFFFFFFFFFFFFFFFFFFFFFFFFFFFEB
:1085A000FFFFFFFFFFFFFFFFFFFFFFFFFFFFFFFFDB
:1085B000FFFFFFFFFFFFFFFFFFFFFFFFFFFFFFFFCB
:1085C000FFFFFFFFFFFFFFFFFFFFFFFFFFFFFFFFBB
:1085D000FFFFFFFFFFFFFFFFFFFFFFFFFFFFFFFFAB
:1085E000FFFFFFFFFFFFFFFFFFFFFFFFFFFFFFFF9B
:1085F000FFFFFFFFFFFFFFFFFFFFFFFFFFFFFFFF8B
:10860000FFFFFFFFFFFFFFFFFFFFFFFFFFFFFFFF7A
:10861000FFFFFFFFFFFFFFFFFFFFFFFFFFFFFFFF6A
:10862000FFFFFFFFFFFFFFFFFFFFFFFFFFFFFFFF5A
:10863000FFFFFFFFFFFFFFFFFFFFFFFFFFFFFFFF4A
:10864000FFFFFFFFFFFFFFFFFFFFFFFFFFFFFFFF3A
:10865000FFFFFFFFFFFFFFFFFFFFFFFFFFFFFFFF2A
:10866000FFFFFFFFFFFFFFFFFFFFFFFFFFFFFFFF1A
:10867000FFFFFFFFFFFFFFFFFFFFFFFFFFFFFFFF0A
:10868000FFFFFFFFFFFFFFFFFFFFFFFFFFFFFFFFFA
:10869000FFFFFFFFFFFFFFFFFFFFFFFFFFFFFFFFEA
:1086A000FFFFFFFFFFFFFFFFFFFFFFFFFFFFFFFFDA
:1086B000FFFFFFFFFFFFFFFFFFFFFFFFFFFFFFFFCA
:1086C000FFFFFFFFFFFFFFFFFFFFFFFFFFFFFFFFBA
:1086D000FFFFFFFFFFFFFFFFFFFFFFFFFFFFFFFFAA
:1086E000FFFFFFFFFFFFFFFFFFFFFFFFFFFFFFFF9A
:1086F000FFFFFFFFFFFFFFFFFFFFFFFFFFFFFFFF8A
:10870000FFFFFFFFFFFFFFFFFFFFFFFFFFFFFFFF79
:10871000FFFFFFFFFFFFFFFFFFFFFFFFFFFFFFFF69
:10872000FFFFFFFFFFFFFFFFFFFFFFFFFFFFFFFF59
:10873000FFFFFFFFFFFFFFFFFFFFFFFFFFFFFFFF49
:10874000FFFFFFFFFFFFFFFFFFFFFFFFFFFFFFFF39
:10875000FFFFFFFFFFFFFFFFFFFFFFFFFFFFFFFF29
:10876000FFFFFFFFFFFFFFFFFFFFFFFFFFFFFFFF19
:10877000FFFFFFFFFFFFFFFFFFFFFFFFFFFFFFFF09
:10878000FFFFFFFFFFFFFFFFFFFFFFFFFFFFFFFFF9
:10879000FFFFFFFFFFFFFFFFFFFFFFFFFFFFFFFFE9
:1087A000FFFFFFFFFFFFFFFFFFFFFFFFFFFFFFFFD9
:1087B000FFFFFFFFFFFFFFFFFFFFFFFFFFFFFFFFC9
:1087C000FFFFFFFFFFFFFFFFFFFFFFFFFFFFFFFFB9
:1087D000FFFFFFFFFFFFFFFFFFFFFFFFFFFFFFFFA9
:1087E000FFFFFFFFFFFFFFFFFFFFFFFFFFFFFFFF99
:1087F000FFFFFFFFFFFFFFFFFFFFFFFFFFFFFFFF89
:10880000FFFFFFFFFFFFFFFFFFFFFFFFFFFFFFFF78
:10881000FFFFFFFFFFFFFFFFFFFFFFFFFFFFFFFF68
:10882000FFFFFFFFFFFFFFFFFFFFFFFFFFFFFFFF58
:10883000FFFFFFFFFFFFFFFFFFFFFFFFFFFFFFFF48
:10884000FFFFFFFFFFFFFFFFFFFFFFFFFFFFFFFF38
:10885000FFFFFFFFFFFFFFFFFFFFFFFFFFFFFFFF28
:10886000FFFFFFFFFFFFFFFFFFFFFFFFFFFFFFFF18
:10887000FFFFFFFFFFFFFFFFFFFFFFFFFFFFFFFF08
:10888000FFFFFFFFFFFFFFFFFFFFFFFFFFFFFFFFF8
:10889000FFFFFFFFFFFFFFFFFFFFFFFFFFFFFFFFE8
:1088A000FFFFFFFFFFFFFFFFFFFFFFFFFFFFFFFFD8
:1088B000FFFFFFFFFFFFFFFFFFFFFFFFFFFFFFFFC8
:1088C000FFFFFFFFFFFFFFFFFFFFFFFFFFFFFFFFB8
:1088D000FFFFFFFFFFFFFFFFFFFFFFFFFFFFFFFFA8
:1088E000FFFFFFFFFFFFFFFFFFFFFFFFFFFFFFFF98
:1088F000FFFFFFFFFFFFFFFFFFFFFFFFFFFFFFFF88
:10890000FFFFFFFFFFFFFFFFFFFFFFFFFFFFFFFF77
:10891000FFFFFFFFFFFFFFFFFFFFFFFFFFFFFFFF67
:10892000FFFFFFFFFFFFFFFFFFFFFFFFFFFFFFFF57
:10893000FFFFFFFFFFFFFFFFFFFFFFFFFFFFFFFF47
:10894000FFFFFFFFFFFFFFFFFFFFFFFFFFFFFFFF37
:10895000FFFFFFFFFFFFFFFFFFFFFFFFFFFFFFFF27
:10896000FFFFFFFFFFFFFFFFFFFFFFFFFFFFFFFF17
:10897000FFFFFFFFFFFFFFFFFFFFFFFFFFFFFFFF07
:10898000FFFFFFFFFFFFFFFFFFFFFFFFFFFFFFFFF7
:10899000FFFFFFFFFFFFFFFFFFFFFFFFFFFFFFFFE7
:1089A000FFFFFFFFFFFFFFFFFFFFFFFFFFFFFFFFD7
:1089B000FFFFFFFFFFFFFFFFFFFFFFFFFFFFFFFFC7
:1089C000FFFFFFFFFFFFFFFFFFFFFFFFFFFFFFFFB7
:1089D000FFFFFFFFFFFFFFFFFFFFFFFFFFFFFFFFA7
:1089E000FFFFFFFFFFFFFFFFFFFFFFFFFFFFFFFF97
:1089F000FFFFFFFFFFFFFFFFFFFFFFFFFFFFFFFF87
:108A0000FFFFFFFFFFFFFFFFFFFFFFFFFFFFFFFF76
:108A1000FFFFFFFFFFFFFFFFFFFFFFFFFFFFFFFF66
:108A2000FFFFFFFFFFFFFFFFFFFFFFFFFFFFFFFF56
:108A3000FFFFFFFFFFFFFFFFFFFFFFFFFFFFFFFF46
:108A4000FFFFFFFFFFFFFFFFFFFFFFFFFFFFFFFF36
:108A5000FFFFFFFFFFFFFFFFFFFFFFFFFFFFFFFF26
:108A6000FFFFFFFFFFFFFFFFFFFFFFFFFFFFFFFF16
:108A7000FFFFFFFFFFFFFFFFFFFFFFFFFFFFFFFF06
:108A8000FFFFFFFFFFFFFFFFFFFFFFFFFFFFFFFFF6
:108A9000FFFFFFFFFFFFFFFFFFFFFFFFFFFFFFFFE6
:108AA000FFFFFFFFFFFFFFFFFFFFFFFFFFFFFFFFD6
:108AB000FFFFFFFFFFFFFFFFFFFFFFFFFFFFFFFFC6
:108AC000FFFFFFFFFFFFFFFFFFFFFFFFFFFFFFFFB6
:108AD000FFFFFFFFFFFFFFFFFFFFFFFFFFFFFFFFA6
:108AE000FFFFFFFFFFFFFFFFFFFFFFFFFFFFFFFF96
:108AF000FFFFFFFFFFFFFFFFFFFFFFFFFFFFFFFF86
:108B0000FFFFFFFFFFFFFFFFFFFFFFFFFFFFFFFF75
:108B1000FFFFFFFFFFFFFFFFFFFFFFFFFFFFFFFF65
:108B2000FFFFFFFFFFFFFFFFFFFFFFFFFFFFFFFF55
:108B3000FFFFFFFFFFFFFFFFFFFFFFFFFFFFFFFF45
:108B4000FFFFFFFFFFFFFFFFFFFFFFFFFFFFFFFF35
:108B5000FFFFFFFFFFFFFFFFFFFFFFFFFFFFFFFF25
:108B6000FFFFFFFFFFFFFFFFFFFFFFFFFFFFFFFF15
:108B7000FFFFFFFFFFFFFFFFFFFFFFFFFFFFFFFF05
:108B8000FFFFFFFFFFFFFFFFFFFFFFFFFFFFFFFFF5
:108B9000FFFFFFFFFFFFFFFFFFFFFFFFFFFFFFFFE5
:108BA000FFFFFFFFFFFFFFFFFFFFFFFFFFFFFFFFD5
:108BB000FFFFFFFFFFFFFFFFFFFFFFFFFFFFFFFFC5
:108BC000FFFFFFFFFFFFFFFFFFFFFFFFFFFFFFFFB5
:108BD000FFFFFFFFFFFFFFFFFFFFFFFFFFFFFFFFA5
:108BE000FFFFFFFFFFFFFFFFFFFFFFFFFFFFFFFF95
:108BF000FFFFFFFFFFFFFFFFFFFFFFFFFFFFFFFF85
:108C0000FFFFFFFFFFFFFFFFFFFFFFFFFFFFFFFF74
:108C1000FFFFFFFFFFFFFFFFFFFFFFFFFFFFFFFF64
:108C2000FFFFFFFFFFFFFFFFFFFFFFFFFFFFFFFF54
:108C3000FFFFFFFFFFFFFFFFFFFFFFFFFFFFFFFF44
:108C4000FFFFFFFFFFFFFFFFFFFFFFFFFFFFFFFF34
:108C5000FFFFFFFFFFFFFFFFFFFFFFFFFFFFFFFF24
:108C6000FFFFFFFFFFFFFFFFFFFFFFFFFFFFFFFF14
:108C7000FFFFFFFFFFFFFFFFFFFFFFFFFFFFFFFF04
:108C8000FFFFFFFFFFFFFFFFFFFFFFFFFFFFFFFFF4
:108C9000FFFFFFFFFFFFFFFFFFFFFFFFFFFFFFFFE4
:108CA000FFFFFFFFFFFFFFFFFFFFFFFFFFFFFFFFD4
:108CB000FFFFFFFFFFFFFFFFFFFFFFFFFFFFFFFFC4
:108CC000FFFFFFFFFFFFFFFFFFFFFFFFFFFFFFFFB4
:108CD000FFFFFFFFFFFFFFFFFFFFFFFFFFFFFFFFA4
:108CE000FFFFFFFFFFFFFFFFFFFFFFFFFFFFFFFF94
:108CF000FFFFFFFFFFFFFFFFFFFFFFFFFFFFFFFF84
:108D0000FFFFFFFFFFFFFFFFFFFFFFFFFFFFFFFF73
:108D1000FFFFFFFFFFFFFFFFFFFFFFFFFFFFFFFF63
:108D2000FFFFFFFFFFFFFFFFFFFFFFFFFFFFFFFF53
:108D3000FFFFFFFFFFFFFFFFFFFFFFFFFFFFFFFF43
:108D4000FFFFFFFFFFFFFFFFFFFFFFFFFFFFFFFF33
:108D5000FFFFFFFFFFFFFFFFFFFFFFFFFFFFFFFF23
:108D6000FFFFFFFFFFFFFFFFFFFFFFFFFFFFFFFF13
:108D7000FFFFFFFFFFFFFFFFFFFFFFFFFFFFFFFF03
:108D8000FFFFFFFFFFFFFFFFFFFFFFFFFFFFFFFFF3
:108D9000FFFFFFFFFFFFFFFFFFFFFFFFFFFFFFFFE3
:108DA000FFFFFFFFFFFFFFFFFFFFFFFFFFFFFFFFD3
:108DB000FFFFFFFFFFFFFFFFFFFFFFFFFFFFFFFFC3
:108DC000FFFFFFFFFFFFFFFFFFFFFFFFFFFFFFFFB3
:108DD000FFFFFFFFFFFFFFFFFFFFFFFFFFFFFFFFA3
:108DE000FFFFFFFFFFFFFFFFFFFFFFFFFFFFFFFF93
:108DF000FFFFFFFFFFFFFFFFFFFFFFFFFFFFFFFF83
:108E0000FFFFFFFFFFFFFFFFFFFFFFFFFFFFFFFF72
:108E1000FFFFFFFFFFFFFFFFFFFFFFFFFFFFFFFF62
:108E2000FFFFFFFFFFFFFFFFFFFFFFFFFFFFFFFF52
:108E3000FFFFFFFFFFFFFFFFFFFFFFFFFFFFFFFF42
:108E4000FFFFFFFFFFFFFFFFFFFFFFFFFFFFFFFF32
:108E5000FFFFFFFFFFFFFFFFFFFFFFFFFFFFFFFF22
:108E6000FFFFFFFFFFFFFFFFFFFFFFFFFFFFFFFF12
:108E7000FFFFFFFFFFFFFFFFFFFFFFFFFFFFFFFF02
:108E8000FFFFFFFFFFFFFFFFFFFFFFFFFFFFFFFFF2
:108E9000FFFFFFFFFFFFFFFFFFFFFFFFFFFFFFFFE2
:108EA000FFFFFFFFFFFFFFFFFFFFFFFFFFFFFFFFD2
:108EB000FFFFFFFFFFFFFFFFFFFFFFFFFFFFFFFFC2
:108EC000FFFFFFFFFFFFFFFFFFFFFFFFFFFFFFFFB2
:108ED000FFFFFFFFFFFFFFFFFFFFFFFFFFFFFFFFA2
:108EE000FFFFFFFFFFFFFFFFFFFFFFFFFFFFFFFF92
:108EF000FFFFFFFFFFFFFFFFFFFFFFFFFFFFFFFF82
:108F0000FFFFFFFFFFFFFFFFFFFFFFFFFFFFFFFF71
:108F1000FFFFFFFFFFFFFFFFFFFFFFFFFFFFFFFF61
:108F2000FFFFFFFFFFFFFFFFFFFFFFFFFFFFFFFF51
:108F3000FFFFFFFFFFFFFFFFFFFFFFFFFFFFFFFF41
:108F4000FFFFFFFFFFFFFFFFFFFFFFFFFFFFFFFF31
:108F5000FFFFFFFFFFFFFFFFFFFFFFFFFFFFFFFF21
:108F6000FFFFFFFFFFFFFFFFFFFFFFFFFFFFFFFF11
:108F7000FFFFFFFFFFFFFFFFFFFFFFFFFFFFFFFF01
:108F8000FFFFFFFFFFFFFFFFFFFFFFFFFFFFFFFFF1
:108F9000FFFFFFFFFFFFFFFFFFFFFFFFFFFFFFFFE1
:108FA000FFFFFFFFFFFFFFFFFFFFFFFFFFFFFFFFD1
:108FB000FFFFFFFFFFFFFFFFFFFFFFFFFFFFFFFFC1
:108FC000FFFFFFFFFFFFFFFFFFFFFFFFFFFFFFFFB1
:108FD000FFFFFFFFFFFFFFFFFFFFFFFFFFFFFFFFA1
:108FE000FFFFFFFFFFFFFFFFFFFFFFFFFFFFFFFF91
:108FF000FFFFFFFFFFFFFFFFFFFFFFFFFFFFFFFF81
:10900000FFFFFFFFFFFFFFFFFFFFFFFFFFFFFFFF70
:10901000FFFFFFFFFFFFFFFFFFFFFFFFFFFFFFFF60
:10902000FFFFFFFFFFFFFFFFFFFFFFFFFFFFFFFF50
:10903000FFFFFFFFFFFFFFFFFFFFFFFFFFFFFFFF40
:10904000FFFFFFFFFFFFFFFFFFFFFFFFFFFFFFFF30
:10905000FFFFFFFFFFFFFFFFFFFFFFFFFFFFFFFF20
:10906000FFFFFFFFFFFFFFFFFFFFFFFFFFFFFFFF10
:10907000FFFFFFFFFFFFFFFFFFFFFFFFFFFFFFFF00
:10908000FFFFFFFFFFFFFFFFFFFFFFFFFFFFFFFFF0
:10909000FFFFFFFFFFFFFFFFFFFFFFFFFFFFFFFFE0
:1090A000FFFFFFFFFFFFFFFFFFFFFFFFFFFFFFFFD0
:1090B000FFFFFFFFFFFFFFFFFFFFFFFFFFFFFFFFC0
:1090C000FFFFFFFFFFFFFFFFFFFFFFFFFFFFFFFFB0
:1090D000FFFFFFFFFFFFFFFFFFFFFFFFFFFFFFFFA0
:1090E000FFFFFFFFFFFFFFFFFFFFFFFFFFFFFFFF90
:1090F000FFFFFFFFFFFFFFFFFFFFFFFFFFFFFFFF80
:10910000FFFFFFFFFFFFFFFFFFFFFFFFFFFFFFFF6F
:10911000FFFFFFFFFFFFFFFFFFFFFFFFFFFFFFFF5F
:10912000FFFFFFFFFFFFFFFFFFFFFFFFFFFFFFFF4F
:10913000FFFFFFFFFFFFFFFFFFFFFFFFFFFFFFFF3F
:10914000FFFFFFFFFFFFFFFFFFFFFFFFFFFFFFFF2F
:10915000FFFFFFFFFFFFFFFFFFFFFFFFFFFFFFFF1F
:10916000FFFFFFFFFFFFFFFFFFFFFFFFFFFFFFFF0F
:10917000FFFFFFFFFFFFFFFFFFFFFFFFFFFFFFFFFF
:10918000FFFFFFFFFFFFFFFFFFFFFFFFFFFFFFFFEF
:10919000FFFFFFFFFFFFFFFFFFFFFFFFFFFFFFFFDF
:1091A000FFFFFFFFFFFFFFFFFFFFFFFFFFFFFFFFCF
:1091B000FFFFFFFFFFFFFFFFFFFFFFFFFFFFFFFFBF
:1091C000FFFFFFFFFFFFFFFFFFFFFFFFFFFFFFFFAF
:1091D000FFFFFFFFFFFFFFFFFFFFFFFFFFFFFFFF9F
:1091E000FFFFFFFFFFFFFFFFFFFFFFFFFFFFFFFF8F
:1091F000FFFFFFFFFFFFFFFFFFFFFFFFFFFFFFFF7F
:10920000FFFFFFFFFFFFFFFFFFFFFFFFFFFFFFFF6E
:10921000FFFFFFFFFFFFFFFFFFFFFFFFFFFFFFFF5E
:10922000FFFFFFFFFFFFFFFFFFFFFFFFFFFFFFFF4E
:10923000FFFFFFFFFFFFFFFFFFFFFFFFFFFFFFFF3E
:10924000FFFFFFFFFFFFFFFFFFFFFFFFFFFFFFFF2E
:10925000FFFFFFFFFFFFFFFFFFFFFFFFFFFFFFFF1E
:10926000FFFFFFFFFFFFFFFFFFFFFFFFFFFFFFFF0E
:10927000FFFFFFFFFFFFFFFFFFFFFFFFFFFFFFFFFE
:10928000FFFFFFFFFFFFFFFFFFFFFFFFFFFFFFFFEE
:10929000FFFFFFFFFFFFFFFFFFFFFFFFFFFFFFFFDE
:1092A000FFFFFFFFFFFFFFFFFFFFFFFFFFFFFFFFCE
:1092B000FFFFFFFFFFFFFFFFFFFFFFFFFFFFFFFFBE
:1092C000FFFFFFFFFFFFFFFFFFFFFFFFFFFFFFFFAE
:1092D000FFFFFFFFFFFFFFFFFFFFFFFFFFFFFFFF9E
:1092E000FFFFFFFFFFFFFFFFFFFFFFFFFFFFFFFF8E
:1092F000FFFFFFFFFFFFFFFFFFFFFFFFFFFFFFFF7E
:10930000FFFFFFFFFFFFFFFFFFFFFFFFFFFFFFFF6D
:10931000FFFFFFFFFFFFFFFFFFFFFFFFFFFFFFFF5D
:10932000FFFFFFFFFFFFFFFFFFFFFFFFFFFFFFFF4D
:10933000FFFFFFFFFFFFFFFFFFFFFFFFFFFFFFFF3D
:10934000FFFFFFFFFFFFFFFFFFFFFFFFFFFFFFFF2D
:10935000FFFFFFFFFFFFFFFFFFFFFFFFFFFFFFFF1D
:10936000FFFFFFFFFFFFFFFFFFFFFFFFFFFFFFFF0D
:10937000FFFFFFFFFFFFFFFFFFFFFFFFFFFFFFFFFD
:10938000FFFFFFFFFFFFFFFFFFFFFFFFFFFFFFFFED
:10939000FFFFFFFFFFFFFFFFFFFFFFFFFFFFFFFFDD
:1093A000FFFFFFFFFFFFFFFFFFFFFFFFFFFFFFFFCD
:1093B000FFFFFFFFFFFFFFFFFFFFFFFFFFFFFFFFBD
:1093C000FFFFFFFFFFFFFFFFFFFFFFFFFFFFFFFFAD
:1093D000FFFFFFFFFFFFFFFFFFFFFFFFFFFFFFFF9D
:1093E000FFFFFFFFFFFFFFFFFFFFFFFFFFFFFFFF8D
:1093F000FFFFFFFFFFFFFFFFFFFFFFFFFFFFFFFF7D
:10940000FFFFFFFFFFFFFFFFFFFFFFFFFFFFFFFF6C
:10941000FFFFFFFFFFFFFFFFFFFFFFFFFFFFFFFF5C
:10942000FFFFFFFFFFFFFFFFFFFFFFFFFFFFFFFF4C
:10943000FFFFFFFFFFFFFFFFFFFFFFFFFFFFFFFF3C
:10944000FFFFFFFFFFFFFFFFFFFFFFFFFFFFFFFF2C
:10945000FFFFFFFFFFFFFFFFFFFFFFFFFFFFFFFF1C
:10946000FFFFFFFFFFFFFFFFFFFFFFFFFFFFFFFF0C
:10947000FFFFFFFFFFFFFFFFFFFFFFFFFFFFFFFFFC
:10948000FFFFFFFFFFFFFFFFFFFFFFFFFFFFFFFFEC
:10949000FFFFFFFFFFFFFFFFFFFFFFFFFFFFFFFFDC
:1094A000FFFFFFFFFFFFFFFFFFFFFFFFFFFFFFFFCC
:1094B000FFFFFFFFFFFFFFFFFFFFFFFFFFFFFFFFBC
:1094C000FFFFFFFFFFFFFFFFFFFFFFFFFFFFFFFFAC
:1094D000FFFFFFFFFFFFFFFFFFFFFFFFFFFFFFFF9C
:1094E000FFFFFFFFFFFFFFFFFFFFFFFFFFFFFFFF8C
:1094F000FFFFFFFFFFFFFFFFFFFFFFFFFFFFFFFF7C
:10950000FFFFFFFFFFFFFFFFFFFFFFFFFFFFFFFF6B
:10951000FFFFFFFFFFFFFFFFFFFFFFFFFFFFFFFF5B
:10952000FFFFFFFFFFFFFFFFFFFFFFFFFFFFFFFF4B
:10953000FFFFFFFFFFFFFFFFFFFFFFFFFFFFFFFF3B
:10954000FFFFFFFFFFFFFFFFFFFFFFFFFFFFFFFF2B
:10955000FFFFFFFFFFFFFFFFFFFFFFFFFFFFFFFF1B
:10956000FFFFFFFFFFFFFFFFFFFFFFFFFFFFFFFF0B
:10957000FFFFFFFFFFFFFFFFFFFFFFFFFFFFFFFFFB
:10958000FFFFFFFFFFFFFFFFFFFFFFFFFFFFFFFFEB
:10959000FFFFFFFFFFFFFFFFFFFFFFFFFFFFFFFFDB
:1095A000FFFFFFFFFFFFFFFFFFFFFFFFFFFFFFFFCB
:1095B000FFFFFFFFFFFFFFFFFFFFFFFFFFFFFFFFBB
:1095C000FFFFFFFFFFFFFFFFFFFFFFFFFFFFFFFFAB
:1095D000FFFFFFFFFFFFFFFFFFFFFFFFFFFFFFFF9B
:1095E000FFFFFFFFFFFFFFFFFFFFFFFFFFFFFFFF8B
:1095F000FFFFFFFFFFFFFFFFFFFFFFFFFFFFFFFF7B
:10960000FFFFFFFFFFFFFFFFFFFFFFFFFFFFFFFF6A
:10961000FFFFFFFFFFFFFFFFFFFFFFFFFFFFFFFF5A
:10962000FFFFFFFFFFFFFFFFFFFFFFFFFFFFFFFF4A
:10963000FFFFFFFFFFFFFFFFFFFFFFFFFFFFFFFF3A
:10964000FFFFFFFFFFFFFFFFFFFFFFFFFFFFFFFF2A
:10965000FFFFFFFFFFFFFFFFFFFFFFFFFFFFFFFF1A
:10966000FFFFFFFFFFFFFFFFFFFFFFFFFFFFFFFF0A
:10967000FFFFFFFFFFFFFFFFFFFFFFFFFFFFFFFFFA
:10968000FFFFFFFFFFFFFFFFFFFFFFFFFFFFFFFFEA
:10969000FFFFFFFFFFFFFFFFFFFFFFFFFFFFFFFFDA
:1096A000FFFFFFFFFFFFFFFFFFFFFFFFFFFFFFFFCA
:1096B000FFFFFFFFFFFFFFFFFFFFFFFFFFFFFFFFBA
:1096C000FFFFFFFFFFFFFFFFFFFFFFFFFFFFFFFFAA
:1096D000FFFFFFFFFFFFFFFFFFFFFFFFFFFFFFFF9A
:1096E000FFFFFFFFFFFFFFFFFFFFFFFFFFFFFFFF8A
:1096F000FFFFFFFFFFFFFFFFFFFFFFFFFFFFFFFF7A
:10970000FFFFFFFFFFFFFFFFFFFFFFFFFFFFFFFF69
:10971000FFFFFFFFFFFFFFFFFFFFFFFFFFFFFFFF59
:10972000FFFFFFFFFFFFFFFFFFFFFFFFFFFFFFFF49
:10973000FFFFFFFFFFFFFFFFFFFFFFFFFFFFFFFF39
:10974000FFFFFFFFFFFFFFFFFFFFFFFFFFFFFFFF29
:10975000FFFFFFFFFFFFFFFFFFFFFFFFFFFFFFFF19
:10976000FFFFFFFFFFFFFFFFFFFFFFFFFFFFFFFF09
:10977000FFFFFFFFFFFFFFFFFFFFFFFFFFFFFFFFF9
:10978000FFFFFFFFFFFFFFFFFFFFFFFFFFFFFFFFE9
:10979000FFFFFFFFFFFFFFFFFFFFFFFFFFFFFFFFD9
:1097A000FFFFFFFFFFFFFFFFFFFFFFFFFFFFFFFFC9
:1097B000FFFFFFFFFFFFFFFFFFFFFFFFFFFFFFFFB9
:1097C000FFFFFFFFFFFFFFFFFFFFFFFFFFFFFFFFA9
:1097D000FFFFFFFFFFFFFFFFFFFFFFFFFFFFFFFF99
:1097E000FFFFFFFFFFFFFFFFFFFFFFFFFFFFFFFF89
:1097F000FFFFFFFFFFFFFFFFFFFFFFFFFFFFFFFF79
:10980000FFFFFFFFFFFFFFFFFFFFFFFFFFFFFFFF68
:10981000FFFFFFFFFFFFFFFFFFFFFFFFFFFFFFFF58
:10982000FFFFFFFFFFFFFFFFFFFFFFFFFFFFFFFF48
:10983000FFFFFFFFFFFFFFFFFFFFFFFFFFFFFFFF38
:10984000FFFFFFFFFFFFFFFFFFFFFFFFFFFFFFFF28
:10985000FFFFFFFFFFFFFFFFFFFFFFFFFFFFFFFF18
:10986000FFFFFFFFFFFFFFFFFFFFFFFFFFFFFFFF08
:10987000FFFFFFFFFFFFFFFFFFFFFFFFFFFFFFFFF8
:10988000FFFFFFFFFFFFFFFFFFFFFFFFFFFFFFFFE8
:10989000FFFFFFFFFFFFFFFFFFFFFFFFFFFFFFFFD8
:1098A000FFFFFFFFFFFFFFFFFFFFFFFFFFFFFFFFC8
:1098B000FFFFFFFFFFFFFFFFFFFFFFFFFFFFFFFFB8
:1098C000FFFFFFFFFFFFFFFFFFFFFFFFFFFFFFFFA8
:1098D000FFFFFFFFFFFFFFFFFFFFFFFFFFFFFFFF98
:1098E000FFFFFFFFFFFFFFFFFFFFFFFFFFFFFFFF88
:1098F000FFFFFFFFFFFFFFFFFFFFFFFFFFFFFFFF78
:10990000FFFFFFFFFFFFFFFFFFFFFFFFFFFFFFFF67
:10991000FFFFFFFFFFFFFFFFFFFFFFFFFFFFFFFF57
:10992000FFFFFFFFFFFFFFFFFFFFFFFFFFFFFFFF47
:10993000FFFFFFFFFFFFFFFFFFFFFFFFFFFFFFFF37
:10994000FFFFFFFFFFFFFFFFFFFFFFFFFFFFFFFF27
:10995000FFFFFFFFFFFFFFFFFFFFFFFFFFFFFFFF17
:10996000FFFFFFFFFFFFFFFFFFFFFFFFFFFFFFFF07
:10997000FFFFFFFFFFFFFFFFFFFFFFFFFFFFFFFFF7
:10998000FFFFFFFFFFFFFFFFFFFFFFFFFFFFFFFFE7
:10999000FFFFFFFFFFFFFFFFFFFFFFFFFFFFFFFFD7
:1099A000FFFFFFFFFFFFFFFFFFFFFFFFFFFFFFFFC7
:1099B000FFFFFFFFFFFFFFFFFFFFFFFFFFFFFFFFB7
:1099C000FFFFFFFFFFFFFFFFFFFFFFFFFFFFFFFFA7
:1099D000FFFFFFFFFFFFFFFFFFFFFFFFFFFFFFFF97
:1099E000FFFFFFFFFFFFFFFFFFFFFFFFFFFFFFFF87
:1099F000FFFFFFFFFFFFFFFFFFFFFFFFFFFFFFFF77
:109A0000FFFFFFFFFFFFFFFFFFFFFFFFFFFFFFFF66
:109A1000FFFFFFFFFFFFFFFFFFFFFFFFFFFFFFFF56
:109A2000FFFFFFFFFFFFFFFFFFFFFFFFFFFFFFFF46
:109A3000FFFFFFFFFFFFFFFFFFFFFFFFFFFFFFFF36
:109A4000FFFFFFFFFFFFFFFFFFFFFFFFFFFFFFFF26
:109A5000FFFFFFFFFFFFFFFFFFFFFFFFFFFFFFFF16
:109A6000FFFFFFFFFFFFFFFFFFFFFFFFFFFFFFFF06
:109A7000FFFFFFFFFFFFFFFFFFFFFFFFFFFFFFFFF6
:109A8000FFFFFFFFFFFFFFFFFFFFFFFFFFFFFFFFE6
:109A9000FFFFFFFFFFFFFFFFFFFFFFFFFFFFFFFFD6
:109AA000FFFFFFFFFFFFFFFFFFFFFFFFFFFFFFFFC6
:109AB000FFFFFFFFFFFFFFFFFFFFFFFFFFFFFFFFB6
:109AC000FFFFFFFFFFFFFFFFFFFFFFFFFFFFFFFFA6
:109AD000FFFFFFFFFFFFFFFFFFFFFFFFFFFFFFFF96
:109AE000FFFFFFFFFFFFFFFFFFFFFFFFFFFFFFFF86
:109AF000FFFFFFFFFFFFFFFFFFFFFFFFFFFFFFFF76
:109B0000FFFFFFFFFFFFFFFFFFFFFFFFFFFFFFFF65
:109B1000FFFFFFFFFFFFFFFFFFFFFFFFFFFFFFFF55
:109B2000FFFFFFFFFFFFFFFFFFFFFFFFFFFFFFFF45
:109B3000FFFFFFFFFFFFFFFFFFFFFFFFFFFFFFFF35
:109B4000FFFFFFFFFFFFFFFFFFFFFFFFFFFFFFFF25
:109B5000FFFFFFFFFFFFFFFFFFFFFFFFFFFFFFFF15
:109B6000FFFFFFFFFFFFFFFFFFFFFFFFFFFFFFFF05
:109B7000FFFFFFFFFFFFFFFFFFFFFFFFFFFFFFFFF5
:109B8000FFFFFFFFFFFFFFFFFFFFFFFFFFFFFFFFE5
:109B9000FFFFFFFFFFFFFFFFFFFFFFFFFFFFFFFFD5
:109BA000FFFFFFFFFFFFFFFFFFFFFFFFFFFFFFFFC5
:109BB000FFFFFFFFFFFFFFFFFFFFFFFFFFFFFFFFB5
:109BC000FFFFFFFFFFFFFFFFFFFFFFFFFFFFFFFFA5
:109BD000FFFFFFFFFFFFFFFFFFFFFFFFFFFFFFFF95
:109BE000FFFFFFFFFFFFFFFFFFFFFFFFFFFFFFFF85
:109BF000FFFFFFFFFFFFFFFFFFFFFFFFFFFFFFFF75
:109C0000FFFFFFFFFFFFFFFFFFFFFFFFFFFFFFFF64
:109C1000FFFFFFFFFFFFFFFFFFFFFFFFFFFFFFFF54
:109C2000FFFFFFFFFFFFFFFFFFFFFFFFFFFFFFFF44
:109C3000FFFFFFFFFFFFFFFFFFFFFFFFFFFFFFFF34
:109C4000FFFFFFFFFFFFFFFFFFFFFFFFFFFFFFFF24
:109C5000FFFFFFFFFFFFFFFFFFFFFFFFFFFFFFFF14
:109C6000FFFFFFFFFFFFFFFFFFFFFFFFFFFFFFFF04
:109C7000FFFFFFFFFFFFFFFFFFFFFFFFFFFFFFFFF4
:109C8000FFFFFFFFFFFFFFFFFFFFFFFFFFFFFFFFE4
:109C9000FFFFFFFFFFFFFFFFFFFFFFFFFFFFFFFFD4
:109CA000FFFFFFFFFFFFFFFFFFFFFFFFFFFFFFFFC4
:109CB000FFFFFFFFFFFFFFFFFFFFFFFFFFFFFFFFB4
:109CC000FFFFFFFFFFFFFFFFFFFFFFFFFFFFFFFFA4
:109CD000FFFFFFFFFFFFFFFFFFFFFFFFFFFFFFFF94
:109CE000FFFFFFFFFFFFFFFFFFFFFFFFFFFFFFFF84
:109CF000FFFFFFFFFFFFFFFFFFFFFFFFFFFFFFFF74
:109D0000FFFFFFFFFFFFFFFFFFFFFFFFFFFFFFFF63
:109D1000FFFFFFFFFFFFFFFFFFFFFFFFFFFFFFFF53
:109D2000FFFFFFFFFFFFFFFFFFFFFFFFFFFFFFFF43
:109D3000FFFFFFFFFFFFFFFFFFFFFFFFFFFFFFFF33
:109D4000FFFFFFFFFFFFFFFFFFFFFFFFFFFFFFFF23
:109D5000FFFFFFFFFFFFFFFFFFFFFFFFFFFFFFFF13
:109D6000FFFFFFFFFFFFFFFFFFFFFFFFFFFFFFFF03
:109D7000FFFFFFFFFFFFFFFFFFFFFFFFFFFFFFFFF3
:109D8000FFFFFFFFFFFFFFFFFFFFFFFFFFFFFFFFE3
:109D9000FFFFFFFFFFFFFFFFFFFFFFFFFFFFFFFFD3
:109DA000FFFFFFFFFFFFFFFFFFFFFFFFFFFFFFFFC3
:109DB000FFFFFFFFFFFFFFFFFFFFFFFFFFFFFFFFB3
:109DC000FFFFFFFFFFFFFFFFFFFFFFFFFFFFFFFFA3
:109DD000FFFFFFFFFFFFFFFFFFFFFFFFFFFFFFFF93
:109DE000FFFFFFFFFFFFFFFFFFFFFFFFFFFFFFFF83
:109DF000FFFFFFFFFFFFFFFFFFFFFFFFFFFFFFFF73
:109E0000FFFFFFFFFFFFFFFFFFFFFFFFFFFFFFFF62
:109E1000FFFFFFFFFFFFFFFFFFFFFFFFFFFFFFFF52
:109E2000FFFFFFFFFFFFFFFFFFFFFFFFFFFFFFFF42
:109E3000FFFFFFFFFFFFFFFFFFFFFFFFFFFFFFFF32
:109E4000FFFFFFFFFFFFFFFFFFFFFFFFFFFFFFFF22
:109E5000FFFFFFFFFFFFFFFFFFFFFFFFFFFFFFFF12
:109E6000FFFFFFFFFFFFFFFFFFFFFFFFFFFFFFFF02
:109E7000FFFFFFFFFFFFFFFFFFFFFFFFFFFFFFFFF2
:109E8000FFFFFFFFFFFFFFFFFFFFFFFFFFFFFFFFE2
:109E9000FFFFFFFFFFFFFFFFFFFFFFFFFFFFFFFFD2
:109EA000FFFFFFFFFFFFFFFFFFFFFFFFFFFFFFFFC2
:109EB000FFFFFFFFFFFFFFFFFFFFFFFFFFFFFFFFB2
:109EC000FFFFFFFFFFFFFFFFFFFFFFFFFFFFFFFFA2
:109ED000FFFFFFFFFFFFFFFFFFFFFFFFFFFFFFFF92
:109EE000FFFFFFFFFFFFFFFFFFFFFFFFFFFFFFFF82
:109EF000FFFFFFFFFFFFFFFFFFFFFFFFFFFFFFFF72
:109F0000FFFFFFFFFFFFFFFFFFFFFFFFFFFFFFFF61
:109F1000FFFFFFFFFFFFFFFFFFFFFFFFFFFFFFFF51
:109F2000FFFFFFFFFFFFFFFFFFFFFFFFFFFFFFFF41
:109F3000FFFFFFFFFFFFFFFFFFFFFFFFFFFFFFFF31
:109F4000FFFFFFFFFFFFFFFFFFFFFFFFFFFFFFFF21
:109F5000FFFFFFFFFFFFFFFFFFFFFFFFFFFFFFFF11
:109F6000FFFFFFFFFFFFFFFFFFFFFFFFFFFFFFFF01
:109F7000FFFFFFFFFFFFFFFFFFFFFFFFFFFFFFFFF1
:109F8000FFFFFFFFFFFFFFFFFFFFFFFFFFFFFFFFE1
:109F9000FFFFFFFFFFFFFFFFFFFFFFFFFFFFFFFFD1
:109FA000FFFFFFFFFFFFFFFFFFFFFFFFFFFFFFFFC1
:109FB000FFFFFFFFFFFFFFFFFFFFFFFFFFFFFFFFB1
:109FC000FFFFFFFFFFFFFFFFFFFFFFFFFFFFFFFFA1
:109FD000FFFFFFFFFFFFFFFFFFFFFFFFFFFFFFFF91
:109FE000FFFFFFFFFFFFFFFFFFFFFFFFFFFFFFFF81
:109FF000FFFFFFFFFFFFFFFFFFFFFFFFFFFFFFFF71
:10A00000FFFFFFFFFFFFFFFFFFFFFFFFFFFFFFFF60
:10A01000FFFFFFFFFFFFFFFFFFFFFFFFFFFFFFFF50
:10A02000FFFFFFFFFFFFFFFFFFFFFFFFFFFFFFFF40
:10A03000FFFFFFFFFFFFFFFFFFFFFFFFFFFFFFFF30
:10A04000FFFFFFFFFFFFFFFFFFFFFFFFFFFFFFFF20
:10A05000FFFFFFFFFFFFFFFFFFFFFFFFFFFFFFFF10
:10A06000FFFFFFFFFFFFFFFFFFFFFFFFFFFFFFFF00
:10A07000FFFFFFFFFFFFFFFFFFFFFFFFFFFFFFFFF0
:10A08000FFFFFFFFFFFFFFFFFFFFFFFFFFFFFFFFE0
:10A09000FFFFFFFFFFFFFFFFFFFFFFFFFFFFFFFFD0
:10A0A000FFFFFFFFFFFFFFFFFFFFFFFFFFFFFFFFC0
:10A0B000FFFFFFFFFFFFFFFFFFFFFFFFFFFFFFFFB0
:10A0C000FFFFFFFFFFFFFFFFFFFFFFFFFFFFFFFFA0
:10A0D000FFFFFFFFFFFFFFFFFFFFFFFFFFFFFFFF90
:10A0E000FFFFFFFFFFFFFFFFFFFFFFFFFFFFFFFF80
:10A0F000FFFFFFFFFFFFFFFFFFFFFFFFFFFFFFFF70
:10A10000FFFFFFFFFFFFFFFFFFFFFFFFFFFFFFFF5F
:10A11000FFFFFFFFFFFFFFFFFFFFFFFFFFFFFFFF4F
:10A12000FFFFFFFFFFFFFFFFFFFFFFFFFFFFFFFF3F
:10A13000FFFFFFFFFFFFFFFFFFFFFFFFFFFFFFFF2F
:10A14000FFFFFFFFFFFFFFFFFFFFFFFFFFFFFFFF1F
:10A15000FFFFFFFFFFFFFFFFFFFFFFFFFFFFFFFF0F
:10A16000FFFFFFFFFFFFFFFFFFFFFFFFFFFFFFFFFF
:10A17000FFFFFFFFFFFFFFFFFFFFFFFFFFFFFFFFEF
:10A18000FFFFFFFFFFFFFFFFFFFFFFFFFFFFFFFFDF
:10A19000FFFFFFFFFFFFFFFFFFFFFFFFFFFFFFFFCF
:10A1A000FFFFFFFFFFFFFFFFFFFFFFFFFFFFFFFFBF
:10A1B000FFFFFFFFFFFFFFFFFFFFFFFFFFFFFFFFAF
:10A1C000FFFFFFFFFFFFFFFFFFFFFFFFFFFFFFFF9F
:10A1D000FFFFFFFFFFFFFFFFFFFFFFFFFFFFFFFF8F
:10A1E000FFFFFFFFFFFFFFFFFFFFFFFFFFFFFFFF7F
:10A1F000FFFFFFFFFFFFFFFFFFFFFFFFFFFFFFFF6F
:10A20000FFFFFFFFFFFFFFFFFFFFFFFFFFFFFFFF5E
:10A21000FFFFFFFFFFFFFFFFFFFFFFFFFFFFFFFF4E
:10A22000FFFFFFFFFFFFFFFFFFFFFFFFFFFFFFFF3E
:10A23000FFFFFFFFFFFFFFFFFFFFFFFFFFFFFFFF2E
:10A24000FFFFFFFFFFFFFFFFFFFFFFFFFFFFFFFF1E
:10A25000FFFFFFFFFFFFFFFFFFFFFFFFFFFFFFFF0E
:10A26000FFFFFFFFFFFFFFFFFFFFFFFFFFFFFFFFFE
:10A27000FFFFFFFFFFFFFFFFFFFFFFFFFFFFFFFFEE
:10A28000FFFFFFFFFFFFFFFFFFFFFFFFFFFFFFFFDE
:10A29000FFFFFFFFFFFFFFFFFFFFFFFFFFFFFFFFCE
:10A2A000FFFFFFFFFFFFFFFFFFFFFFFFFFFFFFFFBE
:10A2B000FFFFFFFFFFFFFFFFFFFFFFFFFFFFFFFFAE
:10A2C000FFFFFFFFFFFFFFFFFFFFFFFFFFFFFFFF9E
:10A2D000FFFFFFFFFFFFFFFFFFFFFFFFFFFFFFFF8E
:10A2E000FFFFFFFFFFFFFFFFFFFFFFFFFFFFFFFF7E
:10A2F000FFFFFFFFFFFFFFFFFFFFFFFFFFFFFFFF6E
:10A30000FFFFFFFFFFFFFFFFFFFFFFFFFFFFFFFF5D
:10A31000FFFFFFFFFFFFFFFFFFFFFFFFFFFFFFFF4D
:10A32000FFFFFFFFFFFFFFFFFFFFFFFFFFFFFFFF3D
:10A33000FFFFFFFFFFFFFFFFFFFFFFFFFFFFFFFF2D
:10A34000FFFFFFFFFFFFFFFFFFFFFFFFFFFFFFFF1D
:10A35000FFFFFFFFFFFFFFFFFFFFFFFFFFFFFFFF0D
:10A36000FFFFFFFFFFFFFFFFFFFFFFFFFFFFFFFFFD
:10A37000FFFFFFFFFFFFFFFFFFFFFFFFFFFFFFFFED
:10A38000FFFFFFFFFFFFFFFFFFFFFFFFFFFFFFFFDD
:10A39000FFFFFFFFFFFFFFFFFFFFFFFFFFFFFFFFCD
:10A3A000FFFFFFFFFFFFFFFFFFFFFFFFFFFFFFFFBD
:10A3B000FFFFFFFFFFFFFFFFFFFFFFFFFFFFFFFFAD
:10A3C000FFFFFFFFFFFFFFFFFFFFFFFFFFFFFFFF9D
:10A3D000FFFFFFFFFFFFFFFFFFFFFFFFFFFFFFFF8D
:10A3E000FFFFFFFFFFFFFFFFFFFFFFFFFFFFFFFF7D
:10A3F000FFFFFFFFFFFFFFFFFFFFFFFFFFFFFFFF6D
:10A40000FFFFFFFFFFFFFFFFFFFFFFFFFFFFFFFF5C
:10A41000FFFFFFFFFFFFFFFFFFFFFFFFFFFFFFFF4C
:10A42000FFFFFFFFFFFFFFFFFFFFFFFFFFFFFFFF3C
:10A43000FFFFFFFFFFFFFFFFFFFFFFFFFFFFFFFF2C
:10A44000FFFFFFFFFFFFFFFFFFFFFFFFFFFFFFFF1C
:10A45000FFFFFFFFFFFFFFFFFFFFFFFFFFFFFFFF0C
:10A46000FFFFFFFFFFFFFFFFFFFFFFFFFFFFFFFFFC
:10A47000FFFFFFFFFFFFFFFFFFFFFFFFFFFFFFFFEC
:10A48000FFFFFFFFFFFFFFFFFFFFFFFFFFFFFFFFDC
:10A49000FFFFFFFFFFFFFFFFFFFFFFFFFFFFFFFFCC
:10A4A000FFFFFFFFFFFFFFFFFFFFFFFFFFFFFFFFBC
:10A4B000FFFFFFFFFFFFFFFFFFFFFFFFFFFFFFFFAC
:10A4C000FFFFFFFFFFFFFFFFFFFFFFFFFFFFFFFF9C
:10A4D000FFFFFFFFFFFFFFFFFFFFFFFFFFFFFFFF8C
:10A4E000FFFFFFFFFFFFFFFFFFFFFFFFFFFFFFFF7C
:10A4F000FFFFFFFFFFFFFFFFFFFFFFFFFFFFFFFF6C
:10A50000FFFFFFFFFFFFFFFFFFFFFFFFFFFFFFFF5B
:10A51000FFFFFFFFFFFFFFFFFFFFFFFFFFFFFFFF4B
:10A52000FFFFFFFFFFFFFFFFFFFFFFFFFFFFFFFF3B
:10A53000FFFFFFFFFFFFFFFFFFFFFFFFFFFFFFFF2B
:10A54000FFFFFFFFFFFFFFFFFFFFFFFFFFFFFFFF1B
:10A55000FFFFFFFFFFFFFFFFFFFFFFFFFFFFFFFF0B
:10A56000FFFFFFFFFFFFFFFFFFFFFFFFFFFFFFFFFB
:10A57000FFFFFFFFFFFFFFFFFFFFFFFFFFFFFFFFEB
:10A58000FFFFFFFFFFFFFFFFFFFFFFFFFFFFFFFFDB
:10A59000FFFFFFFFFFFFFFFFFFFFFFFFFFFFFFFFCB
:10A5A000FFFFFFFFFFFFFFFFFFFFFFFFFFFFFFFFBB
:10A5B000FFFFFFFFFFFFFFFFFFFFFFFFFFFFFFFFAB
:10A5C000FFFFFFFFFFFFFFFFFFFFFFFFFFFFFFFF9B
:10A5D000FFFFFFFFFFFFFFFFFFFFFFFFFFFFFFFF8B
:10A5E000FFFFFFFFFFFFFFFFFFFFFFFFFFFFFFFF7B
:10A5F000FFFFFFFFFFFFFFFFFFFFFFFFFFFFFFFF6B
:10A60000FFFFFFFFFFFFFFFFFFFFFFFFFFFFFFFF5A
:10A61000FFFFFFFFFFFFFFFFFFFFFFFFFFFFFFFF4A
:10A62000FFFFFFFFFFFFFFFFFFFFFFFFFFFFFFFF3A
:10A63000FFFFFFFFFFFFFFFFFFFFFFFFFFFFFFFF2A
:10A64000FFFFFFFFFFFFFFFFFFFFFFFFFFFFFFFF1A
:10A65000FFFFFFFFFFFFFFFFFFFFFFFFFFFFFFFF0A
:10A66000FFFFFFFFFFFFFFFFFFFFFFFFFFFFFFFFFA
:10A67000FFFFFFFFFFFFFFFFFFFFFFFFFFFFFFFFEA
:10A68000FFFFFFFFFFFFFFFFFFFFFFFFFFFFFFFFDA
:10A69000FFFFFFFFFFFFFFFFFFFFFFFFFFFFFFFFCA
:10A6A000FFFFFFFFFFFFFFFFFFFFFFFFFFFFFFFFBA
:10A6B000FFFFFFFFFFFFFFFFFFFFFFFFFFFFFFFFAA
:10A6C000FFFFFFFFFFFFFFFFFFFFFFFFFFFFFFFF9A
:10A6D000FFFFFFFFFFFFFFFFFFFFFFFFFFFFFFFF8A
:10A6E000FFFFFFFFFFFFFFFFFFFFFFFFFFFFFFFF7A
:10A6F000FFFFFFFFFFFFFFFFFFFFFFFFFFFFFFFF6A
:10A70000FFFFFFFFFFFFFFFFFFFFFFFFFFFFFFFF59
:10A71000FFFFFFFFFFFFFFFFFFFFFFFFFFFFFFFF49
:10A72000FFFFFFFFFFFFFFFFFFFFFFFFFFFFFFFF39
:10A73000FFFFFFFFFFFFFFFFFFFFFFFFFFFFFFFF29
:10A74000FFFFFFFFFFFFFFFFFFFFFFFFFFFFFFFF19
:10A75000FFFFFFFFFFFFFFFFFFFFFFFFFFFFFFFF09
:10A76000FFFFFFFFFFFFFFFFFFFFFFFFFFFFFFFFF9
:10A77000FFFFFFFFFFFFFFFFFFFFFFFFFFFFFFFFE9
:10A78000FFFFFFFFFFFFFFFFFFFFFFFFFFFFFFFFD9
:10A79000FFFFFFFFFFFFFFFFFFFFFFFFFFFFFFFFC9
:10A7A000FFFFFFFFFFFFFFFFFFFFFFFFFFFFFFFFB9
:10A7B000FFFFFFFFFFFFFFFFFFFFFFFFFFFFFFFFA9
:10A7C000FFFFFFFFFFFFFFFFFFFFFFFFFFFFFFFF99
:10A7D000FFFFFFFFFFFFFFFFFFFFFFFFFFFFFFFF89
:10A7E000FFFFFFFFFFFFFFFFFFFFFFFFFFFFFFFF79
:10A7F000FFFFFFFFFFFFFFFFFFFFFFFFFFFFFFFF69
:10A80000FFFFFFFFFFFFFFFFFFFFFFFFFFFFFFFF58
:10A81000FFFFFFFFFFFFFFFFFFFFFFFFFFFFFFFF48
:10A82000FFFFFFFFFFFFFFFFFFFFFFFFFFFFFFFF38
:10A83000FFFFFFFFFFFFFFFFFFFFFFFFFFFFFFFF28
:10A84000FFFFFFFFFFFFFFFFFFFFFFFFFFFFFFFF18
:10A85000FFFFFFFFFFFFFFFFFFFFFFFFFFFFFFFF08
:10A86000FFFFFFFFFFFFFFFFFFFFFFFFFFFFFFFFF8
:10A87000FFFFFFFFFFFFFFFFFFFFFFFFFFFFFFFFE8
:10A88000FFFFFFFFFFFFFFFFFFFFFFFFFFFFFFFFD8
:10A89000FFFFFFFFFFFFFFFFFFFFFFFFFFFFFFFFC8
:10A8A000FFFFFFFFFFFFFFFFFFFFFFFFFFFFFFFFB8
:10A8B000FFFFFFFFFFFFFFFFFFFFFFFFFFFFFFFFA8
:10A8C000FFFFFFFFFFFFFFFFFFFFFFFFFFFFFFFF98
:10A8D000FFFFFFFFFFFFFFFFFFFFFFFFFFFFFFFF88
:10A8E000FFFFFFFFFFFFFFFFFFFFFFFFFFFFFFFF78
:10A8F000FFFFFFFFFFFFFFFFFFFFFFFFFFFFFFFF68
:10A90000FFFFFFFFFFFFFFFFFFFFFFFFFFFFFFFF57
:10A91000FFFFFFFFFFFFFFFFFFFFFFFFFFFFFFFF47
:10A92000FFFFFFFFFFFFFFFFFFFFFFFFFFFFFFFF37
:10A93000FFFFFFFFFFFFFFFFFFFFFFFFFFFFFFFF27
:10A94000FFFFFFFFFFFFFFFFFFFFFFFFFFFFFFFF17
:10A95000FFFFFFFFFFFFFFFFFFFFFFFFFFFFFFFF07
:10A96000FFFFFFFFFFFFFFFFFFFFFFFFFFFFFFFFF7
:10A97000FFFFFFFFFFFFFFFFFFFFFFFFFFFFFFFFE7
:10A98000FFFFFFFFFFFFFFFFFFFFFFFFFFFFFFFFD7
:10A99000FFFFFFFFFFFFFFFFFFFFFFFFFFFFFFFFC7
:10A9A000FFFFFFFFFFFFFFFFFFFFFFFFFFFFFFFFB7
:10A9B000FFFFFFFFFFFFFFFFFFFFFFFFFFFFFFFFA7
:10A9C000FFFFFFFFFFFFFFFFFFFFFFFFFFFFFFFF97
:10A9D000FFFFFFFFFFFFFFFFFFFFFFFFFFFFFFFF87
:10A9E000FFFFFFFFFFFFFFFFFFFFFFFFFFFFFFFF77
:10A9F000FFFFFFFFFFFFFFFFFFFFFFFFFFFFFFFF67
:10AA0000FFFFFFFFFFFFFFFFFFFFFFFFFFFFFFFF56
:10AA1000FFFFFFFFFFFFFFFFFFFFFFFFFFFFFFFF46
:10AA2000FFFFFFFFFFFFFFFFFFFFFFFFFFFFFFFF36
:10AA3000FFFFFFFFFFFFFFFFFFFFFFFFFFFFFFFF26
:10AA4000FFFFFFFFFFFFFFFFFFFFFFFFFFFFFFFF16
:10AA5000FFFFFFFFFFFFFFFFFFFFFFFFFFFFFFFF06
:10AA6000FFFFFFFFFFFFFFFFFFFFFFFFFFFFFFFFF6
:10AA7000FFFFFFFFFFFFFFFFFFFFFFFFFFFFFFFFE6
:10AA8000FFFFFFFFFFFFFFFFFFFFFFFFFFFFFFFFD6
:10AA9000FFFFFFFFFFFFFFFFFFFFFFFFFFFFFFFFC6
:10AAA000FFFFFFFFFFFFFFFFFFFFFFFFFFFFFFFFB6
:10AAB000FFFFFFFFFFFFFFFFFFFFFFFFFFFFFFFFA6
:10AAC000FFFFFFFFFFFFFFFFFFFFFFFFFFFFFFFF96
:10AAD000FFFFFFFFFFFFFFFFFFFFFFFFFFFFFFFF86
:10AAE000FFFFFFFFFFFFFFFFFFFFFFFFFFFFFFFF76
:10AAF000FFFFFFFFFFFFFFFFFFFFFFFFFFFFFFFF66
:10AB0000FFFFFFFFFFFFFFFFFFFFFFFFFFFFFFFF55
:10AB1000FFFFFFFFFFFFFFFFFFFFFFFFFFFFFFFF45
:10AB2000FFFFFFFFFFFFFFFFFFFFFFFFFFFFFFFF35
:10AB3000FFFFFFFFFFFFFFFFFFFFFFFFFFFFFFFF25
:10AB4000FFFFFFFFFFFFFFFFFFFFFFFFFFFFFFFF15
:10AB5000FFFFFFFFFFFFFFFFFFFFFFFFFFFFFFFF05
:10AB6000FFFFFFFFFFFFFFFFFFFFFFFFFFFFFFFFF5
:10AB7000FFFFFFFFFFFFFFFFFFFFFFFFFFFFFFFFE5
:10AB8000FFFFFFFFFFFFFFFFFFFFFFFFFFFFFFFFD5
:10AB9000FFFFFFFFFFFFFFFFFFFFFFFFFFFFFFFFC5
:10ABA000FFFFFFFFFFFFFFFFFFFFFFFFFFFFFFFFB5
:10ABB000FFFFFFFFFFFFFFFFFFFFFFFFFFFFFFFFA5
:10ABC000FFFFFFFFFFFFFFFFFFFFFFFFFFFFFFFF95
:10ABD000FFFFFFFFFFFFFFFFFFFFFFFFFFFFFFFF85
:10ABE000FFFFFFFFFFFFFFFFFFFFFFFFFFFFFFFF75
:10ABF000FFFFFFFFFFFFFFFFFFFFFFFFFFFFFFFF65
:10AC0000FFFFFFFFFFFFFFFFFFFFFFFFFFFFFFFF54
:10AC1000FFFFFFFFFFFFFFFFFFFFFFFFFFFFFFFF44
:10AC2000FFFFFFFFFFFFFFFFFFFFFFFFFFFFFFFF34
:10AC3000FFFFFFFFFFFFFFFFFFFFFFFFFFFFFFFF24
:10AC4000FFFFFFFFFFFFFFFFFFFFFFFFFFFFFFFF14
:10AC5000FFFFFFFFFFFFFFFFFFFFFFFFFFFFFFFF04
:10AC6000FFFFFFFFFFFFFFFFFFFFFFFFFFFFFFFFF4
:10AC7000FFFFFFFFFFFFFFFFFFFFFFFFFFFFFFFFE4
:10AC8000FFFFFFFFFFFFFFFFFFFFFFFFFFFFFFFFD4
:10AC9000FFFFFFFFFFFFFFFFFFFFFFFFFFFFFFFFC4
:10ACA000FFFFFFFFFFFFFFFFFFFFFFFFFFFFFFFFB4
:10ACB000FFFFFFFFFFFFFFFFFFFFFFFFFFFFFFFFA4
:10ACC000FFFFFFFFFFFFFFFFFFFFFFFFFFFFFFFF94
:10ACD000FFFFFFFFFFFFFFFFFFFFFFFFFFFFFFFF84
:10ACE000FFFFFFFFFFFFFFFFFFFFFFFFFFFFFFFF74
:10ACF000FFFFFFFFFFFFFFFFFFFFFFFFFFFFFFFF64
:10AD0000FFFFFFFFFFFFFFFFFFFFFFFFFFFFFFFF53
:10AD1000FFFFFFFFFFFFFFFFFFFFFFFFFFFFFFFF43
:10AD2000FFFFFFFFFFFFFFFFFFFFFFFFFFFFFFFF33
:10AD3000FFFFFFFFFFFFFFFFFFFFFFFFFFFFFFFF23
:10AD4000FFFFFFFFFFFFFFFFFFFFFFFFFFFFFFFF13
:10AD5000FFFFFFFFFFFFFFFFFFFFFFFFFFFFFFFF03
:10AD6000FFFFFFFFFFFFFFFFFFFFFFFFFFFFFFFFF3
:10AD7000FFFFFFFFFFFFFFFFFFFFFFFFFFFFFFFFE3
:10AD8000FFFFFFFFFFFFFFFFFFFFFFFFFFFFFFFFD3
:10AD9000FFFFFFFFFFFFFFFFFFFFFFFFFFFFFFFFC3
:10ADA000FFFFFFFFFFFFFFFFFFFFFFFFFFFFFFFFB3
:10ADB000FFFFFFFFFFFFFFFFFFFFFFFFFFFFFFFFA3
:10ADC000FFFFFFFFFFFFFFFFFFFFFFFFFFFFFFFF93
:10ADD000FFFFFFFFFFFFFFFFFFFFFFFFFFFFFFFF83
:10ADE000FFFFFFFFFFFFFFFFFFFFFFFFFFFFFFFF73
:10ADF000FFFFFFFFFFFFFFFFFFFFFFFFFFFFFFFF63
:10AE0000FFFFFFFFFFFFFFFFFFFFFFFFFFFFFFFF52
:10AE1000FFFFFFFFFFFFFFFFFFFFFFFFFFFFFFFF42
:10AE2000FFFFFFFFFFFFFFFFFFFFFFFFFFFFFFFF32
:10AE3000FFFFFFFFFFFFFFFFFFFFFFFFFFFFFFFF22
:10AE4000FFFFFFFFFFFFFFFFFFFFFFFFFFFFFFFF12
:10AE5000FFFFFFFFFFFFFFFFFFFFFFFFFFFFFFFF02
:10AE6000FFFFFFFFFFFFFFFFFFFFFFFFFFFFFFFFF2
:10AE7000FFFFFFFFFFFFFFFFFFFFFFFFFFFFFFFFE2
:10AE8000FFFFFFFFFFFFFFFFFFFFFFFFFFFFFFFFD2
:10AE9000FFFFFFFFFFFFFFFFFFFFFFFFFFFFFFFFC2
:10AEA000FFFFFFFFFFFFFFFFFFFFFFFFFFFFFFFFB2
:10AEB000FFFFFFFFFFFFFFFFFFFFFFFFFFFFFFFFA2
:10AEC000FFFFFFFFFFFFFFFFFFFFFFFFFFFFFFFF92
:10AED000FFFFFFFFFFFFFFFFFFFFFFFFFFFFFFFF82
:10AEE000FFFFFFFFFFFFFFFFFFFFFFFFFFFFFFFF72
:10AEF000FFFFFFFFFFFFFFFFFFFFFFFFFFFFFFFF62
:10AF0000FFFFFFFFFFFFFFFFFFFFFFFFFFFFFFFF51
:10AF1000FFFFFFFFFFFFFFFFFFFFFFFFFFFFFFFF41
:10AF2000FFFFFFFFFFFFFFFFFFFFFFFFFFFFFFFF31
:10AF3000FFFFFFFFFFFFFFFFFFFFFFFFFFFFFFFF21
:10AF4000FFFFFFFFFFFFFFFFFFFFFFFFFFFFFFFF11
:10AF5000FFFFFFFFFFFFFFFFFFFFFFFFFFFFFFFF01
:10AF6000FFFFFFFFFFFFFFFFFFFFFFFFFFFFFFFFF1
:10AF7000FFFFFFFFFFFFFFFFFFFFFFFFFFFFFFFFE1
:10AF8000FFFFFFFFFFFFFFFFFFFFFFFFFFFFFFFFD1
:10AF9000FFFFFFFFFFFFFFFFFFFFFFFFFFFFFFFFC1
:10AFA000FFFFFFFFFFFFFFFFFFFFFFFFFFFFFFFFB1
:10AFB000FFFFFFFFFFFFFFFFFFFFFFFFFFFFFFFFA1
:10AFC000FFFFFFFFFFFFFFFFFFFFFFFFFFFFFFFF91
:10AFD000FFFFFFFFFFFFFFFFFFFFFFFFFFFFFFFF81
:10AFE000FFFFFFFFFFFFFFFFFFFFFFFFFFFFFFFF71
:10AFF000FFFFFFFFFFFFFFFFFFFFFFFFFFFFFFFF61
:10B00000FFFFFFFFFFFFFFFFFFFFFFFFFFFFFFFF50
:10B01000FFFFFFFFFFFFFFFFFFFFFFFFFFFFFFFF40
:10B02000FFFFFFFFFFFFFFFFFFFFFFFFFFFFFFFF30
:10B03000FFFFFFFFFFFFFFFFFFFFFFFFFFFFFFFF20
:10B04000FFFFFFFFFFFFFFFFFFFFFFFFFFFFFFFF10
:10B05000FFFFFFFFFFFFFFFFFFFFFFFFFFFFFFFF00
:10B06000FFFFFFFFFFFFFFFFFFFFFFFFFFFFFFFFF0
:10B07000FFFFFFFFFFFFFFFFFFFFFFFFFFFFFFFFE0
:10B08000FFFFFFFFFFFFFFFFFFFFFFFFFFFFFFFFD0
:10B09000FFFFFFFFFFFFFFFFFFFFFFFFFFFFFFFFC0
:10B0A000FFFFFFFFFFFFFFFFFFFFFFFFFFFFFFFFB0
:10B0B000FFFFFFFFFFFFFFFFFFFFFFFFFFFFFFFFA0
:10B0C000FFFFFFFFFFFFFFFFFFFFFFFFFFFFFFFF90
:10B0D000FFFFFFFFFFFFFFFFFFFFFFFFFFFFFFFF80
:10B0E000FFFFFFFFFFFFFFFFFFFFFFFFFFFFFFFF70
:10B0F000FFFFFFFFFFFFFFFFFFFFFFFFFFFFFFFF60
:10B10000FFFFFFFFFFFFFFFFFFFFFFFFFFFFFFFF4F
:10B11000FFFFFFFFFFFFFFFFFFFFFFFFFFFFFFFF3F
:10B12000FFFFFFFFFFFFFFFFFFFFFFFFFFFFFFFF2F
:10B13000FFFFFFFFFFFFFFFFFFFFFFFFFFFFFFFF1F
:10B14000FFFFFFFFFFFFFFFFFFFFFFFFFFFFFFFF0F
:10B15000FFFFFFFFFFFFFFFFFFFFFFFFFFFFFFFFFF
:10B16000FFFFFFFFFFFFFFFFFFFFFFFFFFFFFFFFEF
:10B17000FFFFFFFFFFFFFFFFFFFFFFFFFFFFFFFFDF
:10B18000FFFFFFFFFFFFFFFFFFFFFFFFFFFFFFFFCF
:10B19000FFFFFFFFFFFFFFFFFFFFFFFFFFFFFFFFBF
:10B1A000FFFFFFFFFFFFFFFFFFFFFFFFFFFFFFFFAF
:10B1B000FFFFFFFFFFFFFFFFFFFFFFFFFFFFFFFF9F
:10B1C000FFFFFFFFFFFFFFFFFFFFFFFFFFFFFFFF8F
:10B1D000FFFFFFFFFFFFFFFFFFFFFFFFFFFFFFFF7F
:10B1E000FFFFFFFFFFFFFFFFFFFFFFFFFFFFFFFF6F
:10B1F000FFFFFFFFFFFFFFFFFFFFFFFFFFFFFFFF5F
:10B20000FFFFFFFFFFFFFFFFFFFFFFFFFFFFFFFF4E
:10B21000FFFFFFFFFFFFFFFFFFFFFFFFFFFFFFFF3E
:10B22000FFFFFFFFFFFFFFFFFFFFFFFFFFFFFFFF2E
:10B23000FFFFFFFFFFFFFFFFFFFFFFFFFFFFFFFF1E
:10B24000FFFFFFFFFFFFFFFFFFFFFFFFFFFFFFFF0E
:10B25000FFFFFFFFFFFFFFFFFFFFFFFFFFFFFFFFFE
:10B26000FFFFFFFFFFFFFFFFFFFFFFFFFFFFFFFFEE
:10B27000FFFFFFFFFFFFFFFFFFFFFFFFFFFFFFFFDE
:10B28000FFFFFFFFFFFFFFFFFFFFFFFFFFFFFFFFCE
:10B29000FFFFFFFFFFFFFFFFFFFFFFFFFFFFFFFFBE
:10B2A000FFFFFFFFFFFFFFFFFFFFFFFFFFFFFFFFAE
:10B2B000FFFFFFFFFFFFFFFFFFFFFFFFFFFFFFFF9E
:10B2C000FFFFFFFFFFFFFFFFFFFFFFFFFFFFFFFF8E
:10B2D000FFFFFFFFFFFFFFFFFFFFFFFFFFFFFFFF7E
:10B2E000FFFFFFFFFFFFFFFFFFFFFFFFFFFFFFFF6E
:10B2F000FFFFFFFFFFFFFFFFFFFFFFFFFFFFFFFF5E
:10B30000FFFFFFFFFFFFFFFFFFFFFFFFFFFFFFFF4D
:10B31000FFFFFFFFFFFFFFFFFFFFFFFFFFFFFFFF3D
:10B32000FFFFFFFFFFFFFFFFFFFFFFFFFFFFFFFF2D
:10B33000FFFFFFFFFFFFFFFFFFFFFFFFFFFFFFFF1D
:10B34000FFFFFFFFFFFFFFFFFFFFFFFFFFFFFFFF0D
:10B35000FFFFFFFFFFFFFFFFFFFFFFFFFFFFFFFFFD
:10B36000FFFFFFFFFFFFFFFFFFFFFFFFFFFFFFFFED
:10B37000FFFFFFFFFFFFFFFFFFFFFFFFFFFFFFFFDD
:10B38000FFFFFFFFFFFFFFFFFFFFFFFFFFFFFFFFCD
:10B39000FFFFFFFFFFFFFFFFFFFFFFFFFFFFFFFFBD
:10B3A000FFFFFFFFFFFFFFFFFFFFFFFFFFFFFFFFAD
:10B3B000FFFFFFFFFFFFFFFFFFFFFFFFFFFFFFFF9D
:10B3C000FFFFFFFFFFFFFFFFFFFFFFFFFFFFFFFF8D
:10B3D000FFFFFFFFFFFFFFFFFFFFFFFFFFFFFFFF7D
:10B3E000FFFFFFFFFFFFFFFFFFFFFFFFFFFFFFFF6D
:10B3F000FFFFFFFFFFFFFFFFFFFFFFFFFFFFFFFF5D
:10B40000FFFFFFFFFFFFFFFFFFFFFFFFFFFFFFFF4C
:10B41000FFFFFFFFFFFFFFFFFFFFFFFFFFFFFFFF3C
:10B42000FFFFFFFFFFFFFFFFFFFFFFFFFFFFFFFF2C
:10B43000FFFFFFFFFFFFFFFFFFFFFFFFFFFFFFFF1C
:10B44000FFFFFFFFFFFFFFFFFFFFFFFFFFFFFFFF0C
:10B45000FFFFFFFFFFFFFFFFFFFFFFFFFFFFFFFFFC
:10B46000FFFFFFFFFFFFFFFFFFFFFFFFFFFFFFFFEC
:10B47000FFFFFFFFFFFFFFFFFFFFFFFFFFFFFFFFDC
:10B48000FFFFFFFFFFFFFFFFFFFFFFFFFFFFFFFFCC
:10B49000FFFFFFFFFFFFFFFFFFFFFFFFFFFFFFFFBC
:10B4A000FFFFFFFFFFFFFFFFFFFFFFFFFFFFFFFFAC
:10B4B000FFFFFFFFFFFFFFFFFFFFFFFFFFFFFFFF9C
:10B4C000FFFFFFFFFFFFFFFFFFFFFFFFFFFFFFFF8C
:10B4D000FFFFFFFFFFFFFFFFFFFFFFFFFFFFFFFF7C
:10B4E000FFFFFFFFFFFFFFFFFFFFFFFFFFFFFFFF6C
:10B4F000FFFFFFFFFFFFFFFFFFFFFFFFFFFFFFFF5C
:10B50000FFFFFFFFFFFFFFFFFFFFFFFFFFFFFFFF4B
:10B51000FFFFFFFFFFFFFFFFFFFFFFFFFFFFFFFF3B
:10B52000FFFFFFFFFFFFFFFFFFFFFFFFFFFFFFFF2B
:10B53000FFFFFFFFFFFFFFFFFFFFFFFFFFFFFFFF1B
:10B54000FFFFFFFFFFFFFFFFFFFFFFFFFFFFFFFF0B
:10B55000FFFFFFFFFFFFFFFFFFFFFFFFFFFFFFFFFB
:10B56000FFFFFFFFFFFFFFFFFFFFFFFFFFFFFFFFEB
:10B57000FFFFFFFFFFFFFFFFFFFFFFFFFFFFFFFFDB
:10B58000FFFFFFFFFFFFFFFFFFFFFFFFFFFFFFFFCB
:10B59000FFFFFFFFFFFFFFFFFFFFFFFFFFFFFFFFBB
:10B5A000FFFFFFFFFFFFFFFFFFFFFFFFFFFFFFFFAB
:10B5B000FFFFFFFFFFFFFFFFFFFFFFFFFFFFFFFF9B
:10B5C000FFFFFFFFFFFFFFFFFFFFFFFFFFFFFFFF8B
:10B5D000FFFFFFFFFFFFFFFFFFFFFFFFFFFFFFFF7B
:10B5E000FFFFFFFFFFFFFFFFFFFFFFFFFFFFFFFF6B
:10B5F000FFFFFFFFFFFFFFFFFFFFFFFFFFFFFFFF5B
:10B60000FFFFFFFFFFFFFFFFFFFFFFFFFFFFFFFF4A
:10B61000FFFFFFFFFFFFFFFFFFFFFFFFFFFFFFFF3A
:10B62000FFFFFFFFFFFFFFFFFFFFFFFFFFFFFFFF2A
:10B63000FFFFFFFFFFFFFFFFFFFFFFFFFFFFFFFF1A
:10B64000FFFFFFFFFFFFFFFFFFFFFFFFFFFFFFFF0A
:10B65000FFFFFFFFFFFFFFFFFFFFFFFFFFFFFFFFFA
:10B66000FFFFFFFFFFFFFFFFFFFFFFFFFFFFFFFFEA
:10B67000FFFFFFFFFFFFFFFFFFFFFFFFFFFFFFFFDA
:10B68000FFFFFFFFFFFFFFFFFFFFFFFFFFFFFFFFCA
:10B69000FFFFFFFFFFFFFFFFFFFFFFFFFFFFFFFFBA
:10B6A000FFFFFFFFFFFFFFFFFFFFFFFFFFFFFFFFAA
:10B6B000FFFFFFFFFFFFFFFFFFFFFFFFFFFFFFFF9A
:10B6C000FFFFFFFFFFFFFFFFFFFFFFFFFFFFFFFF8A
:10B6D000FFFFFFFFFFFFFFFFFFFFFFFFFFFFFFFF7A
:10B6E000FFFFFFFFFFFFFFFFFFFFFFFFFFFFFFFF6A
:10B6F000FFFFFFFFFFFFFFFFFFFFFFFFFFFFFFFF5A
:10B70000FFFFFFFFFFFFFFFFFFFFFFFFFFFFFFFF49
:10B71000FFFFFFFFFFFFFFFFFFFFFFFFFFFFFFFF39
:10B72000FFFFFFFFFFFFFFFFFFFFFFFFFFFFFFFF29
:10B73000FFFFFFFFFFFFFFFFFFFFFFFFFFFFFFFF19
:10B74000FFFFFFFFFFFFFFFFFFFFFFFFFFFFFFFF09
:10B75000FFFFFFFFFFFFFFFFFFFFFFFFFFFFFFFFF9
:10B76000FFFFFFFFFFFFFFFFFFFFFFFFFFFFFFFFE9
:10B77000FFFFFFFFFFFFFFFFFFFFFFFFFFFFFFFFD9
:10B78000FFFFFFFFFFFFFFFFFFFFFFFFFFFFFFFFC9
:10B79000FFFFFFFFFFFFFFFFFFFFFFFFFFFFFFFFB9
:10B7A000FFFFFFFFFFFFFFFFFFFFFFFFFFFFFFFFA9
:10B7B000FFFFFFFFFFFFFFFFFFFFFFFFFFFFFFFF99
:10B7C000FFFFFFFFFFFFFFFFFFFFFFFFFFFFFFFF89
:10B7D000FFFFFFFFFFFFFFFFFFFFFFFFFFFFFFFF79
:10B7E000FFFFFFFFFFFFFFFFFFFFFFFFFFFFFFFF69
:10B7F000FFFFFFFFFFFFFFFFFFFFFFFFFFFFFFFF59
:10B80000FFFFFFFFFFFFFFFFFFFFFFFFFFFFFFFF48
:10B81000FFFFFFFFFFFFFFFFFFFFFFFFFFFFFFFF38
:10B82000FFFFFFFFFFFFFFFFFFFFFFFFFFFFFFFF28
:10B83000FFFFFFFFFFFFFFFFFFFFFFFFFFFFFFFF18
:10B84000FFFFFFFFFFFFFFFFFFFFFFFFFFFFFFFF08
:10B85000FFFFFFFFFFFFFFFFFFFFFFFFFFFFFFFFF8
:10B86000FFFFFFFFFFFFFFFFFFFFFFFFFFFFFFFFE8
:10B87000FFFFFFFFFFFFFFFFFFFFFFFFFFFFFFFFD8
:10B88000FFFFFFFFFFFFFFFFFFFFFFFFFFFFFFFFC8
:10B89000FFFFFFFFFFFFFFFFFFFFFFFFFFFFFFFFB8
:10B8A000FFFFFFFFFFFFFFFFFFFFFFFFFFFFFFFFA8
:10B8B000FFFFFFFFFFFFFFFFFFFFFFFFFFFFFFFF98
:10B8C000FFFFFFFFFFFFFFFFFFFFFFFFFFFFFFFF88
:10B8D000FFFFFFFFFFFFFFFFFFFFFFFFFFFFFFFF78
:10B8E000FFFFFFFFFFFFFFFFFFFFFFFFFFFFFFFF68
:10B8F000FFFFFFFFFFFFFFFFFFFFFFFFFFFFFFFF58
:10B90000FFFFFFFFFFFFFFFFFFFFFFFFFFFFFFFF47
:10B91000FFFFFFFFFFFFFFFFFFFFFFFFFFFFFFFF37
:10B92000FFFFFFFFFFFFFFFFFFFFFFFFFFFFFFFF27
:10B93000FFFFFFFFFFFFFFFFFFFFFFFFFFFFFFFF17
:10B94000FFFFFFFFFFFFFFFFFFFFFFFFFFFFFFFF07
:10B95000FFFFFFFFFFFFFFFFFFFFFFFFFFFFFFFFF7
:10B96000FFFFFFFFFFFFFFFFFFFFFFFFFFFFFFFFE7
:10B97000FFFFFFFFFFFFFFFFFFFFFFFFFFFFFFFFD7
:10B98000FFFFFFFFFFFFFFFFFFFFFFFFFFFFFFFFC7
:10B99000FFFFFFFFFFFFFFFFFFFFFFFFFFFFFFFFB7
:10B9A000FFFFFFFFFFFFFFFFFFFFFFFFFFFFFFFFA7
:10B9B000FFFFFFFFFFFFFFFFFFFFFFFFFFFFFFFF97
:10B9C000FFFFFFFFFFFFFFFFFFFFFFFFFFFFFFFF87
:10B9D000FFFFFFFFFFFFFFFFFFFFFFFFFFFFFFFF77
:10B9E000FFFFFFFFFFFFFFFFFFFFFFFFFFFFFFFF67
:10B9F000FFFFFFFFFFFFFFFFFFFFFFFFFFFFFFFF57
:10BA0000FFFFFFFFFFFFFFFFFFFFFFFFFFFFFFFF46
:10BA1000FFFFFFFFFFFFFFFFFFFFFFFFFFFFFFFF36
:10BA2000FFFFFFFFFFFFFFFFFFFFFFFFFFFFFFFF26
:10BA3000FFFFFFFFFFFFFFFFFFFFFFFFFFFFFFFF16
:10BA4000FFFFFFFFFFFFFFFFFFFFFFFFFFFFFFFF06
:10BA5000FFFFFFFFFFFFFFFFFFFFFFFFFFFFFFFFF6
:10BA6000FFFFFFFFFFFFFFFFFFFFFFFFFFFFFFFFE6
:10BA7000FFFFFFFFFFFFFFFFFFFFFFFFFFFFFFFFD6
:10BA8000FFFFFFFFFFFFFFFFFFFFFFFFFFFFFFFFC6
:10BA9000FFFFFFFFFFFFFFFFFFFFFFFFFFFFFFFFB6
:10BAA000FFFFFFFFFFFFFFFFFFFFFFFFFFFFFFFFA6
:10BAB000FFFFFFFFFFFFFFFFFFFFFFFFFFFFFFFF96
:10BAC000FFFFFFFFFFFFFFFFFFFFFFFFFFFFFFFF86
:10BAD000FFFFFFFFFFFFFFFFFFFFFFFFFFFFFFFF76
:10BAE000FFFFFFFFFFFFFFFFFFFFFFFFFFFFFFFF66
:10BAF000FFFFFFFFFFFFFFFFFFFFFFFFFFFFFFFF56
:10BB0000FFFFFFFFFFFFFFFFFFFFFFFFFFFFFFFF45
:10BB1000FFFFFFFFFFFFFFFFFFFFFFFFFFFFFFFF35
:10BB2000FFFFFFFFFFFFFFFFFFFFFFFFFFFFFFFF25
:10BB3000FFFFFFFFFFFFFFFFFFFFFFFFFFFFFFFF15
:10BB4000FFFFFFFFFFFFFFFFFFFFFFFFFFFFFFFF05
:10BB5000FFFFFFFFFFFFFFFFFFFFFFFFFFFFFFFFF5
:10BB6000FFFFFFFFFFFFFFFFFFFFFFFFFFFFFFFFE5
:10BB7000FFFFFFFFFFFFFFFFFFFFFFFFFFFFFFFFD5
:10BB8000FFFFFFFFFFFFFFFFFFFFFFFFFFFFFFFFC5
:10BB9000FFFFFFFFFFFFFFFFFFFFFFFFFFFFFFFFB5
:10BBA000FFFFFFFFFFFFFFFFFFFFFFFFFFFFFFFFA5
:10BBB000FFFFFFFFFFFFFFFFFFFFFFFFFFFFFFFF95
:10BBC000FFFFFFFFFFFFFFFFFFFFFFFFFFFFFFFF85
:10BBD000FFFFFFFFFFFFFFFFFFFFFFFFFFFFFFFF75
:10BBE000FFFFFFFFFFFFFFFFFFFFFFFFFFFFFFFF65
:10BBF000FFFFFFFFFFFFFFFFFFFFFFFFFFFFFFFF55
:10BC0000FFFFFFFFFFFFFFFFFFFFFFFFFFFFFFFF44
:10BC1000FFFFFFFFFFFFFFFFFFFFFFFFFFFFFFFF34
:10BC2000FFFFFFFFFFFFFFFFFFFFFFFFFFFFFFFF24
:10BC3000FFFFFFFFFFFFFFFFFFFFFFFFFFFFFFFF14
:10BC4000FFFFFFFFFFFFFFFFFFFFFFFFFFFFFFFF04
:10BC5000FFFFFFFFFFFFFFFFFFFFFFFFFFFFFFFFF4
:10BC6000FFFFFFFFFFFFFFFFFFFFFFFFFFFFFFFFE4
:10BC7000FFFFFFFFFFFFFFFFFFFFFFFFFFFFFFFFD4
:10BC8000FFFFFFFFFFFFFFFFFFFFFFFFFFFFFFFFC4
:10BC9000FFFFFFFFFFFFFFFFFFFFFFFFFFFFFFFFB4
:10BCA000FFFFFFFFFFFFFFFFFFFFFFFFFFFFFFFFA4
:10BCB000FFFFFFFFFFFFFFFFFFFFFFFFFFFFFFFF94
:10BCC000FFFFFFFFFFFFFFFFFFFFFFFFFFFFFFFF84
:10BCD000FFFFFFFFFFFFFFFFFFFFFFFFFFFFFFFF74
:10BCE000FFFFFFFFFFFFFFFFFFFFFFFFFFFFFFFF64
:10BCF000FFFFFFFFFFFFFFFFFFFFFFFFFFFFFFFF54
:10BD0000FFFFFFFFFFFFFFFFFFFFFFFFFFFFFFFF43
:10BD1000FFFFFFFFFFFFFFFFFFFFFFFFFFFFFFFF33
:10BD2000FFFFFFFFFFFFFFFFFFFFFFFFFFFFFFFF23
:10BD3000FFFFFFFFFFFFFFFFFFFFFFFFFFFFFFFF13
:10BD4000FFFFFFFFFFFFFFFFFFFFFFFFFFFFFFFF03
:10BD5000FFFFFFFFFFFFFFFFFFFFFFFFFFFFFFFFF3
:10BD6000FFFFFFFFFFFFFFFFFFFFFFFFFFFFFFFFE3
:10BD7000FFFFFFFFFFFFFFFFFFFFFFFFFFFFFFFFD3
:10BD8000FFFFFFFFFFFFFFFFFFFFFFFFFFFFFFFFC3
:10BD9000FFFFFFFFFFFFFFFFFFFFFFFFFFFFFFFFB3
:10BDA000FFFFFFFFFFFFFFFFFFFFFFFFFFFFFFFFA3
:10BDB000FFFFFFFFFFFFFFFFFFFFFFFFFFFFFFFF93
:10BDC000FFFFFFFFFFFFFFFFFFFFFFFFFFFFFFFF83
:10BDD000FFFFFFFFFFFFFFFFFFFFFFFFFFFFFFFF73
:10BDE000FFFFFFFFFFFFFFFFFFFFFFFFFFFFFFFF63
:10BDF000FFFFFFFFFFFFFFFFFFFFFFFFFFFFFFFF53
:10BE0000FFFFFFFFFFFFFFFFFFFFFFFFFFFFFFFF42
:10BE1000FFFFFFFFFFFFFFFFFFFFFFFFFFFFFFFF32
:10BE2000FFFFFFFFFFFFFFFFFFFFFFFFFFFFFFFF22
:10BE3000FFFFFFFFFFFFFFFFFFFFFFFFFFFFFFFF12
:10BE4000FFFFFFFFFFFFFFFFFFFFFFFFFFFFFFFF02
:10BE5000FFFFFFFFFFFFFFFFFFFFFFFFFFFFFFFFF2
:10BE6000FFFFFFFFFFFFFFFFFFFFFFFFFFFFFFFFE2
:10BE7000FFFFFFFFFFFFFFFFFFFFFFFFFFFFFFFFD2
:10BE8000FFFFFFFFFFFFFFFFFFFFFFFFFFFFFFFFC2
:10BE9000FFFFFFFFFFFFFFFFFFFFFFFFFFFFFFFFB2
:10BEA000FFFFFFFFFFFFFFFFFFFFFFFFFFFFFFFFA2
:10BEB000FFFFFFFFFFFFFFFFFFFFFFFFFFFFFFFF92
:10BEC000FFFFFFFFFFFFFFFFFFFFFFFFFFFFFFFF82
:10BED000FFFFFFFFFFFFFFFFFFFFFFFFFFFFFFFF72
:10BEE000FFFFFFFFFFFFFFFFFFFFFFFFFFFFFFFF62
:10BEF000FFFFFFFFFFFFFFFFFFFFFFFFFFFFFFFF52
:10BF0000FFFFFFFFFFFFFFFFFFFFFFFFFFFFFFFF41
:10BF1000FFFFFFFFFFFFFFFFFFFFFFFFFFFFFFFF31
:10BF2000FFFFFFFFFFFFFFFFFFFFFFFFFFFFFFFF21
:10BF3000FFFFFFFFFFFFFFFFFFFFFFFFFFFFFFFF11
:10BF4000FFFFFFFFFFFFFFFFFFFFFFFFFFFFFFFF01
:10BF5000FFFFFFFFFFFFFFFFFFFFFFFFFFFFFFFFF1
:10BF6000FFFFFFFFFFFFFFFFFFFFFFFFFFFFFFFFE1
:10BF7000FFFFFFFFFFFFFFFFFFFFFFFFFFFFFFFFD1
:10BF8000FFFFFFFFFFFFFFFFFFFFFFFFFFFFFFFFC1
:10BF9000FFFFFFFFFFFFFFFFFFFFFFFFFFFFFFFFB1
:10BFA000FFFFFFFFFFFFFFFFFFFFFFFFFFFFFFFFA1
:10BFB000FFFFFFFFFFFFFFFFFFFFFFFFFFFFFFFF91
:10BFC000FFFFFFFFFFFFFFFFFFFFFFFFFFFFFFFF81
:10BFD000FFFFFFFFFFFFFFFFFFFFFFFFFFFFFFFF71
:10BFE000FFFFFFFFFFFFFFFFFFFFFFFFFFFFFFFF61
:10BFF000FFFFFFFFFFFFFFFFFFFFFFFFFFFFFFFF51
:10C00000FFFFFFFFFFFFFFFFFFFFFFFFFFFFFFFF40
:10C01000FFFFFFFFFFFFFFFFFFFFFFFFFFFFFFFF30
:10C02000FFFFFFFFFFFFFFFFFFFFFFFFFFFFFFFF20
:10C03000FFFFFFFFFFFFFFFFFFFFFFFFFFFFFFFF10
:10C04000FFFFFFFFFFFFFFFFFFFFFFFFFFFFFFFF00
:10C05000FFFFFFFFFFFFFFFFFFFFFFFFFFFFFFFFF0
:10C06000FFFFFFFFFFFFFFFFFFFFFFFFFFFFFFFFE0
:10C07000FFFFFFFFFFFFFFFFFFFFFFFFFFFFFFFFD0
:10C08000FFFFFFFFFFFFFFFFFFFFFFFFFFFFFFFFC0
:10C09000FFFFFFFFFFFFFFFFFFFFFFFFFFFFFFFFB0
:10C0A000FFFFFFFFFFFFFFFFFFFFFFFFFFFFFFFFA0
:10C0B000FFFFFFFFFFFFFFFFFFFFFFFFFFFFFFFF90
:10C0C000FFFFFFFFFFFFFFFFFFFFFFFFFFFFFFFF80
:10C0D000FFFFFFFFFFFFFFFFFFFFFFFFFFFFFFFF70
:10C0E000FFFFFFFFFFFFFFFFFFFFFFFFFFFFFFFF60
:10C0F000FFFFFFFFFFFFFFFFFFFFFFFFFFFFFFFF50
:10C10000FFFFFFFFFFFFFFFFFFFFFFFFFFFFFFFF3F
:10C11000FFFFFFFFFFFFFFFFFFFFFFFFFFFFFFFF2F
:10C12000FFFFFFFFFFFFFFFFFFFFFFFFFFFFFFFF1F
:10C13000FFFFFFFFFFFFFFFFFFFFFFFFFFFFFFFF0F
:10C14000FFFFFFFFFFFFFFFFFFFFFFFFFFFFFFFFFF
:10C15000FFFFFFFFFFFFFFFFFFFFFFFFFFFFFFFFEF
:10C16000FFFFFFFFFFFFFFFFFFFFFFFFFFFFFFFFDF
:10C17000FFFFFFFFFFFFFFFFFFFFFFFFFFFFFFFFCF
:10C18000FFFFFFFFFFFFFFFFFFFFFFFFFFFFFFFFBF
:10C19000FFFFFFFFFFFFFFFFFFFFFFFFFFFFFFFFAF
:10C1A000FFFFFFFFFFFFFFFFFFFFFFFFFFFFFFFF9F
:10C1B000FFFFFFFFFFFFFFFFFFFFFFFFFFFFFFFF8F
:10C1C000FFFFFFFFFFFFFFFFFFFFFFFFFFFFFFFF7F
:10C1D000FFFFFFFFFFFFFFFFFFFFFFFFFFFFFFFF6F
:10C1E000FFFFFFFFFFFFFFFFFFFFFFFFFFFFFFFF5F
:10C1F000FFFFFFFFFFFFFFFFFFFFFFFFFFFFFFFF4F
:10C20000FFFFFFFFFFFFFFFFFFFFFFFFFFFFFFFF3E
:10C21000FFFFFFFFFFFFFFFFFFFFFFFFFFFFFFFF2E
:10C22000FFFFFFFFFFFFFFFFFFFFFFFFFFFFFFFF1E
:10C23000FFFFFFFFFFFFFFFFFFFFFFFFFFFFFFFF0E
:10C24000FFFFFFFFFFFFFFFFFFFFFFFFFFFFFFFFFE
:10C25000FFFFFFFFFFFFFFFFFFFFFFFFFFFFFFFFEE
:10C26000FFFFFFFFFFFFFFFFFFFFFFFFFFFFFFFFDE
:10C27000FFFFFFFFFFFFFFFFFFFFFFFFFFFFFFFFCE
:10C28000FFFFFFFFFFFFFFFFFFFFFFFFFFFFFFFFBE
:10C29000FFFFFFFFFFFFFFFFFFFFFFFFFFFFFFFFAE
:10C2A000FFFFFFFFFFFFFFFFFFFFFFFFFFFFFFFF9E
:10C2B000FFFFFFFFFFFFFFFFFFFFFFFFFFFFFFFF8E
:10C2C000FFFFFFFFFFFFFFFFFFFFFFFFFFFFFFFF7E
:10C2D000FFFFFFFFFFFFFFFFFFFFFFFFFFFFFFFF6E
:10C2E000FFFFFFFFFFFFFFFFFFFFFFFFFFFFFFFF5E
:10C2F000FFFFFFFFFFFFFFFFFFFFFFFFFFFFFFFF4E
:10C30000FFFFFFFFFFFFFFFFFFFFFFFFFFFFFFFF3D
:10C31000FFFFFFFFFFFFFFFFFFFFFFFFFFFFFFFF2D
:10C32000FFFFFFFFFFFFFFFFFFFFFFFFFFFFFFFF1D
:10C33000FFFFFFFFFFFFFFFFFFFFFFFFFFFFFFFF0D
:10C34000FFFFFFFFFFFFFFFFFFFFFFFFFFFFFFFFFD
:10C35000FFFFFFFFFFFFFFFFFFFFFFFFFFFFFFFFED
:10C36000FFFFFFFFFFFFFFFFFFFFFFFFFFFFFFFFDD
:10C37000FFFFFFFFFFFFFFFFFFFFFFFFFFFFFFFFCD
:10C38000FFFFFFFFFFFFFFFFFFFFFFFFFFFFFFFFBD
:10C39000FFFFFFFFFFFFFFFFFFFFFFFFFFFFFFFFAD
:10C3A000FFFFFFFFFFFFFFFFFFFFFFFFFFFFFFFF9D
:10C3B000FFFFFFFFFFFFFFFFFFFFFFFFFFFFFFFF8D
:10C3C000FFFFFFFFFFFFFFFFFFFFFFFFFFFFFFFF7D
:10C3D000FFFFFFFFFFFFFFFFFFFFFFFFFFFFFFFF6D
:10C3E000FFFFFFFFFFFFFFFFFFFFFFFFFFFFFFFF5D
:10C3F000FFFFFFFFFFFFFFFFFFFFFFFFFFFFFFFF4D
:10C40000FFFFFFFFFFFFFFFFFFFFFFFFFFFFFFFF3C
:10C41000FFFFFFFFFFFFFFFFFFFFFFFFFFFFFFFF2C
:10C42000FFFFFFFFFFFFFFFFFFFFFFFFFFFFFFFF1C
:10C43000FFFFFFFFFFFFFFFFFFFFFFFFFFFFFFFF0C
:10C44000FFFFFFFFFFFFFFFFFFFFFFFFFFFFFFFFFC
:10C45000FFFFFFFFFFFFFFFFFFFFFFFFFFFFFFFFEC
:10C46000FFFFFFFFFFFFFFFFFFFFFFFFFFFFFFFFDC
:10C47000FFFFFFFFFFFFFFFFFFFFFFFFFFFFFFFFCC
:10C48000FFFFFFFFFFFFFFFFFFFFFFFFFFFFFFFFBC
:10C49000FFFFFFFFFFFFFFFFFFFFFFFFFFFFFFFFAC
:10C4A000FFFFFFFFFFFFFFFFFFFFFFFFFFFFFFFF9C
:10C4B000FFFFFFFFFFFFFFFFFFFFFFFFFFFFFFFF8C
:10C4C000FFFFFFFFFFFFFFFFFFFFFFFFFFFFFFFF7C
:10C4D000FFFFFFFFFFFFFFFFFFFFFFFFFFFFFFFF6C
:10C4E000FFFFFFFFFFFFFFFFFFFFFFFFFFFFFFFF5C
:10C4F000FFFFFFFFFFFFFFFFFFFFFFFFFFFFFFFF4C
:10C50000FFFFFFFFFFFFFFFFFFFFFFFFFFFFFFFF3B
:10C51000FFFFFFFFFFFFFFFFFFFFFFFFFFFFFFFF2B
:10C52000FFFFFFFFFFFFFFFFFFFFFFFFFFFFFFFF1B
:10C53000FFFFFFFFFFFFFFFFFFFFFFFFFFFFFFFF0B
:10C54000FFFFFFFFFFFFFFFFFFFFFFFFFFFFFFFFFB
:10C55000FFFFFFFFFFFFFFFFFFFFFFFFFFFFFFFFEB
:10C56000FFFFFFFFFFFFFFFFFFFFFFFFFFFFFFFFDB
:10C57000FFFFFFFFFFFFFFFFFFFFFFFFFFFFFFFFCB
:10C58000FFFFFFFFFFFFFFFFFFFFFFFFFFFFFFFFBB
:10C59000FFFFFFFFFFFFFFFFFFFFFFFFFFFFFFFFAB
:10C5A000FFFFFFFFFFFFFFFFFFFFFFFFFFFFFFFF9B
:10C5B000FFFFFFFFFFFFFFFFFFFFFFFFFFFFFFFF8B
:10C5C000FFFFFFFFFFFFFFFFFFFFFFFFFFFFFFFF7B
:10C5D000FFFFFFFFFFFFFFFFFFFFFFFFFFFFFFFF6B
:10C5E000FFFFFFFFFFFFFFFFFFFFFFFFFFFFFFFF5B
:10C5F000FFFFFFFFFFFFFFFFFFFFFFFFFFFFFFFF4B
:10C60000FFFFFFFFFFFFFFFFFFFFFFFFFFFFFFFF3A
:10C61000FFFFFFFFFFFFFFFFFFFFFFFFFFFFFFFF2A
:10C62000FFFFFFFFFFFFFFFFFFFFFFFFFFFFFFFF1A
:10C63000FFFFFFFFFFFFFFFFFFFFFFFFFFFFFFFF0A
:10C64000FFFFFFFFFFFFFFFFFFFFFFFFFFFFFFFFFA
:10C65000FFFFFFFFFFFFFFFFFFFFFFFFFFFFFFFFEA
:10C66000FFFFFFFFFFFFFFFFFFFFFFFFFFFFFFFFDA
:10C67000FFFFFFFFFFFFFFFFFFFFFFFFFFFFFFFFCA
:10C68000FFFFFFFFFFFFFFFFFFFFFFFFFFFFFFFFBA
:10C69000FFFFFFFFFFFFFFFFFFFFFFFFFFFFFFFFAA
:10C6A000FFFFFFFFFFFFFFFFFFFFFFFFFFFFFFFF9A
:10C6B000FFFFFFFFFFFFFFFFFFFFFFFFFFFFFFFF8A
:10C6C000FFFFFFFFFFFFFFFFFFFFFFFFFFFFFFFF7A
:10C6D000FFFFFFFFFFFFFFFFFFFFFFFFFFFFFFFF6A
:10C6E000FFFFFFFFFFFFFFFFFFFFFFFFFFFFFFFF5A
:10C6F000FFFFFFFFFFFFFFFFFFFFFFFFFFFFFFFF4A
:10C70000FFFFFFFFFFFFFFFFFFFFFFFFFFFFFFFF39
:10C71000FFFFFFFFFFFFFFFFFFFFFFFFFFFFFFFF29
:10C72000FFFFFFFFFFFFFFFFFFFFFFFFFFFFFFFF19
:10C73000FFFFFFFFFFFFFFFFFFFFFFFFFFFFFFFF09
:10C74000FFFFFFFFFFFFFFFFFFFFFFFFFFFFFFFFF9
:10C75000FFFFFFFFFFFFFFFFFFFFFFFFFFFFFFFFE9
:10C76000FFFFFFFFFFFFFFFFFFFFFFFFFFFFFFFFD9
:10C77000FFFFFFFFFFFFFFFFFFFFFFFFFFFFFFFFC9
:10C78000FFFFFFFFFFFFFFFFFFFFFFFFFFFFFFFFB9
:10C79000FFFFFFFFFFFFFFFFFFFFFFFFFFFFFFFFA9
:10C7A000FFFFFFFFFFFFFFFFFFFFFFFFFFFFFFFF99
:10C7B000FFFFFFFFFFFFFFFFFFFFFFFFFFFFFFFF89
:10C7C000FFFFFFFFFFFFFFFFFFFFFFFFFFFFFFFF79
:10C7D000FFFFFFFFFFFFFFFFFFFFFFFFFFFFFFFF69
:10C7E000FFFFFFFFFFFFFFFFFFFFFFFFFFFFFFFF59
:10C7F000FFFFFFFFFFFFFFFFFFFFFFFFFFFFFFFF49
:10C80000FFFFFFFFFFFFFFFFFFFFFFFFFFFFFFFF38
:10C81000FFFFFFFFFFFFFFFFFFFFFFFFFFFFFFFF28
:10C82000FFFFFFFFFFFFFFFFFFFFFFFFFFFFFFFF18
:10C83000FFFFFFFFFFFFFFFFFFFFFFFFFFFFFFFF08
:10C84000FFFFFFFFFFFFFFFFFFFFFFFFFFFFFFFFF8
:10C85000FFFFFFFFFFFFFFFFFFFFFFFFFFFFFFFFE8
:10C86000FFFFFFFFFFFFFFFFFFFFFFFFFFFFFFFFD8
:10C87000FFFFFFFFFFFFFFFFFFFFFFFFFFFFFFFFC8
:10C88000FFFFFFFFFFFFFFFFFFFFFFFFFFFFFFFFB8
:10C89000FFFFFFFFFFFFFFFFFFFFFFFFFFFFFFFFA8
:10C8A000FFFFFFFFFFFFFFFFFFFFFFFFFFFFFFFF98
:10C8B000FFFFFFFFFFFFFFFFFFFFFFFFFFFFFFFF88
:10C8C000FFFFFFFFFFFFFFFFFFFFFFFFFFFFFFFF78
:10C8D000FFFFFFFFFFFFFFFFFFFFFFFFFFFFFFFF68
:10C8E000FFFFFFFFFFFFFFFFFFFFFFFFFFFFFFFF58
:10C8F000FFFFFFFFFFFFFFFFFFFFFFFFFFFFFFFF48
:10C90000FFFFFFFFFFFFFFFFFFFFFFFFFFFFFFFF37
:10C91000FFFFFFFFFFFFFFFFFFFFFFFFFFFFFFFF27
:10C92000FFFFFFFFFFFFFFFFFFFFFFFFFFFFFFFF17
:10C93000FFFFFFFFFFFFFFFFFFFFFFFFFFFFFFFF07
:10C94000FFFFFFFFFFFFFFFFFFFFFFFFFFFFFFFFF7
:10C95000FFFFFFFFFFFFFFFFFFFFFFFFFFFFFFFFE7
:10C96000FFFFFFFFFFFFFFFFFFFFFFFFFFFFFFFFD7
:10C97000FFFFFFFFFFFFFFFFFFFFFFFFFFFFFFFFC7
:10C98000FFFFFFFFFFFFFFFFFFFFFFFFFFFFFFFFB7
:10C99000FFFFFFFFFFFFFFFFFFFFFFFFFFFFFFFFA7
:10C9A000FFFFFFFFFFFFFFFFFFFFFFFFFFFFFFFF97
:10C9B000FFFFFFFFFFFFFFFFFFFFFFFFFFFFFFFF87
:10C9C000FFFFFFFFFFFFFFFFFFFFFFFFFFFFFFFF77
:10C9D000FFFFFFFFFFFFFFFFFFFFFFFFFFFFFFFF67
:10C9E000FFFFFFFFFFFFFFFFFFFFFFFFFFFFFFFF57
:10C9F000FFFFFFFFFFFFFFFFFFFFFFFFFFFFFFFF47
:10CA0000FFFFFFFFFFFFFFFFFFFFFFFFFFFFFFFF36
:10CA1000FFFFFFFFFFFFFFFFFFFFFFFFFFFFFFFF26
:10CA2000FFFFFFFFFFFFFFFFFFFFFFFFFFFFFFFF16
:10CA3000FFFFFFFFFFFFFFFFFFFFFFFFFFFFFFFF06
:10CA4000FFFFFFFFFFFFFFFFFFFFFFFFFFFFFFFFF6
:10CA5000FFFFFFFFFFFFFFFFFFFFFFFFFFFFFFFFE6
:10CA6000FFFFFFFFFFFFFFFFFFFFFFFFFFFFFFFFD6
:10CA7000FFFFFFFFFFFFFFFFFFFFFFFFFFFFFFFFC6
:10CA8000FFFFFFFFFFFFFFFFFFFFFFFFFFFFFFFFB6
:10CA9000FFFFFFFFFFFFFFFFFFFFFFFFFFFFFFFFA6
:10CAA000FFFFFFFFFFFFFFFFFFFFFFFFFFFFFFFF96
:10CAB000FFFFFFFFFFFFFFFFFFFFFFFFFFFFFFFF86
:10CAC000FFFFFFFFFFFFFFFFFFFFFFFFFFFFFFFF76
:10CAD000FFFFFFFFFFFFFFFFFFFFFFFFFFFFFFFF66
:10CAE000FFFFFFFFFFFFFFFFFFFFFFFFFFFFFFFF56
:10CAF000FFFFFFFFFFFFFFFFFFFFFFFFFFFFFFFF46
:10CB0000FFFFFFFFFFFFFFFFFFFFFFFFFFFFFFFF35
:10CB1000FFFFFFFFFFFFFFFFFFFFFFFFFFFFFFFF25
:10CB2000FFFFFFFFFFFFFFFFFFFFFFFFFFFFFFFF15
:10CB3000FFFFFFFFFFFFFFFFFFFFFFFFFFFFFFFF05
:10CB4000FFFFFFFFFFFFFFFFFFFFFFFFFFFFFFFFF5
:10CB5000FFFFFFFFFFFFFFFFFFFFFFFFFFFFFFFFE5
:10CB6000FFFFFFFFFFFFFFFFFFFFFFFFFFFFFFFFD5
:10CB7000FFFFFFFFFFFFFFFFFFFFFFFFFFFFFFFFC5
:10CB8000FFFFFFFFFFFFFFFFFFFFFFFFFFFFFFFFB5
:10CB9000FFFFFFFFFFFFFFFFFFFFFFFFFFFFFFFFA5
:10CBA000FFFFFFFFFFFFFFFFFFFFFFFFFFFFFFFF95
:10CBB000FFFFFFFFFFFFFFFFFFFFFFFFFFFFFFFF85
:10CBC000FFFFFFFFFFFFFFFFFFFFFFFFFFFFFFFF75
:10CBD000FFFFFFFFFFFFFFFFFFFFFFFFFFFFFFFF65
:10CBE000FFFFFFFFFFFFFFFFFFFFFFFFFFFFFFFF55
:10CBF000FFFFFFFFFFFFFFFFFFFFFFFFFFFFFFFF45
:10CC0000FFFFFFFFFFFFFFFFFFFFFFFFFFFFFFFF34
:10CC1000FFFFFFFFFFFFFFFFFFFFFFFFFFFFFFFF24
:10CC2000FFFFFFFFFFFFFFFFFFFFFFFFFFFFFFFF14
:10CC3000FFFFFFFFFFFFFFFFFFFFFFFFFFFFFFFF04
:10CC4000FFFFFFFFFFFFFFFFFFFFFFFFFFFFFFFFF4
:10CC5000FFFFFFFFFFFFFFFFFFFFFFFFFFFFFFFFE4
:10CC6000FFFFFFFFFFFFFFFFFFFFFFFFFFFFFFFFD4
:10CC7000FFFFFFFFFFFFFFFFFFFFFFFFFFFFFFFFC4
:10CC8000FFFFFFFFFFFFFFFFFFFFFFFFFFFFFFFFB4
:10CC9000FFFFFFFFFFFFFFFFFFFFFFFFFFFFFFFFA4
:10CCA000FFFFFFFFFFFFFFFFFFFFFFFFFFFFFFFF94
:10CCB000FFFFFFFFFFFFFFFFFFFFFFFFFFFFFFFF84
:10CCC000FFFFFFFFFFFFFFFFFFFFFFFFFFFFFFFF74
:10CCD000FFFFFFFFFFFFFFFFFFFFFFFFFFFFFFFF64
:10CCE000FFFFFFFFFFFFFFFFFFFFFFFFFFFFFFFF54
:10CCF000FFFFFFFFFFFFFFFFFFFFFFFFFFFFFFFF44
:10CD0000FFFFFFFFFFFFFFFFFFFFFFFFFFFFFFFF33
:10CD1000FFFFFFFFFFFFFFFFFFFFFFFFFFFFFFFF23
:10CD2000FFFFFFFFFFFFFFFFFFFFFFFFFFFFFFFF13
:10CD3000FFFFFFFFFFFFFFFFFFFFFFFFFFFFFFFF03
:10CD4000FFFFFFFFFFFFFFFFFFFFFFFFFFFFFFFFF3
:10CD5000FFFFFFFFFFFFFFFFFFFFFFFFFFFFFFFFE3
:10CD6000FFFFFFFFFFFFFFFFFFFFFFFFFFFFFFFFD3
:10CD7000FFFFFFFFFFFFFFFFFFFFFFFFFFFFFFFFC3
:10CD8000FFFFFFFFFFFFFFFFFFFFFFFFFFFFFFFFB3
:10CD9000FFFFFFFFFFFFFFFFFFFFFFFFFFFFFFFFA3
:10CDA000FFFFFFFFFFFFFFFFFFFFFFFFFFFFFFFF93
:10CDB000FFFFFFFFFFFFFFFFFFFFFFFFFFFFFFFF83
:10CDC000FFFFFFFFFFFFFFFFFFFFFFFFFFFFFFFF73
:10CDD000FFFFFFFFFFFFFFFFFFFFFFFFFFFFFFFF63
:10CDE000FFFFFFFFFFFFFFFFFFFFFFFFFFFFFFFF53
:10CDF000FFFFFFFFFFFFFFFFFFFFFFFFFFFFFFFF43
:10CE0000FFFFFFFFFFFFFFFFFFFFFFFFFFFFFFFF32
:10CE1000FFFFFFFFFFFFFFFFFFFFFFFFFFFFFFFF22
:10CE2000FFFFFFFFFFFFFFFFFFFFFFFFFFFFFFFF12
:10CE3000FFFFFFFFFFFFFFFFFFFFFFFFFFFFFFFF02
:10CE4000FFFFFFFFFFFFFFFFFFFFFFFFFFFFFFFFF2
:10CE5000FFFFFFFFFFFFFFFFFFFFFFFFFFFFFFFFE2
:10CE6000FFFFFFFFFFFFFFFFFFFFFFFFFFFFFFFFD2
:10CE7000FFFFFFFFFFFFFFFFFFFFFFFFFFFFFFFFC2
:10CE8000FFFFFFFFFFFFFFFFFFFFFFFFFFFFFFFFB2
:10CE9000FFFFFFFFFFFFFFFFFFFFFFFFFFFFFFFFA2
:10CEA000FFFFFFFFFFFFFFFFFFFFFFFFFFFFFFFF92
:10CEB000FFFFFFFFFFFFFFFFFFFFFFFFFFFFFFFF82
:10CEC000FFFFFFFFFFFFFFFFFFFFFFFFFFFFFFFF72
:10CED000FFFFFFFFFFFFFFFFFFFFFFFFFFFFFFFF62
:10CEE000FFFFFFFFFFFFFFFFFFFFFFFFFFFFFFFF52
:10CEF000FFFFFFFFFFFFFFFFFFFFFFFFFFFFFFFF42
:10CF0000FFFFFFFFFFFFFFFFFFFFFFFFFFFFFFFF31
:10CF1000FFFFFFFFFFFFFFFFFFFFFFFFFFFFFFFF21
:10CF2000FFFFFFFFFFFFFFFFFFFFFFFFFFFFFFFF11
:10CF3000FFFFFFFFFFFFFFFFFFFFFFFFFFFFFFFF01
:10CF4000FFFFFFFFFFFFFFFFFFFFFFFFFFFFFFFFF1
:10CF5000FFFFFFFFFFFFFFFFFFFFFFFFFFFFFFFFE1
:10CF6000FFFFFFFFFFFFFFFFFFFFFFFFFFFFFFFFD1
:10CF7000FFFFFFFFFFFFFFFFFFFFFFFFFFFFFFFFC1
:10CF8000FFFFFFFFFFFFFFFFFFFFFFFFFFFFFFFFB1
:10CF9000FFFFFFFFFFFFFFFFFFFFFFFFFFFFFFFFA1
:10CFA000FFFFFFFFFFFFFFFFFFFFFFFFFFFFFFFF91
:10CFB000FFFFFFFFFFFFFFFFFFFFFFFFFFFFFFFF81
:10CFC000FFFFFFFFFFFFFFFFFFFFFFFFFFFFFFFF71
:10CFD000FFFFFFFFFFFFFFFFFFFFFFFFFFFFFFFF61
:10CFE000FFFFFFFFFFFFFFFFFFFFFFFFFFFFFFFF51
:10CFF000FFFFFFFFFFFFFFFFFFFFFFFFFFFFFFFF41
:10D00000FFFFFFFFFFFFFFFFFFFFFFFFFFFFFFFF30
:10D01000FFFFFFFFFFFFFFFFFFFFFFFFFFFFFFFF20
:10D02000FFFFFFFFFFFFFFFFFFFFFFFFFFFFFFFF10
:10D03000FFFFFFFFFFFFFFFFFFFFFFFFFFFFFFFF00
:10D04000FFFFFFFFFFFFFFFFFFFFFFFFFFFFFFFFF0
:10D05000FFFFFFFFFFFFFFFFFFFFFFFFFFFFFFFFE0
:10D06000FFFFFFFFFFFFFFFFFFFFFFFFFFFFFFFFD0
:10D07000FFFFFFFFFFFFFFFFFFFFFFFFFFFFFFFFC0
:10D08000FFFFFFFFFFFFFFFFFFFFFFFFFFFFFFFFB0
:10D09000FFFFFFFFFFFFFFFFFFFFFFFFFFFFFFFFA0
:10D0A000FFFFFFFFFFFFFFFFFFFFFFFFFFFFFFFF90
:10D0B000FFFFFFFFFFFFFFFFFFFFFFFFFFFFFFFF80
:10D0C000FFFFFFFFFFFFFFFFFFFFFFFFFFFFFFFF70
:10D0D000FFFFFFFFFFFFFFFFFFFFFFFFFFFFFFFF60
:10D0E000FFFFFFFFFFFFFFFFFFFFFFFFFFFFFFFF50
:10D0F000FFFFFFFFFFFFFFFFFFFFFFFFFFFFFFFF40
:10D10000FFFFFFFFFFFFFFFFFFFFFFFFFFFFFFFF2F
:10D11000FFFFFFFFFFFFFFFFFFFFFFFFFFFFFFFF1F
:10D12000FFFFFFFFFFFFFFFFFFFFFFFFFFFFFFFF0F
:10D13000FFFFFFFFFFFFFFFFFFFFFFFFFFFFFFFFFF
:10D14000FFFFFFFFFFFFFFFFFFFFFFFFFFFFFFFFEF
:10D15000FFFFFFFFFFFFFFFFFFFFFFFFFFFFFFFFDF
:10D16000FFFFFFFFFFFFFFFFFFFFFFFFFFFFFFFFCF
:10D17000FFFFFFFFFFFFFFFFFFFFFFFFFFFFFFFFBF
:10D18000FFFFFFFFFFFFFFFFFFFFFFFFFFFFFFFFAF
:10D19000FFFFFFFFFFFFFFFFFFFFFFFFFFFFFFFF9F
:10D1A000FFFFFFFFFFFFFFFFFFFFFFFFFFFFFFFF8F
:10D1B000FFFFFFFFFFFFFFFFFFFFFFFFFFFFFFFF7F
:10D1C000FFFFFFFFFFFFFFFFFFFFFFFFFFFFFFFF6F
:10D1D000FFFFFFFFFFFFFFFFFFFFFFFFFFFFFFFF5F
:10D1E000FFFFFFFFFFFFFFFFFFFFFFFFFFFFFFFF4F
:10D1F000FFFFFFFFFFFFFFFFFFFFFFFFFFFFFFFF3F
:10D20000FFFFFFFFFFFFFFFFFFFFFFFFFFFFFFFF2E
:10D21000FFFFFFFFFFFFFFFFFFFFFFFFFFFFFFFF1E
:10D22000FFFFFFFFFFFFFFFFFFFFFFFFFFFFFFFF0E
:10D23000FFFFFFFFFFFFFFFFFFFFFFFFFFFFFFFFFE
:10D24000FFFFFFFFFFFFFFFFFFFFFFFFFFFFFFFFEE
:10D25000FFFFFFFFFFFFFFFFFFFFFFFFFFFFFFFFDE
:10D26000FFFFFFFFFFFFFFFFFFFFFFFFFFFFFFFFCE
:10D27000FFFFFFFFFFFFFFFFFFFFFFFFFFFFFFFFBE
:10D28000FFFFFFFFFFFFFFFFFFFFFFFFFFFFFFFFAE
:10D29000FFFFFFFFFFFFFFFFFFFFFFFFFFFFFFFF9E
:10D2A000FFFFFFFFFFFFFFFFFFFFFFFFFFFFFFFF8E
:10D2B000FFFFFFFFFFFFFFFFFFFFFFFFFFFFFFFF7E
:10D2C000FFFFFFFFFFFFFFFFFFFFFFFFFFFFFFFF6E
:10D2D000FFFFFFFFFFFFFFFFFFFFFFFFFFFFFFFF5E
:10D2E000FFFFFFFFFFFFFFFFFFFFFFFFFFFFFFFF4E
:10D2F000FFFFFFFFFFFFFFFFFFFFFFFFFFFFFFFF3E
:10D30000FFFFFFFFFFFFFFFFFFFFFFFFFFFFFFFF2D
:10D31000FFFFFFFFFFFFFFFFFFFFFFFFFFFFFFFF1D
:10D32000FFFFFFFFFFFFFFFFFFFFFFFFFFFFFFFF0D
:10D33000FFFFFFFFFFFFFFFFFFFFFFFFFFFFFFFFFD
:10D34000FFFFFFFFFFFFFFFFFFFFFFFFFFFFFFFFED
:10D35000FFFFFFFFFFFFFFFFFFFFFFFFFFFFFFFFDD
:10D36000FFFFFFFFFFFFFFFFFFFFFFFFFFFFFFFFCD
:10D37000FFFFFFFFFFFFFFFFFFFFFFFFFFFFFFFFBD
:10D38000FFFFFFFFFFFFFFFFFFFFFFFFFFFFFFFFAD
:10D39000FFFFFFFFFFFFFFFFFFFFFFFFFFFFFFFF9D
:10D3A000FFFFFFFFFFFFFFFFFFFFFFFFFFFFFFFF8D
:10D3B000FFFFFFFFFFFFFFFFFFFFFFFFFFFFFFFF7D
:10D3C000FFFFFFFFFFFFFFFFFFFFFFFFFFFFFFFF6D
:10D3D000FFFFFFFFFFFFFFFFFFFFFFFFFFFFFFFF5D
:10D3E000FFFFFFFFFFFFFFFFFFFFFFFFFFFFFFFF4D
:10D3F000FFFFFFFFFFFFFFFFFFFFFFFFFFFFFFFF3D
:10D40000FFFFFFFFFFFFFFFFFFFFFFFFFFFFFFFF2C
:10D41000FFFFFFFFFFFFFFFFFFFFFFFFFFFFFFFF1C
:10D42000FFFFFFFFFFFFFFFFFFFFFFFFFFFFFFFF0C
:10D43000FFFFFFFFFFFFFFFFFFFFFFFFFFFFFFFFFC
:10D44000FFFFFFFFFFFFFFFFFFFFFFFFFFFFFFFFEC
:10D45000FFFFFFFFFFFFFFFFFFFFFFFFFFFFFFFFDC
:10D46000FFFFFFFFFFFFFFFFFFFFFFFFFFFFFFFFCC
:10D47000FFFFFFFFFFFFFFFFFFFFFFFFFFFFFFFFBC
:10D48000FFFFFFFFFFFFFFFFFFFFFFFFFFFFFFFFAC
:10D49000FFFFFFFFFFFFFFFFFFFFFFFFFFFFFFFF9C
:10D4A000FFFFFFFFFFFFFFFFFFFFFFFFFFFFFFFF8C
:10D4B000FFFFFFFFFFFFFFFFFFFFFFFFFFFFFFFF7C
:10D4C000FFFFFFFFFFFFFFFFFFFFFFFFFFFFFFFF6C
:10D4D000FFFFFFFFFFFFFFFFFFFFFFFFFFFFFFFF5C
:10D4E000FFFFFFFFFFFFFFFFFFFFFFFFFFFFFFFF4C
:10D4F000FFFFFFFFFFFFFFFFFFFFFFFFFFFFFFFF3C
:10D50000FFFFFFFFFFFFFFFFFFFFFFFFFFFFFFFF2B
:10D51000FFFFFFFFFFFFFFFFFFFFFFFFFFFFFFFF1B
:10D52000FFFFFFFFFFFFFFFFFFFFFFFFFFFFFFFF0B
:10D53000FFFFFFFFFFFFFFFFFFFFFFFFFFFFFFFFFB
:10D54000FFFFFFFFFFFFFFFFFFFFFFFFFFFFFFFFEB
:10D55000FFFFFFFFFFFFFFFFFFFFFFFFFFFFFFFFDB
:10D56000FFFFFFFFFFFFFFFFFFFFFFFFFFFFFFFFCB
:10D57000FFFFFFFFFFFFFFFFFFFFFFFFFFFFFFFFBB
:10D58000FFFFFFFFFFFFFFFFFFFFFFFFFFFFFFFFAB
:10D59000FFFFFFFFFFFFFFFFFFFFFFFFFFFFFFFF9B
:10D5A000FFFFFFFFFFFFFFFFFFFFFFFFFFFFFFFF8B
:10D5B000FFFFFFFFFFFFFFFFFFFFFFFFFFFFFFFF7B
:10D5C000FFFFFFFFFFFFFFFFFFFFFFFFFFFFFFFF6B
:10D5D000FFFFFFFFFFFFFFFFFFFFFFFFFFFFFFFF5B
:10D5E000FFFFFFFFFFFFFFFFFFFFFFFFFFFFFFFF4B
:10D5F000FFFFFFFFFFFFFFFFFFFFFFFFFFFFFFFF3B
:10D60000FFFFFFFFFFFFFFFFFFFFFFFFFFFFFFFF2A
:10D61000FFFFFFFFFFFFFFFFFFFFFFFFFFFFFFFF1A
:10D62000FFFFFFFFFFFFFFFFFFFFFFFFFFFFFFFF0A
:10D63000FFFFFFFFFFFFFFFFFFFFFFFFFFFFFFFFFA
:10D64000FFFFFFFFFFFFFFFFFFFFFFFFFFFFFFFFEA
:10D65000FFFFFFFFFFFFFFFFFFFFFFFFFFFFFFFFDA
:10D66000FFFFFFFFFFFFFFFFFFFFFFFFFFFFFFFFCA
:10D67000FFFFFFFFFFFFFFFFFFFFFFFFFFFFFFFFBA
:10D68000FFFFFFFFFFFFFFFFFFFFFFFFFFFFFFFFAA
:10D69000FFFFFFFFFFFFFFFFFFFFFFFFFFFFFFFF9A
:10D6A000FFFFFFFFFFFFFFFFFFFFFFFFFFFFFFFF8A
:10D6B000FFFFFFFFFFFFFFFFFFFFFFFFFFFFFFFF7A
:10D6C000FFFFFFFFFFFFFFFFFFFFFFFFFFFFFFFF6A
:10D6D000FFFFFFFFFFFFFFFFFFFFFFFFFFFFFFFF5A
:10D6E000FFFFFFFFFFFFFFFFFFFFFFFFFFFFFFFF4A
:10D6F000FFFFFFFFFFFFFFFFFFFFFFFFFFFFFFFF3A
:10D70000FFFFFFFFFFFFFFFFFFFFFFFFFFFFFFFF29
:10D71000FFFFFFFFFFFFFFFFFFFFFFFFFFFFFFFF19
:10D72000FFFFFFFFFFFFFFFFFFFFFFFFFFFFFFFF09
:10D73000FFFFFFFFFFFFFFFFFFFFFFFFFFFFFFFFF9
:10D74000FFFFFFFFFFFFFFFFFFFFFFFFFFFFFFFFE9
:10D75000FFFFFFFFFFFFFFFFFFFFFFFFFFFFFFFFD9
:10D76000FFFFFFFFFFFFFFFFFFFFFFFFFFFFFFFFC9
:10D77000FFFFFFFFFFFFFFFFFFFFFFFFFFFFFFFFB9
:10D78000FFFFFFFFFFFFFFFFFFFFFFFFFFFFFFFFA9
:10D79000FFFFFFFFFFFFFFFFFFFFFFFFFFFFFFFF99
:10D7A000FFFFFFFFFFFFFFFFFFFFFFFFFFFFFFFF89
:10D7B000FFFFFFFFFFFFFFFFFFFFFFFFFFFFFFFF79
:10D7C000FFFFFFFFFFFFFFFFFFFFFFFFFFFFFFFF69
:10D7D000FFFFFFFFFFFFFFFFFFFFFFFFFFFFFFFF59
:10D7E000FFFFFFFFFFFFFFFFFFFFFFFFFFFFFFFF49
:10D7F000FFFFFFFFFFFFFFFFFFFFFFFFFFFFFFFF39
:10D80000FFFFFFFFFFFFFFFFFFFFFFFFFFFFFFFF28
:10D81000FFFFFFFFFFFFFFFFFFFFFFFFFFFFFFFF18
:10D82000FFFFFFFFFFFFFFFFFFFFFFFFFFFFFFFF08
:10D83000FFFFFFFFFFFFFFFFFFFFFFFFFFFFFFFFF8
:10D84000FFFFFFFFFFFFFFFFFFFFFFFFFFFFFFFFE8
:10D85000FFFFFFFFFFFFFFFFFFFFFFFFFFFFFFFFD8
:10D86000FFFFFFFFFFFFFFFFFFFFFFFFFFFFFFFFC8
:10D87000FFFFFFFFFFFFFFFFFFFFFFFFFFFFFFFFB8
:10D88000FFFFFFFFFFFFFFFFFFFFFFFFFFFFFFFFA8
:10D89000FFFFFFFFFFFFFFFFFFFFFFFFFFFFFFFF98
:10D8A000FFFFFFFFFFFFFFFFFFFFFFFFFFFFFFFF88
:10D8B000FFFFFFFFFFFFFFFFFFFFFFFFFFFFFFFF78
:10D8C000FFFFFFFFFFFFFFFFFFFFFFFFFFFFFFFF68
:10D8D000FFFFFFFFFFFFFFFFFFFFFFFFFFFFFFFF58
:10D8E000FFFFFFFFFFFFFFFFFFFFFFFFFFFFFFFF48
:10D8F000FFFFFFFFFFFFFFFFFFFFFFFFFFFFFFFF38
:10D90000FFFFFFFFFFFFFFFFFFFFFFFFFFFFFFFF27
:10D91000FFFFFFFFFFFFFFFFFFFFFFFFFFFFFFFF17
:10D92000FFFFFFFFFFFFFFFFFFFFFFFFFFFFFFFF07
:10D93000FFFFFFFFFFFFFFFFFFFFFFFFFFFFFFFFF7
:10D94000FFFFFFFFFFFFFFFFFFFFFFFFFFFFFFFFE7
:10D95000FFFFFFFFFFFFFFFFFFFFFFFFFFFFFFFFD7
:10D96000FFFFFFFFFFFFFFFFFFFFFFFFFFFFFFFFC7
:10D97000FFFFFFFFFFFFFFFFFFFFFFFFFFFFFFFFB7
:10D98000FFFFFFFFFFFFFFFFFFFFFFFFFFFFFFFFA7
:10D99000FFFFFFFFFFFFFFFFFFFFFFFFFFFFFFFF97
:10D9A000FFFFFFFFFFFFFFFFFFFFFFFFFFFFFFFF87
:10D9B000FFFFFFFFFFFFFFFFFFFFFFFFFFFFFFFF77
:10D9C000FFFFFFFFFFFFFFFFFFFFFFFFFFFFFFFF67
:10D9D000FFFFFFFFFFFFFFFFFFFFFFFFFFFFFFFF57
:10D9E000FFFFFFFFFFFFFFFFFFFFFFFFFFFFFFFF47
:10D9F000FFFFFFFFFFFFFFFFFFFFFFFFFFFFFFFF37
:10DA0000FFFFFFFFFFFFFFFFFFFFFFFFFFFFFFFF26
:10DA1000FFFFFFFFFFFFFFFFFFFFFFFFFFFFFFFF16
:10DA2000FFFFFFFFFFFFFFFFFFFFFFFFFFFFFFFF06
:10DA3000FFFFFFFFFFFFFFFFFFFFFFFFFFFFFFFFF6
:10DA4000FFFFFFFFFFFFFFFFFFFFFFFFFFFFFFFFE6
:10DA5000FFFFFFFFFFFFFFFFFFFFFFFFFFFFFFFFD6
:10DA6000FFFFFFFFFFFFFFFFFFFFFFFFFFFFFFFFC6
:10DA7000FFFFFFFFFFFFFFFFFFFFFFFFFFFFFFFFB6
:10DA8000FFFFFFFFFFFFFFFFFFFFFFFFFFFFFFFFA6
:10DA9000FFFFFFFFFFFFFFFFFFFFFFFFFFFFFFFF96
:10DAA000FFFFFFFFFFFFFFFFFFFFFFFFFFFFFFFF86
:10DAB000FFFFFFFFFFFFFFFFFFFFFFFFFFFFFFFF76
:10DAC000FFFFFFFFFFFFFFFFFFFFFFFFFFFFFFFF66
:10DAD000FFFFFFFFFFFFFFFFFFFFFFFFFFFFFFFF56
:10DAE000FFFFFFFFFFFFFFFFFFFFFFFFFFFFFFFF46
:10DAF000FFFFFFFFFFFFFFFFFFFFFFFFFFFFFFFF36
:10DB0000FFFFFFFFFFFFFFFFFFFFFFFFFFFFFFFF25
:10DB1000FFFFFFFFFFFFFFFFFFFFFFFFFFFFFFFF15
:10DB2000FFFFFFFFFFFFFFFFFFFFFFFFFFFFFFFF05
:10DB3000FFFFFFFFFFFFFFFFFFFFFFFFFFFFFFFFF5
:10DB4000FFFFFFFFFFFFFFFFFFFFFFFFFFFFFFFFE5
:10DB5000FFFFFFFFFFFFFFFFFFFFFFFFFFFFFFFFD5
:10DB6000FFFFFFFFFFFFFFFFFFFFFFFFFFFFFFFFC5
:10DB7000FFFFFFFFFFFFFFFFFFFFFFFFFFFFFFFFB5
:10DB8000FFFFFFFFFFFFFFFFFFFFFFFFFFFFFFFFA5
:10DB9000FFFFFFFFFFFFFFFFFFFFFFFFFFFFFFFF95
:10DBA000FFFFFFFFFFFFFFFFFFFFFFFFFFFFFFFF85
:10DBB000FFFFFFFFFFFFFFFFFFFFFFFFFFFFFFFF75
:10DBC000FFFFFFFFFFFFFFFFFFFFFFFFFFFFFFFF65
:10DBD000FFFFFFFFFFFFFFFFFFFFFFFFFFFFFFFF55
:10DBE000FFFFFFFFFFFFFFFFFFFFFFFFFFFFFFFF45
:10DBF000FFFFFFFFFFFFFFFFFFFFFFFFFFFFFFFF35
:10DC0000FFFFFFFFFFFFFFFFFFFFFFFFFFFFFFFF24
:10DC1000FFFFFFFFFFFFFFFFFFFFFFFFFFFFFFFF14
:10DC2000FFFFFFFFFFFFFFFFFFFFFFFFFFFFFFFF04
:10DC3000FFFFFFFFFFFFFFFFFFFFFFFFFFFFFFFFF4
:10DC4000FFFFFFFFFFFFFFFFFFFFFFFFFFFFFFFFE4
:10DC5000FFFFFFFFFFFFFFFFFFFFFFFFFFFFFFFFD4
:10DC6000FFFFFFFFFFFFFFFFFFFFFFFFFFFFFFFFC4
:10DC7000FFFFFFFFFFFFFFFFFFFFFFFFFFFFFFFFB4
:10DC8000FFFFFFFFFFFFFFFFFFFFFFFFFFFFFFFFA4
:10DC9000FFFFFFFFFFFFFFFFFFFFFFFFFFFFFFFF94
:10DCA000FFFFFFFFFFFFFFFFFFFFFFFFFFFFFFFF84
:10DCB000FFFFFFFFFFFFFFFFFFFFFFFFFFFFFFFF74
:10DCC000FFFFFFFFFFFFFFFFFFFFFFFFFFFFFFFF64
:10DCD000FFFFFFFFFFFFFFFFFFFFFFFFFFFFFFFF54
:10DCE000FFFFFFFFFFFFFFFFFFFFFFFFFFFFFFFF44
:10DCF000FFFFFFFFFFFFFFFFFFFFFFFFFFFFFFFF34
:10DD0000FFFFFFFFFFFFFFFFFFFFFFFFFFFFFFFF23
:10DD1000FFFFFFFFFFFFFFFFFFFFFFFFFFFFFFFF13
:10DD2000FFFFFFFFFFFFFFFFFFFFFFFFFFFFFFFF03
:10DD3000FFFFFFFFFFFFFFFFFFFFFFFFFFFFFFFFF3
:10DD4000FFFFFFFFFFFFFFFFFFFFFFFFFFFFFFFFE3
:10DD5000FFFFFFFFFFFFFFFFFFFFFFFFFFFFFFFFD3
:10DD6000FFFFFFFFFFFFFFFFFFFFFFFFFFFFFFFFC3
:10DD7000FFFFFFFFFFFFFFFFFFFFFFFFFFFFFFFFB3
:10DD8000FFFFFFFFFFFFFFFFFFFFFFFFFFFFFFFFA3
:10DD9000FFFFFFFFFFFFFFFFFFFFFFFFFFFFFFFF93
:10DDA000FFFFFFFFFFFFFFFFFFFFFFFFFFFFFFFF83
:10DDB000FFFFFFFFFFFFFFFFFFFFFFFFFFFFFFFF73
:10DDC000FFFFFFFFFFFFFFFFFFFFFFFFFFFFFFFF63
:10DDD000FFFFFFFFFFFFFFFFFFFFFFFFFFFFFFFF53
:10DDE000FFFFFFFFFFFFFFFFFFFFFFFFFFFFFFFF43
:10DDF000FFFFFFFFFFFFFFFFFFFFFFFFFFFFFFFF33
:10DE0000FFFFFFFFFFFFFFFFFFFFFFFFFFFFFFFF22
:10DE1000FFFFFFFFFFFFFFFFFFFFFFFFFFFFFFFF12
:10DE2000FFFFFFFFFFFFFFFFFFFFFFFFFFFFFFFF02
:10DE3000FFFFFFFFFFFFFFFFFFFFFFFFFFFFFFFFF2
:10DE4000FFFFFFFFFFFFFFFFFFFFFFFFFFFFFFFFE2
:10DE5000FFFFFFFFFFFFFFFFFFFFFFFFFFFFFFFFD2
:10DE6000FFFFFFFFFFFFFFFFFFFFFFFFFFFFFFFFC2
:10DE7000FFFFFFFFFFFFFFFFFFFFFFFFFFFFFFFFB2
:10DE8000FFFFFFFFFFFFFFFFFFFFFFFFFFFFFFFFA2
:10DE9000FFFFFFFFFFFFFFFFFFFFFFFFFFFFFFFF92
:10DEA000FFFFFFFFFFFFFFFFFFFFFFFFFFFFFFFF82
:10DEB000FFFFFFFFFFFFFFFFFFFFFFFFFFFFFFFF72
:10DEC000FFFFFFFFFFFFFFFFFFFFFFFFFFFFFFFF62
:10DED000FFFFFFFFFFFFFFFFFFFFFFFFFFFFFFFF52
:10DEE000FFFFFFFFFFFFFFFFFFFFFFFFFFFFFFFF42
:10DEF000FFFFFFFFFFFFFFFFFFFFFFFFFFFFFFFF32
:10DF0000FFFFFFFFFFFFFFFFFFFFFFFFFFFFFFFF21
:10DF1000FFFFFFFFFFFFFFFFFFFFFFFFFFFFFFFF11
:10DF2000FFFFFFFFFFFFFFFFFFFFFFFFFFFFFFFF01
:10DF3000FFFFFFFFFFFFFFFFFFFFFFFFFFFFFFFFF1
:10DF4000FFFFFFFFFFFFFFFFFFFFFFFFFFFFFFFFE1
:10DF5000FFFFFFFFFFFFFFFFFFFFFFFFFFFFFFFFD1
:10DF6000FFFFFFFFFFFFFFFFFFFFFFFFFFFFFFFFC1
:10DF7000FFFFFFFFFFFFFFFFFFFFFFFFFFFFFFFFB1
:10DF8000FFFFFFFFFFFFFFFFFFFFFFFFFFFFFFFFA1
:10DF9000FFFFFFFFFFFFFFFFFFFFFFFFFFFFFFFF91
:10DFA000FFFFFFFFFFFFFFFFFFFFFFFFFFFFFFFF81
:10DFB000FFFFFFFFFFFFFFFFFFFFFFFFFFFFFFFF71
:10DFC000FFFFFFFFFFFFFFFFFFFFFFFFFFFFFFFF61
:10DFD000FFFFFFFFFFFFFFFFFFFFFFFFFFFFFFFF51
:10DFE000FFFFFFFFFFFFFFFFFFFFFFFFFFFFFFFF41
:10DFF000FFFFFFFFFFFFFFFFFFFFFFFFFFFFFFFF31
:10E00000FFFFFFFFFFFFFFFFFFFFFFFFFFFFFFFF20
:10E01000FFFFFFFFFFFFFFFFFFFFFFFFFFFFFFFF10
:10E02000FFFFFFFFFFFFFFFFFFFFFFFFFFFFFFFF00
:10E03000FFFFFFFFFFFFFFFFFFFFFFFFFFFFFFFFF0
:10E04000FFFFFFFFFFFFFFFFFFFFFFFFFFFFFFFFE0
:10E05000FFFFFFFFFFFFFFFFFFFFFFFFFFFFFFFFD0
:10E06000FFFFFFFFFFFFFFFFFFFFFFFFFFFFFFFFC0
:10E07000FFFFFFFFFFFFFFFFFFFFFFFFFFFFFFFFB0
:10E08000FFFFFFFFFFFFFFFFFFFFFFFFFFFFFFFFA0
:10E09000FFFFFFFFFFFFFFFFFFFFFFFFFFFFFFFF90
:10E0A000FFFFFFFFFFFFFFFFFFFFFFFFFFFFFFFF80
:10E0B000FFFFFFFFFFFFFFFFFFFFFFFFFFFFFFFF70
:10E0C000FFFFFFFFFFFFFFFFFFFFFFFFFFFFFFFF60
:10E0D000FFFFFFFFFFFFFFFFFFFFFFFFFFFFFFFF50
:10E0E000FFFFFFFFFFFFFFFFFFFFFFFFFFFFFFFF40
:10E0F000FFFFFFFFFFFFFFFFFFFFFFFFFFFFFFFF30
:10E10000FFFFFFFFFFFFFFFFFFFFFFFFFFFFFFFF1F
:10E11000FFFFFFFFFFFFFFFFFFFFFFFFFFFFFFFF0F
:10E12000FFFFFFFFFFFFFFFFFFFFFFFFFFFFFFFFFF
:10E13000FFFFFFFFFFFFFFFFFFFFFFFFFFFFFFFFEF
:10E14000FFFFFFFFFFFFFFFFFFFFFFFFFFFFFFFFDF
:10E15000FFFFFFFFFFFFFFFFFFFFFFFFFFFFFFFFCF
:10E16000FFFFFFFFFFFFFFFFFFFFFFFFFFFFFFFFBF
:10E17000FFFFFFFFFFFFFFFFFFFFFFFFFFFFFFFFAF
:10E18000FFFFFFFFFFFFFFFFFFFFFFFFFFFFFFFF9F
:10E19000FFFFFFFFFFFFFFFFFFFFFFFFFFFFFFFF8F
:10E1A000FFFFFFFFFFFFFFFFFFFFFFFFFFFFFFFF7F
:10E1B000FFFFFFFFFFFFFFFFFFFFFFFFFFFFFFFF6F
:10E1C000FFFFFFFFFFFFFFFFFFFFFFFFFFFFFFFF5F
:10E1D000FFFFFFFFFFFFFFFFFFFFFFFFFFFFFFFF4F
:10E1E000FFFFFFFFFFFFFFFFFFFFFFFFFFFFFFFF3F
:10E1F000FFFFFFFFFFFFFFFFFFFFFFFFFFFFFFFF2F
:10E20000FFFFFFFFFFFFFFFFFFFFFFFFFFFFFFFF1E
:10E21000FFFFFFFFFFFFFFFFFFFFFFFFFFFFFFFF0E
:10E22000FFFFFFFFFFFFFFFFFFFFFFFFFFFFFFFFFE
:10E23000FFFFFFFFFFFFFFFFFFFFFFFFFFFFFFFFEE
:10E24000FFFFFFFFFFFFFFFFFFFFFFFFFFFFFFFFDE
:10E25000FFFFFFFFFFFFFFFFFFFFFFFFFFFFFFFFCE
:10E26000FFFFFFFFFFFFFFFFFFFFFFFFFFFFFFFFBE
:10E27000FFFFFFFFFFFFFFFFFFFFFFFFFFFFFFFFAE
:10E28000FFFFFFFFFFFFFFFFFFFFFFFFFFFFFFFF9E
:10E29000FFFFFFFFFFFFFFFFFFFFFFFFFFFFFFFF8E
:10E2A000FFFFFFFFFFFFFFFFFFFFFFFFFFFFFFFF7E
:10E2B000FFFFFFFFFFFFFFFFFFFFFFFFFFFFFFFF6E
:10E2C000FFFFFFFFFFFFFFFFFFFFFFFFFFFFFFFF5E
:10E2D000FFFFFFFFFFFFFFFFFFFFFFFFFFFFFFFF4E
:10E2E000FFFFFFFFFFFFFFFFFFFFFFFFFFFFFFFF3E
:10E2F000FFFFFFFFFFFFFFFFFFFFFFFFFFFFFFFF2E
:10E30000FFFFFFFFFFFFFFFFFFFFFFFFFFFFFFFF1D
:10E31000FFFFFFFFFFFFFFFFFFFFFFFFFFFFFFFF0D
:10E32000FFFFFFFFFFFFFFFFFFFFFFFFFFFFFFFFFD
:10E33000FFFFFFFFFFFFFFFFFFFFFFFFFFFFFFFFED
:10E34000FFFFFFFFFFFFFFFFFFFFFFFFFFFFFFFFDD
:10E35000FFFFFFFFFFFFFFFFFFFFFFFFFFFFFFFFCD
:10E36000FFFFFFFFFFFFFFFFFFFFFFFFFFFFFFFFBD
:10E37000FFFFFFFFFFFFFFFFFFFFFFFFFFFFFFFFAD
:10E38000FFFFFFFFFFFFFFFFFFFFFFFFFFFFFFFF9D
:10E39000FFFFFFFFFFFFFFFFFFFFFFFFFFFFFFFF8D
:10E3A000FFFFFFFFFFFFFFFFFFFFFFFFFFFFFFFF7D
:10E3B000FFFFFFFFFFFFFFFFFFFFFFFFFFFFFFFF6D
:10E3C000FFFFFFFFFFFFFFFFFFFFFFFFFFFFFFFF5D
:10E3D000FFFFFFFFFFFFFFFFFFFFFFFFFFFFFFFF4D
:10E3E000FFFFFFFFFFFFFFFFFFFFFFFFFFFFFFFF3D
:10E3F000FFFFFFFFFFFFFFFFFFFFFFFFFFFFFFFF2D
:10E40000FFFFFFFFFFFFFFFFFFFFFFFFFFFFFFFF1C
:10E41000FFFFFFFFFFFFFFFFFFFFFFFFFFFFFFFF0C
:10E42000FFFFFFFFFFFFFFFFFFFFFFFFFFFFFFFFFC
:10E43000FFFFFFFFFFFFFFFFFFFFFFFFFFFFFFFFEC
:10E44000FFFFFFFFFFFFFFFFFFFFFFFFFFFFFFFFDC
:10E45000FFFFFFFFFFFFFFFFFFFFFFFFFFFFFFFFCC
:10E46000FFFFFFFFFFFFFFFFFFFFFFFFFFFFFFFFBC
:10E47000FFFFFFFFFFFFFFFFFFFFFFFFFFFFFFFFAC
:10E48000FFFFFFFFFFFFFFFFFFFFFFFFFFFFFFFF9C
:10E49000FFFFFFFFFFFFFFFFFFFFFFFFFFFFFFFF8C
:10E4A000FFFFFFFFFFFFFFFFFFFFFFFFFFFFFFFF7C
:10E4B000FFFFFFFFFFFFFFFFFFFFFFFFFFFFFFFF6C
:10E4C000FFFFFFFFFFFFFFFFFFFFFFFFFFFFFFFF5C
:10E4D000FFFFFFFFFFFFFFFFFFFFFFFFFFFFFFFF4C
:10E4E000FFFFFFFFFFFFFFFFFFFFFFFFFFFFFFFF3C
:10E4F000FFFFFFFFFFFFFFFFFFFFFFFFFFFFFFFF2C
:10E50000FFFFFFFFFFFFFFFFFFFFFFFFFFFFFFFF1B
:10E51000FFFFFFFFFFFFFFFFFFFFFFFFFFFFFFFF0B
:10E52000FFFFFFFFFFFFFFFFFFFFFFFFFFFFFFFFFB
:10E53000FFFFFFFFFFFFFFFFFFFFFFFFFFFFFFFFEB
:10E54000FFFFFFFFFFFFFFFFFFFFFFFFFFFFFFFFDB
:10E55000FFFFFFFFFFFFFFFFFFFFFFFFFFFFFFFFCB
:10E56000FFFFFFFFFFFFFFFFFFFFFFFFFFFFFFFFBB
:10E57000FFFFFFFFFFFFFFFFFFFFFFFFFFFFFFFFAB
:10E58000FFFFFFFFFFFFFFFFFFFFFFFFFFFFFFFF9B
:10E59000FFFFFFFFFFFFFFFFFFFFFFFFFFFFFFFF8B
:10E5A000FFFFFFFFFFFFFFFFFFFFFFFFFFFFFFFF7B
:10E5B000FFFFFFFFFFFFFFFFFFFFFFFFFFFFFFFF6B
:10E5C000FFFFFFFFFFFFFFFFFFFFFFFFFFFFFFFF5B
:10E5D000FFFFFFFFFFFFFFFFFFFFFFFFFFFFFFFF4B
:10E5E000FFFFFFFFFFFFFFFFFFFFFFFFFFFFFFFF3B
:10E5F000FFFFFFFFFFFFFFFFFFFFFFFFFFFFFFFF2B
:10E60000FFFFFFFFFFFFFFFFFFFFFFFFFFFFFFFF1A
:10E61000FFFFFFFFFFFFFFFFFFFFFFFFFFFFFFFF0A
:10E62000FFFFFFFFFFFFFFFFFFFFFFFFFFFFFFFFFA
:10E63000FFFFFFFFFFFFFFFFFFFFFFFFFFFFFFFFEA
:10E64000FFFFFFFFFFFFFFFFFFFFFFFFFFFFFFFFDA
:10E65000FFFFFFFFFFFFFFFFFFFFFFFFFFFFFFFFCA
:10E66000FFFFFFFFFFFFFFFFFFFFFFFFFFFFFFFFBA
:10E67000FFFFFFFFFFFFFFFFFFFFFFFFFFFFFFFFAA
:10E68000FFFFFFFFFFFFFFFFFFFFFFFFFFFFFFFF9A
:10E69000FFFFFFFFFFFFFFFFFFFFFFFFFFFFFFFF8A
:10E6A000FFFFFFFFFFFFFFFFFFFFFFFFFFFFFFFF7A
:10E6B000FFFFFFFFFFFFFFFFFFFFFFFFFFFFFFFF6A
:10E6C000FFFFFFFFFFFFFFFFFFFFFFFFFFFFFFFF5A
:10E6D000FFFFFFFFFFFFFFFFFFFFFFFFFFFFFFFF4A
:10E6E000FFFFFFFFFFFFFFFFFFFFFFFFFFFFFFFF3A
:10E6F000FFFFFFFFFFFFFFFFFFFFFFFFFFFFFFFF2A
:10E70000FFFFFFFFFFFFFFFFFFFFFFFFFFFFFFFF19
:10E71000FFFFFFFFFFFFFFFFFFFFFFFFFFFFFFFF09
:10E72000FFFFFFFFFFFFFFFFFFFFFFFFFFFFFFFFF9
:10E73000FFFFFFFFFFFFFFFFFFFFFFFFFFFFFFFFE9
:10E74000FFFFFFFFFFFFFFFFFFFFFFFFFFFFFFFFD9
:10E75000FFFFFFFFFFFFFFFFFFFFFFFFFFFFFFFFC9
:10E76000FFFFFFFFFFFFFFFFFFFFFFFFFFFFFFFFB9
:10E77000FFFFFFFFFFFFFFFFFFFFFFFFFFFFFFFFA9
:10E78000FFFFFFFFFFFFFFFFFFFFFFFFFFFFFFFF99
:10E79000FFFFFFFFFFFFFFFFFFFFFFFFFFFFFFFF89
:10E7A000FFFFFFFFFFFFFFFFFFFFFFFFFFFFFFFF79
:10E7B000FFFFFFFFFFFFFFFFFFFFFFFFFFFFFFFF69
:10E7C000FFFFFFFFFFFFFFFFFFFFFFFFFFFFFFFF59
:10E7D000FFFFFFFFFFFFFFFFFFFFFFFFFFFFFFFF49
:10E7E000FFFFFFFFFFFFFFFFFFFFFFFFFFFFFFFF39
:10E7F000FFFFFFFFFFFFFFFFFFFFFFFFFFFFFFFF29
:10E80000FFFFFFFFFFFFFFFFFFFFFFFFFFFFFFFF18
:10E81000FFFFFFFFFFFFFFFFFFFFFFFFFFFFFFFF08
:10E82000FFFFFFFFFFFFFFFFFFFFFFFFFFFFFFFFF8
:10E83000FFFFFFFFFFFFFFFFFFFFFFFFFFFFFFFFE8
:10E84000FFFFFFFFFFFFFFFFFFFFFFFFFFFFFFFFD8
:10E85000FFFFFFFFFFFFFFFFFFFFFFFFFFFFFFFFC8
:10E86000FFFFFFFFFFFFFFFFFFFFFFFFFFFFFFFFB8
:10E87000FFFFFFFFFFFFFFFFFFFFFFFFFFFFFFFFA8
:10E88000FFFFFFFFFFFFFFFFFFFFFFFFFFFFFFFF98
:10E89000FFFFFFFFFFFFFFFFFFFFFFFFFFFFFFFF88
:10E8A000FFFFFFFFFFFFFFFFFFFFFFFFFFFFFFFF78
:10E8B000FFFFFFFFFFFFFFFFFFFFFFFFFFFFFFFF68
:10E8C000FFFFFFFFFFFFFFFFFFFFFFFFFFFFFFFF58
:10E8D000FFFFFFFFFFFFFFFFFFFFFFFFFFFFFFFF48
:10E8E000FFFFFFFFFFFFFFFFFFFFFFFFFFFFFFFF38
:10E8F000FFFFFFFFFFFFFFFFFFFFFFFFFFFFFFFF28
:10E90000FFFFFFFFFFFFFFFFFFFFFFFFFFFFFFFF17
:10E91000FFFFFFFFFFFFFFFFFFFFFFFFFFFFFFFF07
:10E92000FFFFFFFFFFFFFFFFFFFFFFFFFFFFFFFFF7
:10E93000FFFFFFFFFFFFFFFFFFFFFFFFFFFFFFFFE7
:10E94000FFFFFFFFFFFFFFFFFFFFFFFFFFFFFFFFD7
:10E95000FFFFFFFFFFFFFFFFFFFFFFFFFFFFFFFFC7
:10E96000FFFFFFFFFFFFFFFFFFFFFFFFFFFFFFFFB7
:10E97000FFFFFFFFFFFFFFFFFFFFFFFFFFFFFFFFA7
:10E98000FFFFFFFFFFFFFFFFFFFFFFFFFFFFFFFF97
:10E99000FFFFFFFFFFFFFFFFFFFFFFFFFFFFFFFF87
:10E9A000FFFFFFFFFFFFFFFFFFFFFFFFFFFFFFFF77
:10E9B000FFFFFFFFFFFFFFFFFFFFFFFFFFFFFFFF67
:10E9C000FFFFFFFFFFFFFFFFFFFFFFFFFFFFFFFF57
:10E9D000FFFFFFFFFFFFFFFFFFFFFFFFFFFFFFFF47
:10E9E000FFFFFFFFFFFFFFFFFFFFFFFFFFFFFFFF37
:10E9F000FFFFFFFFFFFFFFFFFFFFFFFFFFFFFFFF27
:10EA0000FFFFFFFFFFFFFFFFFFFFFFFFFFFFFFFF16
:10EA1000FFFFFFFFFFFFFFFFFFFFFFFFFFFFFFFF06
:10EA2000FFFFFFFFFFFFFFFFFFFFFFFFFFFFFFFFF6
:10EA3000FFFFFFFFFFFFFFFFFFFFFFFFFFFFFFFFE6
:10EA4000FFFFFFFFFFFFFFFFFFFFFFFFFFFFFFFFD6
:10EA5000FFFFFFFFFFFFFFFFFFFFFFFFFFFFFFFFC6
:10EA6000FFFFFFFFFFFFFFFFFFFFFFFFFFFFFFFFB6
:10EA7000FFFFFFFFFFFFFFFFFFFFFFFFFFFFFFFFA6
:10EA8000FFFFFFFFFFFFFFFFFFFFFFFFFFFFFFFF96
:10EA9000FFFFFFFFFFFFFFFFFFFFFFFFFFFFFFFF86
:10EAA000FFFFFFFFFFFFFFFFFFFFFFFFFFFFFFFF76
:10EAB000FFFFFFFFFFFFFFFFFFFFFFFFFFFFFFFF66
:10EAC000FFFFFFFFFFFFFFFFFFFFFFFFFFFFFFFF56
:10EAD000FFFFFFFFFFFFFFFFFFFFFFFFFFFFFFFF46
:10EAE000FFFFFFFFFFFFFFFFFFFFFFFFFFFFFFFF36
:10EAF000FFFFFFFFFFFFFFFFFFFFFFFFFFFFFFFF26
:10EB0000FFFFFFFFFFFFFFFFFFFFFFFFFFFFFFFF15
:10EB1000FFFFFFFFFFFFFFFFFFFFFFFFFFFFFFFF05
:10EB2000FFFFFFFFFFFFFFFFFFFFFFFFFFFFFFFFF5
:10EB3000FFFFFFFFFFFFFFFFFFFFFFFFFFFFFFFFE5
:10EB4000FFFFFFFFFFFFFFFFFFFFFFFFFFFFFFFFD5
:10EB5000FFFFFFFFFFFFFFFFFFFFFFFFFFFFFFFFC5
:10EB6000FFFFFFFFFFFFFFFFFFFFFFFFFFFFFFFFB5
:10EB7000FFFFFFFFFFFFFFFFFFFFFFFFFFFFFFFFA5
:10EB8000FFFFFFFFFFFFFFFFFFFFFFFFFFFFFFFF95
:10EB9000FFFFFFFFFFFFFFFFFFFFFFFFFFFFFFFF85
:10EBA000FFFFFFFFFFFFFFFFFFFFFFFFFFFFFFFF75
:10EBB000FFFFFFFFFFFFFFFFFFFFFFFFFFFFFFFF65
:10EBC000FFFFFFFFFFFFFFFFFFFFFFFFFFFFFFFF55
:10EBD000FFFFFFFFFFFFFFFFFFFFFFFFFFFFFFFF45
:10EBE000FFFFFFFFFFFFFFFFFFFFFFFFFFFFFFFF35
:10EBF000FFFFFFFFFFFFFFFFFFFFFFFFFFFFFFFF25
:10EC0000FFFFFFFFFFFFFFFFFFFFFFFFFFFFFFFF14
:10EC1000FFFFFFFFFFFFFFFFFFFFFFFFFFFFFFFF04
:10EC2000FFFFFFFFFFFFFFFFFFFFFFFFFFFFFFFFF4
:10EC3000FFFFFFFFFFFFFFFFFFFFFFFFFFFFFFFFE4
:10EC4000FFFFFFFFFFFFFFFFFFFFFFFFFFFFFFFFD4
:10EC5000FFFFFFFFFFFFFFFFFFFFFFFFFFFFFFFFC4
:10EC6000FFFFFFFFFFFFFFFFFFFFFFFFFFFFFFFFB4
:10EC7000FFFFFFFFFFFFFFFFFFFFFFFFFFFFFFFFA4
:10EC8000FFFFFFFFFFFFFFFFFFFFFFFFFFFFFFFF94
:10EC9000FFFFFFFFFFFFFFFFFFFFFFFFFFFFFFFF84
:10ECA000FFFFFFFFFFFFFFFFFFFFFFFFFFFFFFFF74
:10ECB000FFFFFFFFFFFFFFFFFFFFFFFFFFFFFFFF64
:10ECC000FFFFFFFFFFFFFFFFFFFFFFFFFFFFFFFF54
:10ECD000FFFFFFFFFFFFFFFFFFFFFFFFFFFFFFFF44
:10ECE000FFFFFFFFFFFFFFFFFFFFFFFFFFFFFFFF34
:10ECF000FFFFFFFFFFFFFFFFFFFFFFFFFFFFFFFF24
:10ED0000FFFFFFFFFFFFFFFFFFFFFFFFFFFFFFFF13
:10ED1000FFFFFFFFFFFFFFFFFFFFFFFFFFFFFFFF03
:10ED2000FFFFFFFFFFFFFFFFFFFFFFFFFFFFFFFFF3
:10ED3000FFFFFFFFFFFFFFFFFFFFFFFFFFFFFFFFE3
:10ED4000FFFFFFFFFFFFFFFFFFFFFFFFFFFFFFFFD3
:10ED5000FFFFFFFFFFFFFFFFFFFFFFFFFFFFFFFFC3
:10ED6000FFFFFFFFFFFFFFFFFFFFFFFFFFFFFFFFB3
:10ED7000FFFFFFFFFFFFFFFFFFFFFFFFFFFFFFFFA3
:10ED8000FFFFFFFFFFFFFFFFFFFFFFFFFFFFFFFF93
:10ED9000FFFFFFFFFFFFFFFFFFFFFFFFFFFFFFFF83
:10EDA000FFFFFFFFFFFFFFFFFFFFFFFFFFFFFFFF73
:10EDB000FFFFFFFFFFFFFFFFFFFFFFFFFFFFFFFF63
:10EDC000FFFFFFFFFFFFFFFFFFFFFFFFFFFFFFFF53
:10EDD000FFFFFFFFFFFFFFFFFFFFFFFFFFFFFFFF43
:10EDE000FFFFFFFFFFFFFFFFFFFFFFFFFFFFFFFF33
:10EDF000FFFFFFFFFFFFFFFFFFFFFFFFFFFFFFFF23
:10EE0000FFFFFFFFFFFFFFFFFFFFFFFFFFFFFFFF12
:10EE1000FFFFFFFFFFFFFFFFFFFFFFFFFFFFFFFF02
:10EE2000FFFFFFFFFFFFFFFFFFFFFFFFFFFFFFFFF2
:10EE3000FFFFFFFFFFFFFFFFFFFFFFFFFFFFFFFFE2
:10EE4000FFFFFFFFFFFFFFFFFFFFFFFFFFFFFFFFD2
:10EE5000FFFFFFFFFFFFFFFFFFFFFFFFFFFFFFFFC2
:10EE6000FFFFFFFFFFFFFFFFFFFFFFFFFFFFFFFFB2
:10EE7000FFFFFFFFFFFFFFFFFFFFFFFFFFFFFFFFA2
:10EE8000FFFFFFFFFFFFFFFFFFFFFFFFFFFFFFFF92
:10EE9000FFFFFFFFFFFFFFFFFFFFFFFFFFFFFFFF82
:10EEA000FFFFFFFFFFFFFFFFFFFFFFFFFFFFFFFF72
:10EEB000FFFFFFFFFFFFFFFFFFFFFFFFFFFFFFFF62
:10EEC000FFFFFFFFFFFFFFFFFFFFFFFFFFFFFFFF52
:10EED000FFFFFFFFFFFFFFFFFFFFFFFFFFFFFFFF42
:10EEE000FFFFFFFFFFFFFFFFFFFFFFFFFFFFFFFF32
:10EEF000FFFFFFFFFFFFFFFFFFFFFFFFFFFFFFFF22
:10EF0000FFFFFFFFFFFFFFFFFFFFFFFFFFFFFFFF11
:10EF1000FFFFFFFFFFFFFFFFFFFFFFFFFFFFFFFF01
:10EF2000FFFFFFFFFFFFFFFFFFFFFFFFFFFFFFFFF1
:10EF3000FFFFFFFFFFFFFFFFFFFFFFFFFFFFFFFFE1
:10EF4000FFFFFFFFFFFFFFFFFFFFFFFFFFFFFFFFD1
:10EF5000FFFFFFFFFFFFFFFFFFFFFFFFFFFFFFFFC1
:10EF6000FFFFFFFFFFFFFFFFFFFFFFFFFFFFFFFFB1
:10EF7000FFFFFFFFFFFFFFFFFFFFFFFFFFFFFFFFA1
:10EF8000FFFFFFFFFFFFFFFFFFFFFFFFFFFFFFFF91
:10EF9000FFFFFFFFFFFFFFFFFFFFFFFFFFFFFFFF81
:10EFA000FFFFFFFFFFFFFFFFFFFFFFFFFFFFFFFF71
:10EFB000FFFFFFFFFFFFFFFFFFFFFFFFFFFFFFFF61
:10EFC000FFFFFFFFFFFFFFFFFFFFFFFFFFFFFFFF51
:10EFD000FFFFFFFFFFFFFFFFFFFFFFFFFFFFFFFF41
:10EFE000FFFFFFFFFFFFFFFFFFFFFFFFFFFFFFFF31
:10EFF000FFFFFFFFFFFFFFFFFFFFFFFFFFFFFFFF21
:10F00000FFFFFFFFFFFFFFFFFFFFFFFFFFFFFFFF10
:10F01000FFFFFFFFFFFFFFFFFFFFFFFFFFFFFFFF00
:10F02000FFFFFFFFFFFFFFFFFFFFFFFFFFFFFFFFF0
:10F03000FFFFFFFFFFFFFFFFFFFFFFFFFFFFFFFFE0
:10F04000FFFFFFFFFFFFFFFFFFFFFFFFFFFFFFFFD0
:10F05000FFFFFFFFFFFFFFFFFFFFFFFFFFFFFFFFC0
:10F06000FFFFFFFFFFFFFFFFFFFFFFFFFFFFFFFFB0
:10F07000FFFFFFFFFFFFFFFFFFFFFFFFFFFFFFFFA0
:10F08000FFFFFFFFFFFFFFFFFFFFFFFFFFFFFFFF90
:10F09000FFFFFFFFFFFFFFFFFFFFFFFFFFFFFFFF80
:10F0A000FFFFFFFFFFFFFFFFFFFFFFFFFFFFFFFF70
:10F0B000FFFFFFFFFFFFFFFFFFFFFFFFFFFFFFFF60
:10F0C000FFFFFFFFFFFFFFFFFFFFFFFFFFFFFFFF50
:10F0D000FFFFFFFFFFFFFFFFFFFFFFFFFFFFFFFF40
:10F0E000FFFFFFFFFFFFFFFFFFFFFFFFFFFFFFFF30
:10F0F000FFFFFFFFFFFFFFFFFFFFFFFFFFFFFFFF20
:10F10000FFFFFFFFFFFFFFFFFFFFFFFFFFFFFFFF0F
:10F11000FFFFFFFFFFFFFFFFFFFFFFFFFFFFFFFFFF
:10F12000FFFFFFFFFFFFFFFFFFFFFFFFFFFFFFFFEF
:10F13000FFFFFFFFFFFFFFFFFFFFFFFFFFFFFFFFDF
:10F14000FFFFFFFFFFFFFFFFFFFFFFFFFFFFFFFFCF
:10F15000FFFFFFFFFFFFFFFFFFFFFFFFFFFFFFFFBF
:10F16000FFFFFFFFFFFFFFFFFFFFFFFFFFFFFFFFAF
:10F17000FFFFFFFFFFFFFFFFFFFFFFFFFFFFFFFF9F
:10F18000FFFFFFFFFFFFFFFFFFFFFFFFFFFFFFFF8F
:10F19000FFFFFFFFFFFFFFFFFFFFFFFFFFFFFFFF7F
:10F1A000FFFFFFFFFFFFFFFFFFFFFFFFFFFFFFFF6F
:10F1B000FFFFFFFFFFFFFFFFFFFFFFFFFFFFFFFF5F
:10F1C000FFFFFFFFFFFFFFFFFFFFFFFFFFFFFFFF4F
:10F1D000FFFFFFFFFFFFFFFFFFFFFFFFFFFFFFFF3F
:10F1E000FFFFFFFFFFFFFFFFFFFFFFFFFFFFFFFF2F
:10F1F000FFFFFFFFFFFFFFFFFFFFFFFFFFFFFFFF1F
:10F20000FFFFFFFFFFFFFFFFFFFFFFFFFFFFFFFF0E
:10F21000FFFFFFFFFFFFFFFFFFFFFFFFFFFFFFFFFE
:10F22000FFFFFFFFFFFFFFFFFFFFFFFFFFFFFFFFEE
:10F23000FFFFFFFFFFFFFFFFFFFFFFFFFFFFFFFFDE
:10F24000FFFFFFFFFFFFFFFFFFFFFFFFFFFFFFFFCE
:10F25000FFFFFFFFFFFFFFFFFFFFFFFFFFFFFFFFBE
:10F26000FFFFFFFFFFFFFFFFFFFFFFFFFFFFFFFFAE
:10F27000FFFFFFFFFFFFFFFFFFFFFFFFFFFFFFFF9E
:10F28000FFFFFFFFFFFFFFFFFFFFFFFFFFFFFFFF8E
:10F29000FFFFFFFFFFFFFFFFFFFFFFFFFFFFFFFF7E
:10F2A000FFFFFFFFFFFFFFFFFFFFFFFFFFFFFFFF6E
:10F2B000FFFFFFFFFFFFFFFFFFFFFFFFFFFFFFFF5E
:10F2C000FFFFFFFFFFFFFFFFFFFFFFFFFFFFFFFF4E
:10F2D000FFFFFFFFFFFFFFFFFFFFFFFFFFFFFFFF3E
:10F2E000FFFFFFFFFFFFFFFFFFFFFFFFFFFFFFFF2E
:10F2F000FFFFFFFFFFFFFFFFFFFFFFFFFFFFFFFF1E
:10F30000FFFFFFFFFFFFFFFFFFFFFFFFFFFFFFFF0D
:10F31000FFFFFFFFFFFFFFFFFFFFFFFFFFFFFFFFFD
:10F32000FFFFFFFFFFFFFFFFFFFFFFFFFFFFFFFFED
:10F33000FFFFFFFFFFFFFFFFFFFFFFFFFFFFFFFFDD
:10F34000FFFFFFFFFFFFFFFFFFFFFFFFFFFFFFFFCD
:10F35000FFFFFFFFFFFFFFFFFFFFFFFFFFFFFFFFBD
:10F36000FFFFFFFFFFFFFFFFFFFFFFFFFFFFFFFFAD
:10F37000FFFFFFFFFFFFFFFFFFFFFFFFFFFFFFFF9D
:10F38000FFFFFFFFFFFFFFFFFFFFFFFFFFFFFFFF8D
:10F39000FFFFFFFFFFFFFFFFFFFFFFFFFFFFFFFF7D
:10F3A000FFFFFFFFFFFFFFFFFFFFFFFFFFFFFFFF6D
:10F3B000FFFFFFFFFFFFFFFFFFFFFFFFFFFFFFFF5D
:10F3C000FFFFFFFFFFFFFFFFFFFFFFFFFFFFFFFF4D
:10F3D000FFFFFFFFFFFFFFFFFFFFFFFFFFFFFFFF3D
:10F3E000FFFFFFFFFFFFFFFFFFFFFFFFFFFFFFFF2D
:10F3F000FFFFFFFFFFFFFFFFFFFFFFFFFFFFFFFF1D
:10F40000FFFFFFFFFFFFFFFFFFFFFFFFFFFFFFFF0C
:10F41000FFFFFFFFFFFFFFFFFFFFFFFFFFFFFFFFFC
:10F42000FFFFFFFFFFFFFFFFFFFFFFFFFFFFFFFFEC
:10F43000FFFFFFFFFFFFFFFFFFFFFFFFFFFFFFFFDC
:10F44000FFFFFFFFFFFFFFFFFFFFFFFFFFFFFFFFCC
:10F45000FFFFFFFFFFFFFFFFFFFFFFFFFFFFFFFFBC
:10F46000FFFFFFFFFFFFFFFFFFFFFFFFFFFFFFFFAC
:10F47000FFFFFFFFFFFFFFFFFFFFFFFFFFFFFFFF9C
:10F48000FFFFFFFFFFFFFFFFFFFFFFFFFFFFFFFF8C
:10F49000FFFFFFFFFFFFFFFFFFFFFFFFFFFFFFFF7C
:10F4A000FFFFFFFFFFFFFFFFFFFFFFFFFFFFFFFF6C
:10F4B000FFFFFFFFFFFFFFFFFFFFFFFFFFFFFFFF5C
:10F4C000FFFFFFFFFFFFFFFFFFFFFFFFFFFFFFFF4C
:10F4D000FFFFFFFFFFFFFFFFFFFFFFFFFFFFFFFF3C
:10F4E000FFFFFFFFFFFFFFFFFFFFFFFFFFFFFFFF2C
:10F4F000FFFFFFFFFFFFFFFFFFFFFFFFFFFFFFFF1C
:10F50000FFFFFFFFFFFFFFFFFFFFFFFFFFFFFFFF0B
:10F51000FFFFFFFFFFFFFFFFFFFFFFFFFFFFFFFFFB
:10F52000FFFFFFFFFFFFFFFFFFFFFFFFFFFFFFFFEB
:10F53000FFFFFFFFFFFFFFFFFFFFFFFFFFFFFFFFDB
:10F54000FFFFFFFFFFFFFFFFFFFFFFFFFFFFFFFFCB
:10F55000FFFFFFFFFFFFFFFFFFFFFFFFFFFFFFFFBB
:10F56000FFFFFFFFFFFFFFFFFFFFFFFFFFFFFFFFAB
:10F57000FFFFFFFFFFFFFFFFFFFFFFFFFFFFFFFF9B
:10F58000FFFFFFFFFFFFFFFFFFFFFFFFFFFFFFFF8B
:10F59000FFFFFFFFFFFFFFFFFFFFFFFFFFFFFFFF7B
:10F5A000FFFFFFFFFFFFFFFFFFFFFFFFFFFFFFFF6B
:10F5B000FFFFFFFFFFFFFFFFFFFFFFFFFFFFFFFF5B
:10F5C000FFFFFFFFFFFFFFFFFFFFFFFFFFFFFFFF4B
:10F5D000FFFFFFFFFFFFFFFFFFFFFFFFFFFFFFFF3B
:10F5E000FFFFFFFFFFFFFFFFFFFFFFFFFFFFFFFF2B
:10F5F000FFFFFFFFFFFFFFFFFFFFFFFFFFFFFFFF1B
:10F60000FFFFFFFFFFFFFFFFFFFFFFFFFFFFFFFF0A
:10F61000FFFFFFFFFFFFFFFFFFFFFFFFFFFFFFFFFA
:10F62000FFFFFFFFFFFFFFFFFFFFFFFFFFFFFFFFEA
:10F63000FFFFFFFFFFFFFFFFFFFFFFFFFFFFFFFFDA
:10F64000FFFFFFFFFFFFFFFFFFFFFFFFFFFFFFFFCA
:10F65000FFFFFFFFFFFFFFFFFFFFFFFFFFFFFFFFBA
:10F66000FFFFFFFFFFFFFFFFFFFFFFFFFFFFFFFFAA
:10F67000FFFFFFFFFFFFFFFFFFFFFFFFFFFFFFFF9A
:10F68000FFFFFFFFFFFFFFFFFFFFFFFFFFFFFFFF8A
:10F69000FFFFFFFFFFFFFFFFFFFFFFFFFFFFFFFF7A
:10F6A000FFFFFFFFFFFFFFFFFFFFFFFFFFFFFFFF6A
:10F6B000FFFFFFFFFFFFFFFFFFFFFFFFFFFFFFFF5A
:10F6C000FFFFFFFFFFFFFFFFFFFFFFFFFFFFFFFF4A
:10F6D000FFFFFFFFFFFFFFFFFFFFFFFFFFFFFFFF3A
:10F6E000FFFFFFFFFFFFFFFFFFFFFFFFFFFFFFFF2A
:10F6F000FFFFFFFFFFFFFFFFFFFFFFFFFFFFFFFF1A
:10F70000FFFFFFFFFFFFFFFFFFFFFFFFFFFFFFFF09
:10F71000FFFFFFFFFFFFFFFFFFFFFFFFFFFFFFFFF9
:10F72000FFFFFFFFFFFFFFFFFFFFFFFFFFFFFFFFE9
:10F73000FFFFFFFFFFFFFFFFFFFFFFFFFFFFFFFFD9
:10F74000FFFFFFFFFFFFFFFFFFFFFFFFFFFFFFFFC9
:10F75000FFFFFFFFFFFFFFFFFFFFFFFFFFFFFFFFB9
:10F76000FFFFFFFFFFFFFFFFFFFFFFFFFFFFFFFFA9
:10F77000FFFFFFFFFFFFFFFFFFFFFFFFFFFFFFFF99
:10F78000FFFFFFFFFFFFFFFFFFFFFFFFFFFFFFFF89
:10F79000FFFFFFFFFFFFFFFFFFFFFFFFFFFFFFFF79
:10F7A000FFFFFFFFFFFFFFFFFFFFFFFFFFFFFFFF69
:10F7B000FFFFFFFFFFFFFFFFFFFFFFFFFFFFFFFF59
:10F7C000FFFFFFFFFFFFFFFFFFFFFFFFFFFFFFFF49
:10F7D000FFFFFFFFFFFFFFFFFFFFFFFFFFFFFFFF39
:10F7E000FFFFFFFFFFFFFFFFFFFFFFFFFFFFFFFF29
:10F7F000FFFFFFFFFFFFFFFFFFFFFFFFFFFFFFFF19
:10F80000FFFFFFFFFFFFFFFFFFFFFFFFFFFFFFFF08
:10F81000FFFFFFFFFFFFFFFFFFFFFFFFFFFFFFFFF8
:10F82000FFFFFFFFFFFFFFFFFFFFFFFFFFFFFFFFE8
:10F83000FFFFFFFFFFFFFFFFFFFFFFFFFFFFFFFFD8
:10F84000FFFFFFFFFFFFFFFFFFFFFFFFFFFFFFFFC8
:10F85000FFFFFFFFFFFFFFFFFFFFFFFFFFFFFFFFB8
:10F86000FFFFFFFFFFFFFFFFFFFFFFFFFFFFFFFFA8
:10F87000FFFFFFFFFFFFFFFFFFFFFFFFFFFFFFFF98
:10F88000FFFFFFFFFFFFFFFFFFFFFFFFFFFFFFFF88
:10F89000FFFFFFFFFFFFFFFFFFFFFFFFFFFFFFFF78
:10F8A000FFFFFFFFFFFFFFFFFFFFFFFFFFFFFFFF68
:10F8B000FFFFFFFFFFFFFFFFFFFFFFFFFFFFFFFF58
:10F8C000FFFFFFFFFFFFFFFFFFFFFFFFFFFFFFFF48
:10F8D000FFFFFFFFFFFFFFFFFFFFFFFFFFFFFFFF38
:10F8E000FFFFFFFFFFFFFFFFFFFFFFFFFFFFFFFF28
:10F8F000FFFFFFFFFFFFFFFFFFFFFFFFFFFFFFFF18
:10F90000FFFFFFFFFFFFFFFFFFFFFFFFFFFFFFFF07
:10F91000FFFFFFFFFFFFFFFFFFFFFFFFFFFFFFFFF7
:10F92000FFFFFFFFFFFFFFFFFFFFFFFFFFFFFFFFE7
:10F93000FFFFFFFFFFFFFFFFFFFFFFFFFFFFFFFFD7
:10F94000FFFFFFFFFFFFFFFFFFFFFFFFFFFFFFFFC7
:10F95000FFFFFFFFFFFFFFFFFFFFFFFFFFFFFFFFB7
:10F96000FFFFFFFFFFFFFFFFFFFFFFFFFFFFFFFFA7
:10F97000FFFFFFFFFFFFFFFFFFFFFFFFFFFFFFFF97
:10F98000FFFFFFFFFFFFFFFFFFFFFFFFFFFFFFFF87
:10F99000FFFFFFFFFFFFFFFFFFFFFFFFFFFFFFFF77
:10F9A000FFFFFFFFFFFFFFFFFFFFFFFFFFFFFFFF67
:10F9B000FFFFFFFFFFFFFFFFFFFFFFFFFFFFFFFF57
:10F9C000FFFFFFFFFFFFFFFFFFFFFFFFFFFFFFFF47
:10F9D000FFFFFFFFFFFFFFFFFFFFFFFFFFFFFFFF37
:10F9E000FFFFFFFFFFFFFFFFFFFFFFFFFFFFFFFF27
:10F9F000FFFFFFFFFFFFFFFFFFFFFFFFFFFFFFFF17
:10FA0000FFFFFFFFFFFFFFFFFFFFFFFFFFFFFFFF06
:10FA1000FFFFFFFFFFFFFFFFFFFFFFFFFFFFFFFFF6
:10FA2000FFFFFFFFFFFFFFFFFFFFFFFFFFFFFFFFE6
:10FA3000FFFFFFFFFFFFFFFFFFFFFFFFFFFFFFFFD6
:10FA4000FFFFFFFFFFFFFFFFFFFFFFFFFFFFFFFFC6
:10FA5000FFFFFFFFFFFFFFFFFFFFFFFFFFFFFFFFB6
:10FA6000FFFFFFFFFFFFFFFFFFFFFFFFFFFFFFFFA6
:10FA7000FFFFFFFFFFFFFFFFFFFFFFFFFFFFFFFF96
:10FA8000FFFFFFFFFFFFFFFFFFFFFFFFFFFFFFFF86
:10FA9000FFFFFFFFFFFFFFFFFFFFFFFFFFFFFFFF76
:10FAA000FFFFFFFFFFFFFFFFFFFFFFFFFFFFFFFF66
:10FAB000FFFFFFFFFFFFFFFFFFFFFFFFFFFFFFFF56
:10FAC000FFFFFFFFFFFFFFFFFFFFFFFFFFFFFFFF46
:10FAD000FFFFFFFFFFFFFFFFFFFFFFFFFFFFFFFF36
:10FAE000FFFFFFFFFFFFFFFFFFFFFFFFFFFFFFFF26
:10FAF000FFFFFFFFFFFFFFFFFFFFFFFFFFFFFFFF16
:10FB0000FFFFFFFFFFFFFFFFFFFFFFFFFFFFFFFF05
:10FB1000FFFFFFFFFFFFFFFFFFFFFFFFFFFFFFFFF5
:10FB2000FFFFFFFFFFFFFFFFFFFFFFFFFFFFFFFFE5
:10FB3000FFFFFFFFFFFFFFFFFFFFFFFFFFFFFFFFD5
:10FB4000FFFFFFFFFFFFFFFFFFFFFFFFFFFFFFFFC5
:10FB5000FFFFFFFFFFFFFFFFFFFFFFFFFFFFFFFFB5
:10FB6000FFFFFFFFFFFFFFFFFFFFFFFFFFFFFFFFA5
:10FB7000FFFFFFFFFFFFFFFFFFFFFFFFFFFFFFFF95
:10FB8000FFFFFFFFFFFFFFFFFFFFFFFFFFFFFFFF85
:10FB9000FFFFFFFFFFFFFFFFFFFFFFFFFFFFFFFF75
:10FBA000FFFFFFFFFFFFFFFFFFFFFFFFFFFFFFFF65
:10FBB000FFFFFFFFFFFFFFFFFFFFFFFFFFFFFFFF55
:10FBC000FFFFFFFFFFFFFFFFFFFFFFFFFFFFFFFF45
:10FBD000FFFFFFFFFFFFFFFFFFFFFFFFFFFFFFFF35
:10FBE000FFFFFFFFFFFFFFFFFFFFFFFFFFFFFFFF25
:10FBF000FFFFFFFFFFFFFFFFFFFFFFFFFFFFFFFF15
:10FC0000FFFFFFFFFFFFFFFFFFFFFFFFFFFFFFFF04
:10FC1000FFFFFFFFFFFFFFFFFFFFFFFFFFFFFFFFF4
:10FC2000FFFFFFFFFFFFFFFFFFFFFFFFFFFFFFFFE4
:10FC3000FFFFFFFFFFFFFFFFFFFFFFFFFFFFFFFFD4
:10FC4000FFFFFFFFFFFFFFFFFFFFFFFFFFFFFFFFC4
:10FC5000FFFFFFFFFFFFFFFFFFFFFFFFFFFFFFFFB4
:10FC6000FFFFFFFFFFFFFFFFFFFFFFFFFFFFFFFFA4
:10FC7000FFFFFFFFFFFFFFFFFFFFFFFFFFFFFFFF94
:10FC8000FFFFFFFFFFFFFFFFFFFFFFFFFFFFFFFF84
:10FC9000FFFFFFFFFFFFFFFFFFFFFFFFFFFFFFFF74
:10FCA000FFFFFFFFFFFFFFFFFFFFFFFFFFFFFFFF64
:10FCB000FFFFFFFFFFFFFFFFFFFFFFFFFFFFFFFF54
:10FCC000FFFFFFFFFFFFFFFFFFFFFFFFFFFFFFFF44
:10FCD000FFFFFFFFFFFFFFFFFFFFFFFFFFFFFFFF34
:10FCE000FFFFFFFFFFFFFFFFFFFFFFFFFFFFFFFF24
:10FCF000FFFFFFFFFFFFFFFFFFFFFFFFFFFFFFFF14
:10FD0000FFFFFFFFFFFFFFFFFFFFFFFFFFFFFFFF03
:10FD1000FFFFFFFFFFFFFFFFFFFFFFFFFFFFFFFFF3
:10FD2000FFFFFFFFFFFFFFFFFFFFFFFFFFFFFFFFE3
:10FD3000FFFFFFFFFFFFFFFFFFFFFFFFFFFFFFFFD3
:10FD4000FFFFFFFFFFFFFFFFFFFFFFFFFFFFFFFFC3
:10FD5000FFFFFFFFFFFFFFFFFFFFFFFFFFFFFFFFB3
:10FD6000FFFFFFFFFFFFFFFFFFFFFFFFFFFFFFFFA3
:10FD7000FFFFFFFFFFFFFFFFFFFFFFFFFFFFFFFF93
:10FD8000FFFFFFFFFFFFFFFFFFFFFFFFFFFFFFFF83
:10FD9000FFFFFFFFFFFFFFFFFFFFFFFFFFFFFFFF73
:10FDA000FFFFFFFFFFFFFFFFFFFFFFFFFFFFFFFF63
:10FDB000FFFFFFFFFFFFFFFFFFFFFFFFFFFFFFFF53
:10FDC000FFFFFFFFFFFFFFFFFFFFFFFFFFFFFFFF43
:10FDD000FFFFFFFFFFFFFFFFFFFFFFFFFFFFFFFF33
:10FDE000FFFFFFFFFFFFFFFFFFFFFFFFFFFFFFFF23
:10FDF000FFFFFFFFFFFFFFFFFFFFFFFFFFFFFFFF13
:10FE0000FFFFFFFFFFFFFFFFFFFFFFFFFFFFFFFF02
:10FE1000FFFFFFFFFFFFFFFFFFFFFFFFFFFFFFFFF2
:10FE2000FFFFFFFFFFFFFFFFFFFFFFFFFFFFFFFFE2
:10FE3000FFFFFFFFFFFFFFFFFFFFFFFFFFFFFFFFD2
:10FE4000FFFFFFFFFFFFFFFFFFFFFFFFFFFFFFFFC2
:10FE5000FFFFFFFFFFFFFFFFFFFFFFFFFFFFFFFFB2
:10FE6000FFFFFFFFFFFFFFFFFFFFFFFFFFFFFFFFA2
:10FE7000FFFFFFFFFFFFFFFFFFFFFFFFFFFFFFFF92
:10FE8000FFFFFFFFFFFFFFFFFFFFFFFFFFFFFFFF82
:10FE9000FFFFFFFFFFFFFFFFFFFFFFFFFFFFFFFF72
:10FEA000FFFFFFFFFFFFFFFFFFFFFFFFFFFFFFFF62
:10FEB000FFFFFFFFFFFFFFFFFFFFFFFFFFFFFFFF52
:10FEC000FFFFFFFFFFFFFFFFFFFFFFFFFFFFFFFF42
:10FED000FFFFFFFFFFFFFFFFFFFFFFFFFFFFFFFF32
:10FEE000FFFFFFFFFFFFFFFFFFFFFFFFFFFFFFFF22
:10FEF000FFFFFFFFFFFFFFFFFFFFFFFFFFFFFFFF12
:10FF0000FFFFFFFFFFFFFFFFFFFFFFFFFFFFFFFF01
:10FF1000FFFFFFFFFFFFFFFFFFFFFFFFFFFFFFFFF1
:10FF2000FFFFFFFFFFFFFFFFFFFFFFFFFFFFFFFFE1
:10FF3000FFFFFFFFFFFFFFFFFFFFFFFFFFFFFFFFD1
:10FF4000FFFFFFFFFFFFFFFFFFFFFFFFFFFFFFFFC1
:10FF5000FFFFFFFFFFFFFFFFFFFFFFFFFFFFFFFFB1
:10FF6000FFFFFFFFFFFFFFFFFFFFFFFFFFFFFFFFA1
:10FF7000FFFFFFFFFFFFFFFFFFFFFFFFFFFFFFFF91
:10FF8000FFFFFFFFFFFFFFFFFFFFFFFFFFFFFFFF81
:10FF9000FFFFFFFFFFFFFFFFFFFFFFFFFFFFFFFF71
:10FFA000FFFFFFFFFFFFFFFFFFFFFFFFFFFFFFFF61
:10FFB000FFFFFFFFFFFFFFFFFFFFFFFFFFFFFFFF51
:10FFC000FFFFFFFFFFFFFFFFFFFFFFFFFFFFFFFF41
:10FFD000FFFFFFFFFFFFFFFFFFFFFFFFFFFFFFFF31
:10FFE000FFFFFFFFFFFFFFFFFFFFFFFFFFFFFFFF21
:10FFF000FFFFFFFFFFFFFFFFFFFFFFFFFFFFFFFF11
:020000041D01DC
:10000000FFFFFFFFFFFFFFFFFFFFFFFFFFFFFFFF00
:10001000FFFFFFFFFFFFFFFFFFFFFFFFFFFFFFFFF0
:10002000FFFFFFFFFFFFFFFFFFFFFFFFFFFFFFFFE0
:10003000FFFFFFFFFFFFFFFFFFFFFFFFFFFFFFFFD0
:10004000FFFFFFFFFFFFFFFFFFFFFFFFFFFFFFFFC0
:10005000FFFFFFFFFFFFFFFFFFFFFFFFFFFFFFFFB0
:10006000FFFFFFFFFFFFFFFFFFFFFFFFFFFFFFFFA0
:10007000FFFFFFFFFFFFFFFFFFFFFFFFFFFFFFFF90
:10008000FFFFFFFFFFFFFFFFFFFFFFFFFFFFFFFF80
:10009000FFFFFFFFFFFFFFFFFFFFFFFFFFFFFFFF70
:1000A000FFFFFFFFFFFFFFFFFFFFFFFFFFFFFFFF60
:1000B000FFFFFFFFFFFFFFFFFFFFFFFFFFFFFFFF50
:1000C000FFFFFFFFFFFFFFFFFFFFFFFFFFFFFFFF40
:1000D000FFFFFFFFFFFFFFFFFFFFFFFFFFFFFFFF30
:1000E000FFFFFFFFFFFFFFFFFFFFFFFFFFFFFFFF20
:1000F000FFFFFFFFFFFFFFFFFFFFFFFFFFFFFFFF10
:10010000FFFFFFFFFFFFFFFFFFFFFFFFFFFFFFFFFF
:10011000FFFFFFFFFFFFFFFFFFFFFFFFFFFFFFFFEF
:10012000FFFFFFFFFFFFFFFFFFFFFFFFFFFFFFFFDF
:10013000FFFFFFFFFFFFFFFFFFFFFFFFFFFFFFFFCF
:10014000FFFFFFFFFFFFFFFFFFFFFFFFFFFFFFFFBF
:10015000FFFFFFFFFFFFFFFFFFFFFFFFFFFFFFFFAF
:10016000FFFFFFFFFFFFFFFFFFFFFFFFFFFFFFFF9F
:10017000FFFFFFFFFFFFFFFFFFFFFFFFFFFFFFFF8F
:10018000FFFFFFFFFFFFFFFFFFFFFFFFFFFFFFFF7F
:10019000FFFFFFFFFFFFFFFFFFFFFFFFFFFFFFFF6F
:1001A000FFFFFFFFFFFFFFFFFFFFFFFFFFFFFFFF5F
:1001B000FFFFFFFFFFFFFFFFFFFFFFFFFFFFFFFF4F
:1001C000FFFFFFFFFFFFFFFFFFFFFFFFFFFFFFFF3F
:1001D000FFFFFFFFFFFFFFFFFFFFFFFFFFFFFFFF2F
:1001E000FFFFFFFFFFFFFFFFFFFFFFFFFFFFFFFF1F
:1001F000FFFFFFFFFFFFFFFFFFFFFFFFFFFFFFFF0F
:10020000FFFFFFFFFFFFFFFFFFFFFFFFFFFFFFFFFE
:10021000FFFFFFFFFFFFFFFFFFFFFFFFFFFFFFFFEE
:10022000FFFFFFFFFFFFFFFFFFFFFFFFFFFFFFFFDE
:10023000FFFFFFFFFFFFFFFFFFFFFFFFFFFFFFFFCE
:10024000FFFFFFFFFFFFFFFFFFFFFFFFFFFFFFFFBE
:10025000FFFFFFFFFFFFFFFFFFFFFFFFFFFFFFFFAE
:10026000FFFFFFFFFFFFFFFFFFFFFFFFFFFFFFFF9E
:10027000FFFFFFFFFFFFFFFFFFFFFFFFFFFFFFFF8E
:10028000FFFFFFFFFFFFFFFFFFFFFFFFFFFFFFFF7E
:10029000FFFFFFFFFFFFFFFFFFFFFFFFFFFFFFFF6E
:1002A000FFFFFFFFFFFFFFFFFFFFFFFFFFFFFFFF5E
:1002B000FFFFFFFFFFFFFFFFFFFFFFFFFFFFFFFF4E
:1002C000FFFFFFFFFFFFFFFFFFFFFFFFFFFFFFFF3E
:1002D000FFFFFFFFFFFFFFFFFFFFFFFFFFFFFFFF2E
:1002E000FFFFFFFFFFFFFFFFFFFFFFFFFFFFFFFF1E
:1002F000FFFFFFFFFFFFFFFFFFFFFFFFFFFFFFFF0E
:10030000FFFFFFFFFFFFFFFFFFFFFFFFFFFFFFFFFD
:10031000FFFFFFFFFFFFFFFFFFFFFFFFFFFFFFFFED
:10032000FFFFFFFFFFFFFFFFFFFFFFFFFFFFFFFFDD
:10033000FFFFFFFFFFFFFFFFFFFFFFFFFFFFFFFFCD
:10034000FFFFFFFFFFFFFFFFFFFFFFFFFFFFFFFFBD
:10035000FFFFFFFFFFFFFFFFFFFFFFFFFFFFFFFFAD
:10036000FFFFFFFFFFFFFFFFFFFFFFFFFFFFFFFF9D
:10037000FFFFFFFFFFFFFFFFFFFFFFFFFFFFFFFF8D
:10038000FFFFFFFFFFFFFFFFFFFFFFFFFFFFFFFF7D
:10039000FFFFFFFFFFFFFFFFFFFFFFFFFFFFFFFF6D
:1003A000FFFFFFFFFFFFFFFFFFFFFFFFFFFFFFFF5D
:1003B000FFFFFFFFFFFFFFFFFFFFFFFFFFFFFFFF4D
:1003C000FFFFFFFFFFFFFFFFFFFFFFFFFFFFFFFF3D
:1003D000FFFFFFFFFFFFFFFFFFFFFFFFFFFFFFFF2D
:1003E000FFFFFFFFFFFFFFFFFFFFFFFFFFFFFFFF1D
:1003F000FFFFFFFFFFFFFFFFFFFFFFFFFFFFFFFF0D
:100400000CF0F66404675AB41A1841CC3C6759B42E
:100410001A1841CC006558B41A1841CC006557B47D
:100420001A1841CC006550F1409905D2059212226C
:10043000A39A829A0EEC01240B2850F160996EEA7F
:10044000022A50F1A0D905041A1841CC07D5079506
:1004500005D5EC1750F1909904D404922C226F9A90
:1004600006D30D946E9A6EEC232C8C9A0EEC052C10
:10047000BAAA30F194A1AEEC01241A2848820D9357
:1004800000520260022B1410052390670D951A1874
:1004900000410E96049450F150998EEA032A069377
:1004A00050F170D91A1841CC2C4C1A1841CC0404C4
:1004B000069304D3D21730F18C9904D404921722F6
:1004C0006F9A8C9A0EEC052CBAAA30F194A1AEEC7E
:1004D00001240B2830F18C998EEA022A30F16CD974
:1004E00004041A1841CC07D3079304D3E7170E93DB
:1004F0003A2350F190990D240F9C1A1841CC2C4CA2
:10050000916750F1104C1A1841CC006550F110D988
:10051000F01710F150990922916710F1104C1A1838
:1005200041CC049A10F110D9F4170E93025B1B61B1
:10053000F0F18C990C241A1841CC019C9167F0F1D0
:100540000C4C1A1841CC0065F0F10CD9F11730F1C0
:100550005C990922916730F11C4C1A1841CC0B9A16
:1005600030F11CD9F4177664A0E80065C00900A03A
:10057000C40900A0C80900A0CC0900A004F0F464DC
:100580001C67B0F14CA8016B4CEB0523036B6BEBC4
:100590006CEAB0F14CC80893562330F144A0022213
:1005A000376B08D333B2E19A4E27084A0893FFF716
:1005B000989A8EEBF82BF0F1349830F148986082DD
:1005C00020530261016E0D1043E9FC60FF4A30F1D7
:1005D00048D8F3178143F0F194D881830A740660F8
:1005E0000524F0F1749843EBF5610310014E2243AA
:1005F000F8170892014A03221FB4089503101FB48C
:10060000016DABED1A1870FA00654081102220527E
:100610000E60097204611AB41A1870FA0065014973
:10062000F41709740C6116B41A1870FA0149808124
:1006300006242054F6611A18F9FA0149F81711B482
:100640001A1828F90065006A30F144C0006CA467EC
:100650001A180041026E1A181951006501520461FE
:100660001A1861670065F71707B41A1CECF30895B0
:100670000401029D40E5019D5CE5019D78E5019D39
:100680007CE5019D000900A0F5641C6713B1498158
:1006900000520460016C1A185F418BEC1A18195152
:1006A000006501521661B0F16CA8086A6DEAB0F1FC
:1006B0004CC81A18616704D3086C04938CEB062BA2
:1006C000B0F18CA8F74B8CEBB0F16CC869816EEA85
:1006D000E1227564A0E80065F00900A0F7640467F2
:1006E000256788A40F6A64674CEB0D53A9A0C0F07E
:1006F0001B60E0F0092D89A1E0F0062CF94B88A1E0
:1007000004D44CEC07D4035B78672C234467F94A84
:10071000035A2861409806D2819805D4C26744677D
:100720008667A267E2671A189AF808D3A0F0192A18
:1007300069B205944CEC05D406964467866769B6A1
:1007400069B71A189AF8A26708930C2A06960592B8
:10075000866764B664B71A1C83EAA26701520893DD
:1007600080F01F600792FF4A11EA0C5A80F019606E
:1007700048325AB489E2409A80EA0065AD07019D8B
:10078000C907019DF907019D2D08019D2D08019DB7
:100790005508019D7508019D9108019D9108019DD5
:1007A000A308019DA108019D9D08019D0623809835
:1007B0001A1CFCF2A19811EA011040A04BEAC0F704
:1007C0004232C0F743330C10106A04948CEA0B22B7
:1007D000062380981A1CFCF2A19811EA171040A079
:1007E00040D861D87110062380981A1C92F2A19803
:1007F00091EA181040801610106A04948CEA0C22BA
:10080000092380981A1CFCF2A19831EA40D8006AAA
:1008100041D85A1040A8E417072380981A1C92F276
:10082000A198B1EA40D813104088FC17106A0494CC
:100830008CEA0622EC2380981A1CFCF2A198E61799
:10084000052380981A1C92F2A198EC174098C0F7E3
:100850004332DE17106A04948CEA0622352380980E
:100860001A18F4F5A198BC172F2380981A18D8F6F7
:10087000A198B6178098A19804231A1CBAED0065B8
:1008800003101A1820F300651A1CFEF08267A817DF
:100890001B2B80981A18F4F7A198A217B8230110FF
:1008A00013231A185F41266C68A18EEB4CEB11EBF9
:1008B000F82B49A14EEDF52D8740054CA741054D7C
:1008C0001A1C47F2146EED2A48A148C049A149C03C
:1008D0007764A0E8FFFFFF7F7C07019D006500654E
:1008E000FFFFFFFFFFFFEF7F5C6730F1689AA08397
:1008F0000375036150F07C9A1410FC24014B30F115
:1009000068DAFF4C11ECF1172F753061A14430F11A
:10091000A8DAA1842F752061262B30F1A89A808552
:10092000132C30F1A89A808503743B6030F1889ACB
:10093000A08403752C60C845E74E11EE5E5EE4614D
:10094000014C30F188DAF2170374EB600A74E96045
:10095000014D30F1A8DAE1172A750561034C30F139
:1009600088DA014B141030F188DA11102A750F6102
:10097000A1842F750C610523024C30F188DAFF4BFE
:10098000D017C36450F07CDA1A185F41016C092358
:1009900030F1889AA0840375C460014C30F188DA84
:1009A000C01750F07CDAA0E8A09CC1454085626782
:1009B00011EBE843D84F11EF0A5F026047670D1053
:1009C000E843A74F065F03604843B14A0610E84377
:1009D000C74F065F04604843D14A91EA0110C567DA
:1009E000C0DC20E811EA00655C6730F1A89AC0A578
:1009F000216B6BEBCCEB91EB557317B3943408611F
:100A0000014D30F1A8DA99E3E8A6106DEDEDA8C626
:100A100030F1A89AE0A5216ECBEECCEF91EF4C77A8
:100A20001361E14530F1E8DAE1A5ECEE91EE4C76A8
:100A30000761024D30F1A8DA8DE388A3066A07103A
:100A40008DE388A3056A03108DE388A3046A8DEA09
:100A500020E848C3280200A0F5640467409C04D243
:100A6000049540855C720C616185215361450E607F
:100A700004D3049260822153F360014A04D2F9172F
:100A800022727761014D04D5006A171004D3618585
:100A900030736D606E735760727357607473576014
:100AA0006273576061735760667357606573576010
:100AB0005C7307610493014B04D3049360D875649D
:100AC000A0E827734E6022734E603F734E607873C8
:100AD000424598670B2C04D21A186A420404226714
:100AE0001A186A420404303129E22510D04B11EB68
:100AF0000A5B266004D241A5D04A11EA62A5D04B18
:100B000011EB0A5B096044334C3249E3634504D37B
:100B100062A5D04B69E211EA049380A3D04C11EC9A
:100B20000A5C096044344C3249E4814304D460A334
:100B3000D04B69E211EA91EA0493FF4B04D3BA1750
:100B40001A185F41046C0A6AB5170D6AB317096A6F
:100B5000B117086AAF17076AAD170C6AAB171B6AA3
:100B6000A917276AA717226AA5173F6AA317006A61
:100B7000A117A322414504D240859F17E3647C67F7
:100B800030F1489B006DA0C430F1A89BC085216F57
:100B9000EBEFCCEFBF4F11EF1A5F06615F76046099
:100BA00060A4272B086C2210014D30F1A8DBA0A413
:100BB000014DA0C430F1C89BE086A76711ED216804
:100BC0000BE8ACE8BF481A580B60014E30F1C8DBA7
:100BD000A0A4014D11EDA0C41A5DEC61056C0610D6
:100BE0005F77F360D04D0A5DF061DA171A185F4144
:100BF00000656364A0E80065F464FC67CD6569A5E1
:100C000009A462E80C6010F144A7014A10F144C73E
:100C1000FF4BB1EB62E804601A185F412E6CB1EB38
:100C20004B9C022AAE9C0325FF4BB1EB051010F143
:100C300024A744670121409C50F1289F29E20153D9
:100C40000461409AFF4BB1EBFA170BE8C0F7023092
:100C500000C6006B61E40398062000A6014800C6A8
:100C6000044B1473F76100A610F1E4A74F652EB68C
:100C700060A66B656E67006F8E650AEF5060014F6E
:100C800011EF2767016E0AE90960A241A835B5E4B2
:100C9000A19DB8EE12EE014911E9F517AE6729A53D
:100CA000AA67A5E102E906602B67D8E912EEA39BCB
:100CB000B8EE311028A409650F69A867ACE9AC67E4
:100CC00025E520A106292C650169A965006D0D6542
:100CD0000410D8E912EE239B1D10A967044D2D6561
:100CE00028670AE90C602D67A967A29DB8E912E997
:100CF000A965A867014D256711E90965EE17A39B52
:100D0000B8EE12EE0E652A9CAD67BBE9012DE5E851
:100D100012EE2867D8E912EEC9E2044BAE177464EC
:100D2000A0E80065E80600A0F6647C67046770F13F
:100D3000A6A3B43543B1B5E104061A18FE4206D3A2
:100D4000069370F186A3943435E4006EC0DDC1DDF6
:100D5000C8A0C8C5A9A510F164A375E5DD6770A694
:100D600062ED04606B98622B409A601068A00F6D72
:100D70006CEDFF4D11ED0F5D5E60A83532B6D5E527
:100D8000A09D80EDC10D019DC50D019DD50D019D5D
:100D9000E50D019DE50D019DF30D019D050E019DE4
:100DA0000F0E019D0F0E019D370E019D270E019D17
:100DB0001B0E019D2D0E019D2D0E019D270E019DE7
:100DC00085E10410106DACEB85E1022340A22F10E9
:100DD00040822510106DACEB85E1022340AA27105C
:100DE000408A1D10106DACEB85E1409A40D9182364
:100DF0001F10106DACEB0B2385E1809AA19A80D96E
:100E0000A1D91C1085E11A1CFEF0809A0310619A8A
:100E1000409A85E140D961D9111085E1409A40D9C5
:100E2000C0F74332061085E1409A011085E140D9B0
:100E3000006A41D903101A185F41016C7664A0E87A
:100E4000280200A0840D019D04F0F6643C67E5676C
:100E50004DB0132610F144A1016C06D21A18CD4AE8
:100E600007D5069210F144C170F146A1543249E011
:100E700089A2079789C748A248C70C94A7670406A8
:100E80001A18FE4207D7C2670C9349A370F186A1D6
:100E90000797142249A70822943249E048A2206DFE
:100EA000ACEA0C22306C0710943249E048A2406D45
:100EB000ACEA04222F6C1A185F410065943491E06B
:100EC000A9A410F144A155E57D6750A342ED03604C
:100ED000809C80DE55100C951A18B74106D60C93ED
:100EE00088A30F6A8CEAFF4A11EA0F5A06964660F9
:100EF000483226B5A9E2A09A70F146A180ED0065BE
:100F00003D0F019D3D0F019D470F019D730F019DF9
:100F1000730F019D650F019D510F019D650F019D8F
:100F2000650F019D7D0F019D730F019D730F019D45
:100F30007D0F019D7D0F019D730F019D543241E096
:100F4000409840C61D10543241E0409840CE1810E1
:100F5000543241E08098A1981A1CBAED06D6069644
:100F600040DE0E10543241E04098619840DE61DE70
:100F70000710543241E0009800DE02102D6C9B17E0
:100F80007664A0E8280200A0000F019DF8641C67A9
:100F900070F146A0014A11EA70F146C0235A236C51
:100FA000096042B3543249E3006C89C210F184C035
:100FB0005810276C1A185F410065FF4A11EA50F17A
:100FC00044C070F166A0743304D338B465E438B318
:100FD0004C3506D5543207D25DE5FDE39167A7672E
:100FE000206E09D31A1C3FE70AD710F1C4A008D617
:100FF0000A9720F08487C0F7833545678EEAABE215
:10100000A26711ED05D510F1A4C0C8A10F6DCCEDFC
:10101000CF45065E2A6025B60495ADE65AEC012A56
:10102000E5E812ECC0F78335409B91E243EC58674A
:10103000C19BB5E6A9E280DB41DB0592FF4A10F1D6
:1010400044C00693079489E319B549E5889A0624B4
:1010500016B6049255E61A189243006E089310F1E2
:1010600064C050F144A0A92A141069A1D42BF94DF1
:10107000035D9F605AEC012AE5E81A1CA4F312EC08
:101080008099A199C2671A1CC8CCE36740D961D97D
:10109000D41770F166A0FF4B70F166C050F158D8BC
:1010A00050F148D87864A0E8280200A0580700A0B2
:1010B000FA641C6730F1689840837B7278611A1873
:1010C0003A42016C0604006D1A1C29F1206E046A74
:1010D0009D6720F040C430F1689840830372086136
:1010E00030F1689840837D725B601A185F41106C24
:1010F0007D72F66031B370F186A0943491E30605F9
:10110000206E1A1C3FE70FD3006904D19167B167C5
:10111000D1671A186F44F1670ED2F0F149A070F14F
:1011200086A00F9394341822A744014D75E521DD64
:1011300022DD23DD24DD25DD91E329C40E941A1878
:101140004A430FD370F1A6A0B43506040F93B5E35C
:101150001A1C3FE7206E0A1091E306051A1C3FE7B0
:10116000206E0E9406051A189243006E0E9268A225
:10117000206A6DEA0E9348C31A183A42006C30F1A7
:10118000889840842C72AC611A183A42016C06921D
:10119000614243EB5867079489E206D307D29B1755
:1011A0001A183A42016C30F1889870F188D8016AB7
:1011B00070F140D87A64A0E8280200A00EF0FF6425
:1011C0003C675D6780F048A217D2006AF0F149C120
:1011D00007254C9D10F168996EEA0222006A1FD221
:1011E00050F1BC9925250E041A1C3FE7206E006AB9
:1011F000A26711ED48340E0391E3839C0424014A55
:101200000572F661056D70F1C6A1D436CCB259E60F
:10121000006A5DE511EF483491E6839C1224024F89
:10122000E8377D67FDE38FDF014A0572F26109103F
:1012300070F146A154320E04C1B555E51A1C3FE7C2
:10124000206EBFB02093006C1D2B1A183A42006527
:1012500030F1689940832A72096170F146A15432D5
:1012600049E089A2014C89C2016CEF1750F19899AD
:101270001E9350F178D91A18AC4618D41FD218947E
:1012800050F198D970F146A1543249E088A20F6A12
:101290008CEAF44A11EA035A70F14099076B6EEA3E
:1012A00003220261086C2110179491EC006A076018
:1012B00030F1689940837B6B6EEA015A58678DEA7A
:1012C00011EA17D21F9207229AAA30F154A143ECD7
:1012D0000260006A1FD21F92E0F0112A1F041A1840
:1012E00059CC406D1F94042C1D6C1A185F41006589
:1012F00070F1A6A1B435B5E01A1C3FE7206E1F922D
:1013000070F1A6A1B435B5E0609D68DA809DA19D1D
:10131000ADEC006D022410F1BCA120F0A4C210F1CC
:1013200068996CDA30F194A19ACAA9A285B4042D07
:10133000C8A20F6DCCEDB1E480A48ADA1E936EDAF8
:101340008267C7420D4EA39C07256A9AB8EB12ED3F
:10135000AADA044CCAECF761006C006D80DAA1DAFD
:101360001F94006A4BDC48A41793582330F16C9902
:101370006FDC30F18CD90C7204611A182C440065B2
:101380001710F34A025A14601A183A42006C30F1EE
:10139000489980827B740C611F931A186D4A4BDB4D
:1013A00030F16899FFF75F837D720260106C9D17C2
:1013B00050F17C9916D31F9250F15CD90E04A267AC
:1013C0001A1C3FE7206E006C1A183A42006530F193
:1013D000689940833B720461169350F17CD9671081
:1013E0000372FA6070F186A1943491E00E051A1C24
:1013F0003FE7206E006A04D21E941F95C2671A1838
:101400006F44E2671A183A42006C30F168994083E1
:101410003B72E2602C72016CD760671750F17099D3
:101420006FDC50F190D90C720361046A48C4141047
:10143000A9A4122DF34A025A0F600E051A1C3FE7A9
:10144000206E1F92C8A20D6B6EEE50F19C99A267A0
:10145000015E1A18E04CD8671F94AA9C0925439C8A
:1014600007221A1859CC2C4C1F934B9B3FF71C2278
:101470001A183A42006C30F1489980823D74176125
:10148000014A30F148D90604006D1A1C29F1206E7A
:10149000D0F15C9906221F9406051A18E14A006EE5
:1014A00003101A186D4A0065016AF0F149C12193D1
:1014B000372325B425B51A1C3FE7146E1610488251
:1014C000005211601A183A42006C2193292330F11E
:1014D000489980823D740961014A30F148D91A184F
:1014E0006D4A006502101F6C00171A183A42006C12
:1014F00030F14899E0822C6B6EEF122F014A30F1E7
:1015000048D970F146A1543241E090670E05206E33
:101510001A1C3FE718D71897E9C0006B20D3911623
:1015200009B2006C80DA81DA82DA83DA84DA016A5D
:1015300070F140D91F927F64A0E80065280200A0E6
:10154000E80600A060D800A0C4D800A010F0FD6498
:101550003C67046730F154A1814230F194C10A5ACA
:10156000246C176050F16C9931D350F10CD930F1E3
:1015700068992FD320F044A0689849E330F148D906
:101580001A183A42006C30F168994083287204605E
:101590000D6C1A185F4100651A183A42016C30F15F
:1015A000609932D310F1689933D330F1489910F132
:1015B00048D920F045A080F01622006B2ED320F0F1
:1015C00045A02E9343EB27601A18AC46006550F1F6
:1015D0005CD970F14099086B6EEA0222066CD9174B
:1015E00004D2006CA467C4671A186F44E46720F043
:1015F00085A0FF4C2E9382EB1E60006C1A183A42B5
:1016000034D230F18899A0842C7534921261014C47
:1016100030F188D9101020F046A056222F9330F1D7
:1016200060D91A183A42006C30F1489980822C74C3
:1016300032600C6CAE1730F1689930D32F9330F1D3
:1016400068D92E930D23006C1A183A4234D230F127
:101650008899A0842C753492EC61014C30F188D9C2
:101660002E936C34060391E340DC20F064A264C442
:10167000006C20F084C2826745B51A189243016E4F
:1016800030F168992FD3309230F148D92E92014A27
:1016900011EA2ED29417014A30F148D91A18AC46F3
:1016A000006530F148992F9330F168D91A18B67651
:1016B00034D230F168992FD3808329743492026038
:1016C0000E6C671730F148D9006A20F085A083EAD4
:1016D00022604C34060391E3A09C84A420F084C5CE
:1016E000014A11EAF2171A18AC46006570F14099E8
:1016F00008720D6170F146A1543226B449E488A203
:101700000F6A8CEA042A30F1689970F168D970F197
:10171000489930F148D92F93014B2FD31A183A42E8
:10172000006C30F148990082296B6EE8C928014AA3
:1017300030F148D91A18C54B006C10F18899006D2A
:101740001A180041C56750F154A10A2A50F14C996A
:10175000A8A20F6CACEC022C49A20422076C19174A
:1017600050F114C1329330F160D9339310F168D93C
:10177000319350F16CD930F154A1FF4A30F154C18A
:101780002F9230F148D910F07D64A0E8380700A00E
:10179000280200A0F7641C67D0F176A0235B0261E9
:1017A000236C3D1024674567032D1A18AC4600656D
:1017B000B167006C08D21A183A4206D570F16098E9
:1017C000089206955B2B30F168984083286C8EEA6E
:1017D00060F1092A014B30F168D8D0F176A0014BB5
:1017E000D0F176C010F16DA0014B10F16DC0F0F199
:1017F00058D8006C1A18E545A467D0F156A0FF4AE6
:10180000D0F156C010F16DA0FF4B11EB10F16DC07F
:1018100030F188984084296DAEEA04220E6C1A18C3
:101820005F410065014C30F188D870F184888EEBFF
:1018300020F1192370F166A0014B11EB70F166C025
:10184000235BAE6074339AB46DE449C310F144C0B5
:101850001A18AC46006570F166A0FF4B70F166C0C7
:1018600070F1C098175E0261096DA31770F1689856
:1018700080832974F96030F168D81511017300F183
:1018800012608F45165C0460175B0260016CC7171D
:10189000185BA0F0046143730461F0F19898062C82
:1018A0002A1042730561F0F1D8982526144A1710C2
:1018B000175C1561377302613C6B03102C73056173
:1018C0003D6B70F160D8144A1610367302613E6B9E
:1018D000F817357302613F6BF4173A730C608C8212
:1018E000C29A91E6FFF79F843D749867015CD867C0
:1018F0006DE663E96160D0F176A0014BD0F176C06E
:10190000F0F17898819ABC4C025C3E6110F1C4A061
:1019100010F1D4C050F1989804D4006C50F198D8CC
:1019200050F1A89805D550F188D870F1A6A0014DC6
:1019300011ED70F1A6C0235D3FF71260B4355CB7BE
:10194000B5E789C510F184C070F18098006D08D2A8
:1019500006D31A18E54507D6079610F1C4C00496B9
:1019600050F1D8D8059650F1C8D8F0F19898F0F118
:1019700090D80693F0F178D80892449AC0EAF0F132
:10198000B098F0F1B8D80D10F0F170D8449AC0EAD0
:10199000F0F198981A184A43006530F1C89870F130
:1019A000C8D8D0F156A0FF4AD0F156C070F1409887
:1019B00001727960006D0A10D0F156A0072270F113
:1019C000689830F168D870F1A0D86D1070F18898DF
:1019D00030F188D85D2D026A70F140D85B108E43DB
:1019E000025C8E45FB4D0A60025C5FF70F61035D90
:1019F0005FF70C61006AF0F158D84C1007730F6163
:101A0000025C5FF70361035D5FF70061022A2C6CE3
:101A10000617F0F158D81A184A4382673B10056E32
:101A20006EEE0D2E025C3FF71161035D3FF70E6114
:101A3000EE22F0F1D8D81A18534582672B10066EA3
:101A4000CEEB3FF7032B025C3FF70061035D1FF70E
:101A50001D61DD22F0F178D830F164A0032B409AAB
:101A6000C0EA091070F186A0943411B291E2016AC3
:101A7000006B40DC61DC1A183A42006C30F1489887
:101A800060822973DFF60A61014A30F148D80210FA
:101A900070F1A0D870F1A098017505601A18AC46D5
:101AA00006D5069586167764A0E80065280200A092
:101AB000FD641C671A183A42006C30F1289870F1E6
:101AC00028D8608103730A61006A70F140D82265EA
:101AD00002B200EA416700652B28019D3B730A6151
:101AE000014930F128D8016A226502B200EA416753
:101AF000B323019DC36711EE4846D84A0A5A20F223
:101B00001160026A70F140D870F186A021F504B22C
:101B10009436CDE2206DA8C360813073A0F01161CE
:101B20006181216A4BEA6CEA58724861024930F1DE
:101B300028D8006B43671069FF4911E9FF712360E2
:101B400030F1A89880A5A844D84D0A5D136000F72D
:101B5000623550324DED7033906730F1084C14D33C
:101B60001A186A4212D514936DE243EB5867129526
:101B7000A9E2E217216DABEDACECBF4C065CE7616E
:101B80000229036C1D1270F186A09435A1F404B6ED
:101B9000B5E660DD1A187A4241DD70F166A0743353
:101BA00081F410B26DE288A3106A8DEA48C3006A1E
:101BB000226502B200EA41672B28019DD04B11EB50
:101BC0000A5B2660414130F148D841813852D960E2
:101BD000006AA267156BFF4B11EBFF733F6030F19A
:101BE000E89820A7D04911E90859376040F74231F9
:101BF000AC35ADE94C35414730F148D84087D04A43
:101C0000C0F7433749E5A3EAB867E5E135E5E317EF
:101C100042723261024930F128D8006AA267406BF3
:101C2000FF4B11EBFF731A6030F1E89820A7D04901
:101C300011E902591260C0F74231A435ADE94435CB
:101C4000414730F148D84087D04AC0F7433749E58B
:101C5000A3EAB867E5E135E5E3179323C1F314B3CD
:101C6000D9E340DE1A187A42A1DE70F166A074331F
:101C7000C1F300B46DE4971744720361024930F177
:101C800028D830F1A89840A5D04A11EA0A5A7FF71F
:101C90001860016E10D6006A09D204D2A1F31CB4F8
:101CA00005D4A1F31CB307D308D40AD30DD40ED3A3
:101CB000226706D23C6D0FD50F92FF4A11EA0FD270
:101CC000FF72C0F0036030F188980BD44084037237
:101CD00080F00460C842D84E0CD6666711EB0A5BF0
:101CE00061600992252A0493112B0A6A069498EAE6
:101CF00012EC39EA12EA10EB71E4C0F7C33345E69F
:101D000043E958676DE46DE206D347101A1CA4F34B
:101D10000C9408940A95C2671A1CA8D8E3670D941E
:101D20000E95C2671A1CC8CCE3670DD20ED32B10D8
:101D30000492182A059421F30CB621F30CB71A1C4F
:101D4000A8D807950C9412D21A1CA4F313D3129698
:101D500013978667A767C2671A1CC8CCE36705D2CA
:101D600007D31B101A1CA4F30C9408940A95C2679D
:101D70001A1CA8D8E36705940795C2671A1CC8CC3B
:101D8000E36705D207D30894E1F200B6E1F200B7A9
:101D90001A1CA8D80A9508D20AD30B92014A30F12E
:101DA00048D88A172E7215610493FFF60A2B0994FE
:101DB000062C91671A1802F806950DD20ED30B92D5
:101DC000014A30F148D8016D04D5A1F200B608D619
:101DD0003910216B6BEB6CEA457203600F94362C63
:101DE000D0160995DFF60D2D0496062E91671A1868
:101DF00002F806950DD20ED30B92014A30F148D865
:101E00000B9341832D7202602B720D610B92024A7B
:101E100030F148D80B9441842D720A60016D09D5C8
:101E2000006E04D64917016A09D2006B04D3441727
:101E3000016C8BEC10D4016D09D5006E04D621F233
:101E40000CB208D221F208B30AD3361704920995CE
:101E5000ADEA0E2A30F1C89860A6DD4A6CEA91EA34
:101E600044724B6191671A1802F806950DD20ED391
:101E70001A1CA4F3109405940795C2671A1CA8D8DD
:101E8000E367E1F100B4E1F100B5C2671A1820EF91
:101E9000E36770F186A0943404D481F118B585E528
:101EA0000D940E95C2671A1CA8D8E36740D961D972
:101EB00030F1489880A2216B6BEB8CEB91EB4C736B
:101EC0000661014A30F148D868A1096A07104473D5
:101ED0000861014A30F148D868A1086A6DEA48C132
:101EE000661646730361014A30F148D841F104B6E1
:101EF00004924DE688A3076A5816059441F11CB672
:101F000041F11CB71A1C83EA079520221A1CA4F37E
:101F1000109405940795C2671A1CA8D8E36741F18D
:101F200004B441F104B5C2671A1820EFE367826771
:101F30001A18D8F6A36738EB12EC069358EB12EB9D
:101F400071E439EA10EB12E969E406D270F186A077
:101F50009432E1F000B549E520DA06961A187A4283
:101F6000C1DA2516276A6EEA322A026B70F160D850
:101F700070F1A6A0B435A1F01CB3B5E3226B68C51F
:101F800049C5414130F148D8418122720C609067C7
:101F900030F1084C1A18964212D5129540DDC0F760
:101FA000433241DD0710226A006B40DD61DD0249EA
:101FB00030F128D830F14898608227730460046CAF
:101FC0001A185F410065014A30F148D8F015226CBB
:101FD0006EEC352C036A70F140D810F198D870F18E
:101FE00046A0543241F00CB349E3226B68C2016B46
:101FF00069C2014930F128D820DA81DA906730F1DE
:10200000084C1A1896420065062210F15898014AA9
:1020100010F158D8F3171A183A42006C30F148986A
:10202000614230F168D860822273E86030F148D8AC
:10203000408203720260BFF51A2A0B6CC117E0F7E9
:1020400018B4A36714D31A1860F612D61493129614
:102050004722176A70F140D86081286A4EEB222B24
:10206000414130F148D81A18AC4614D370F1409869
:10207000086C8EEA1493122A006C1A183A4212D293
:1020800030F1689880832974129205613A6A70F180
:1020900040D82367051070F140D8021070F160D865
:1020A00030F128D870F1A0989FF5012530F1E8981B
:1020B00080F708B16C8160F110238767A299C3672C
:1020C00014D31A184BF613D71493139702221449FA
:1020D000F117C19970F1C0D86DE730F168D88D1350
:1020E000216A4BEA4CEEBF4E1A5E03615F73FFF448
:1020F0000B61906710F11C4C1A18DF42006504D286
:1021000030F1289840813A7210F17CA005D3096122
:1021100007730A61049420F708B51A184BF6076E86
:10212000032A20F700B12510046A70F140D8014954
:1021300030F128D870F146A05432E0F618B349E3E4
:10214000049360DA006B61DA50F120983FF50F21BB
:1021500044A105936EEA02222399F8170494A099EA
:102160001A184BF6C367F82A48130593CAEB0660A2
:102170001449CC81FA2EC0F610B30D1082991A18AA
:102180004BF60495F52A819970F180D836130595A0
:10219000CAED0460144BCC83FA2E1411829B049573
:1021A0001A184BF614D31493F52AC19B07D670F175
:1021B00086A0943460F61CB191E1006D1A1C29F1DF
:1021C000206E006A04D21493619B0573146020731F
:1021D00070F186A05867092A9435B5E1C8A5206A30
:1021E000CCEA0322406ACDEA48C5943491E148A480
:1021F0006DEA48C404100492014A11EA04D21A1884
:102200003A42006C30F1689805D320F61CB3EC8399
:1022100015270594A29BC76714D31A184BF613D73A
:10222000149313970222144BF2170594E9E44082A9
:1022300020720460D74A11EA025AF5600595E9E573
:1022400030F148D8C12F00F604B2E0DAE1DAE2DA80
:10225000E3DAE4DA006C1A183A4212D230F1C89884
:1022600060865B73746170F1689806D310F1C4A046
:1022700008D610F17CA00AD31A183A42016C1292C7
:1022800005D230F1489860825D730B6170F166A0F1
:1022900074336DE189A3014C89C3014A30F148D8F8
:1022A0004D1070F146A0014A11EA70F146C0235A60
:1022B0000261236C8516543249E1006B69C210F14A
:1022C00064C0006C1A18E545A467006AF0F158D89C
:1022D00070F146A054336DE1A8A30F6CACECFF4C39
:1022E000065C046169A3022B276C6A16FF4A11EA97
:1022F00070F146C0014A543249E1409A059640DEE9
:102300001A183A42006C30F1689840835D7202609E
:10231000126C56161A183A42016C30F188984084B3
:102320005B720C611A183A42016C0596044E05D690
:1023300000F51CB24AEEA561296C42160A9310F111
:102340007CC0089610F1C4C0069270F148D870F1B4
:1023500046A030F1689880832A740961014B30F1FE
:1023600068D854336DE189A3014C89C3F2170493F3
:10237000543245E1142348A10F6B4CEB0B6C4CEC31
:10238000072C0493044BF04C8CEA4DEB68C1101001
:1023900008730361049349E30A10016C111668A1E4
:1023A0000F6A6CEA052A07940324046A6DEA48C19F
:1023B000086A70F140D8226502B200EA4167006500
:1023C000AF1B019D30F16C9810F1E89830F1B4A08A
:1023D00007D50069222320F044A30595AEEA1B2A05
:1023E0000494A89B059614D31A184BF613D714938C
:1023F0001397112A012923674C9BEAEA04619AABDF
:102400000796CEEC0C248C9983EA05619AAB5AA905
:1024100043EC016123676F9BDD170229BE10236720
:1024200020F408B4A741054D1A1C3FE7146E70F163
:1024300086A048A1FFB3943491E348C4006A49C41C
:1024400010F144C0006A055A156110F144C01A1811
:102450003A42006C30F1A89840855B7280F00761C9
:1024600070F1689804D310F164A005D310F17CA03A
:1024700007D34E10A14211ED4833F4B46DE4609BD4
:10248000E4234567E01770F146A0014A11EA70F1B4
:1024900046C0235A1FF70D605432E6B549E5006B7C
:1024A00069C210F164C0006C1A18E545A467006A9F
:1024B000F0F158D870F146A05433DEB66DE6A8A30B
:1024C0000F6CACECFF4C065C3C60FF4A11EA70F10B
:1024D00046C010F164A0814310F184C06833DBB4BE
:1024E0006DE4014A5432D3B449E4409A40DB1A18EF
:1024F0003A42006C30F1A89840855D721FF7086180
:102500001A183A42016C30F1C89840865B721C611F
:102510001A183A42016C10F144A0055A1FF70C60DA
:1025200030F1489860825D73AE6170F166A07433DB
:10253000C0B46DE489A3014C89C3014A30F148D885
:10254000031069A3C22BD01670F186A09434B9B2DF
:1025500091E20C4CBDB51A1C3FE7146E079310F1C5
:102560007CC0059310F164C0049370F168D81A1808
:102570003A42006C70F186A030F1489860822A736C
:102580000A61014A30F148D89432AAB549E569A2F6
:10259000014B69C2F117086A2E11A6B270F186A02C
:1025A000943491E20496C0DC21DC006C12D21A183B
:1025B0003A4214D330F1889805D480842874149357
:1025C00019610592014A30F148D810F1309810F1A4
:1025D000FCA000F1142148A1EEEA02222499F91787
:1025E0000494A199C7671A184BF613D71397F62AC4
:1025F000066A011195B7A09F182596B4A767146EB7
:102600001A1C3FE713D770F186A0943489B691E67F
:102610000C4C1397A7671A1C3FE7146E139720DF23
:1026200021DF22DF23DF24DF0B1070F186A094343A
:10263000084C80B251E461DC62DC63DC64DC65DCA4
:10264000006A10F144C0059340835B6C8EEA80F011
:10265000172A70F1C89805D610F17CA007D350F165
:10266000389850F158D850F1C89806D650F148D84B
:102670001A183A42016C70F166A010F144A0055A94
:102680000C60A14211ED6C3451E4024C883469B6FF
:1026900091E6819C02244567F21710F144C010F1C5
:1026A00044A0055A5FF6086030F1689880835D7435
:1026B0000C6170F146A054325EB449E489A2014C29
:1026C00089C2014B30F168D8501070F166A0014BFF
:1026D00011EB70F166C0235BFFF50B60743355B5E9
:1026E0006DE5006C89C310F184C0006CA4671A18F2
:1026F000E54512D2006BF0F178D8129210F144C087
:1027000070F166A074344BB691E6C8A40F6DCCEDA1
:10271000FF4D065D036189A4FFF50624FF4B11EB15
:1027200070F166C0814210F184C06C3449E4024A01
:10273000483240B449E4014B74336DE4609B61DA84
:102740001A183A42006C30F1A89840855D72DFF5A6
:102750001F611A183A42016C30F1C89840865B72CA
:1027600004611A183A42016C9A1750F138D806924F
:1027700050F148D8079310F17CC0059670F1C8D885
:1027800050F1309850F1789805D310F1FCA010F179
:10279000689807D330F174A006D3006B2721059207
:1027A0008E998EEA202A20F044A1EEEA1C2A049495
:1027B000A899C76714D31A184BF613D71493139715
:1027C000122A4C990795AAEA04619AA90696CEECBA
:1027D0000C24082307228C9B83EA05619AA95AAB33
:1027E00043EC016171672F99D9177167076A70F11E
:1027F00040D843671A1070F140D851671610056A27
:1028000070F140D830F13C98DFF1112120F044A163
:10281000EEEA02222B99F8170494A899C7671A18B0
:102820004BF613D71397F62AE8177D64A0E80065E6
:10283000280200A080E5019D08F6019D94E5019D18
:10284000FCF9019DC8F3019D60D800A074D800A0D8
:10285000C4D800A000650065000000000000000072
:1028600000000000000024409A9999999999B93F75
:1028700004F0F7641C67006FF0F1F0D8F0F1F8D8BD
:1028800070F186A094344AB191E1A767206E1A1CBA
:1028900029F108D7089710F1E4C01A18AC46006572
:1028A00070F18098016D8EED052D50F1B8D850F182
:1028B000A8D87A100874306150F15CD81A18AC4668
:1028C000006522671A183A42006C70F14098057250
:1028D000116120F044A104720961889935B51A1874
:1028E0004BF6046E032A1A18534591672A9930F162
:1028F00028D854100772056030F1489840827B72E6
:102900000961006A04D20E94B167016E1A186F440F
:10291000E6674A10086C091004742E610922629A55
:1029200010F148986EEA402A206C1A185F41006541
:1029300006D206041A1859CC106D06921D6CF522A9
:1029400070F186A0943491E1809C80DA069270F157
:1029500086A094348DE1809B619B6DEC006B02241A
:1029600010F17CA064C210F1689862DA50F16098AE
:1029700063DA50F140D81810F64C0D5C0460449AAC
:102980001322C0EA11100522006C1A18E545A2674F
:102990000B1030F1689840837D720461016A70F118
:1029A00040D80210016CC1177764A0E8280200A08B
:1029B0009CE5019DF4641C671A183A42006C30F1E2
:1029C000289891675AB51A1C47F2036E60811F2A36
:1029D00004231E5305617C730360438128721761D1
:1029E0001A183A42036C30F14898014A30F148D83D
:1029F0001A18B676006530F1489860822973036131
:102A0000014A30F148D81A186D4A00657A107B7374
:102A1000026001694710014930F128D8016930F19D
:102A20006898408303727B607D720661FF4969216B
:102A3000014B30F168D8F3177B720561014B30F11F
:102A400068D80149EC172272026027721C6139B400
:102A500070F166A07435B5E4006A49C510F144C050
:102A6000014B11EB70F166C0235B0261236C5810BF
:102A7000743371E41A18AC4649C470F146A0FF4A99
:102A800070F146C0CC171A183A42016CC8173B7255
:102A900038603A72486029720B61FF493221014B5C
:102AA00030F168D830F1689840830372F0612910E2
:102AB00028720561014B30F168D80149F317227281
:102AC000026027721A6170F166A01AB47435B5E419
:102AD000006A49C510F144C0014B11EB70F166C0AA
:102AE000235BC460743371E41A18AC4649C470F1B6
:102AF00046A0FF4A70F146C0D5171A183A42016C39
:102B0000D11730F1489870F148D8608203730360A0
:102B1000014A30F148D8016A70F140D80410106CB5
:102B20001A185F4100657464A0E80065A4E5019D82
:102B3000280200A0F4641C67246770F146A0543298
:102B400010B451E4006D1A1C29F1206E006C1A18A3
:102B5000E545A467006AF0F158D850F158D850F113
:102B600048D830F1489860822C7305610429014AE5
:102B700030F148D8E2171A18E34300657464A0E8FE
:102B8000280200A00CF0FA641C672467C83207D240
:102B90004DE408D3839B1E241A183A42006C30F18E
:102BA000A89840857B7213604B99042287411A18BC
:102BB00041CC254C1A18CD4A016C70F146A0543214
:102BC0006FB349E3809AA19A80D9A1D9D5101A1878
:102BD0003A42016C15930795ADE307D3006A43DBD6
:102BE0000793439B1693272B262A1692034A4832B3
:102BF00049E1419A27221696014E11EE466762423C
:102C0000683315946DE4006C81DB014A11EA0572AA
:102C1000F66191671A18E14A15951A183A42006C44
:102C200030F1489860822C730260006A9E10014A5D
:102C300030F148D893100893639B62EAF6601693CC
:102C4000045BD3611A183A42006C30F148986082F4
:102C5000226DAEEB0723916715951A189243016E0A
:102C6000006A691089A1025C02612D6C1910BC67B1
:102C700030F1084D06D5392405D2016C1A18CD4A19
:102C80000ED3059230F148D80E9305D3050410F108
:102C9000B8981A1859CC014D0E930594042C1D6C4C
:102CA0001A185F41006504D304041A1859CC086D42
:102CB0000492F522F0F1AC98A1DAF0F14CD805932A
:102CC00060DA05948BD910F15898014A4AD930F14D
:102CD0004898014A30F148D81A189642069405934C
:102CE000814305D440C3F82A261070F1A6A024B36E
:102CF000B435B5E3026EC8C589C5014A30F148D87C
:102D00001A189642069470F166A074331CB56DE5EE
:102D100040DBC0F7433481DB91671595006E1A18CC
:102D200092430ED20793639B0AD3014B079463DC53
:102D30000E92E62A016A006C1A183A420ED20E92DE
:102D4000132A30F1A89840852C727FF70E61089302
:102D5000639B7FF70A231A183A42016C0793639B1F
:102D60004367014A07933B17016A0894639C042355
:102D7000032A1A183A42016C7A64A0E8280200A0DB
:102D800004F0FA641C67E56726670404006D206E92
:102D90001A1C29F10ED70E975D67F8C239C21A18AE
:102DA0003A42006C30F1689820831A18CD4A016CC1
:102DB000226A2EEA37B15A2A10F18CA0014C11EC8C
:102DC000045C036010F18CC0021010F14CC010F1D3
:102DD0008CA0883430B691E61A1841CC0DD610F18B
:102DE0008CA088340D9691E610F1B8981A1859CC39
:102DF000014D10F14CA048320D9649E6E09A032FA0
:102E00001A185F411D6C30F168980CD370F146A020
:102E1000543249E1409A30F148D8A767906730F1C1
:102E2000084C0DD51A1896420ED50D9540C5014D8A
:102E3000F52A006C1A183A420DD230F18898A14454
:102E400030F1A8D8808422740D920E97E66070F15C
:102E500086A0943491E110F1ACA0A8350EB3B5E38F
:102E6000A09DA0DC41DC0C9330F168D870F1A6A0E5
:102E7000B435B5E11493AAEB046083671A1C3FE7ED
:102E8000206E14941A18B74104057A64A0E800650E
:102E9000280200A0C00900A0F6641A183D533C6740
:102EA000F0F1849983EA4FE401618FE2F0F144D9B3
:102EB00017B018B6A1981E2540981C2282981A2493
:102EC000E26743EB0160E367EBE240D8132AA0D846
:102ED00070F1409930F1A89905D204D306D51A189B
:102EE000534507D6069530F1A8D9059270F140D91F
:102EF000079604930C48CAE8DD6130F1109904206C
:102F00004098C0EA0198FB177664A0E8880600A004
:102F1000C40600A004F0F5641A18A2411C671A1830
:102F2000A64B00651A183A42006C30F1889860840C
:102F30003B730761016B70F160D8014C30F188D8A8
:102F400098107D6A4EEB80F00F2330F188986084F2
:102F5000237307611A18984C00651A183A42006CDE
:102F6000F417037380F005607B7344B16B61014C0F
:102F700030F188D810F1489804D210F188D83FB3C6
:102F8000A0990F2510F18898429B4EEC0424F0F193
:102F900068A01B23291030F1A8D880DB81DB82DBFD
:102FA00083DB1A18C54B0A941A183A42006C30F1A8
:102FB000489860820373EB607D73E960F0F168A06C
:102FC000E62B50F174A0DB23E21730F16898808380
:102FD0007D74056050F194A0022C106C3E1081436A
:102FE00030F188D870F168D810F18898006D1A18FF
:102FF0000041C567049210F148D83B1010F1889841
:10300000429B4EEC232C30F1A8D880DB81DB82DBA5
:1030100083DB30F1689880832C740361014B30F1BD
:1030200068D81A181C4A0A941A18A64B00651A1870
:103030003A42006C30F1489860822C73076150F17D
:1030400074A0042B0DB3A099D92DE31770F140980B
:1030500001720660096C01101C6C1A185F41006552
:103060001A18E3430065051030F194A0F52470F1BF
:1030700060D87564A0E8006500D900A004F0F96488
:103080001C67219C429C09D250F1709806D306938C
:1030900017231294A09C85670CD31A1C99E70BD5B3
:1030A0000C9320F084A34EEC0B9502246F9BEE173B
:1030B0008567A89B1A184BF6C2670C93F72AC410B1
:1030C00070F1E6A0F43762B25DE78767006D206EAD
:1030D0000CD31A1C29F10BD71292409A0B9740DFA0
:1030E0000C9361DF226A48C71292809A1A1C99E7F2
:1030F0000CD310F15CC0076A70F140D80C9350F10A
:103100007CD804D3006CA467016E1A186F44E4677E
:10311000672120F044A1642250F1509806D2069312
:103120001723A89985670CD31A1C99E70BD50C9324
:1031300020F084A34EEC0B9503246F9B06D3EF176E
:103140008567A89B1A184BF6C2670C93F62A2F10B6
:1031500006041A1859CC406D06944524006D1A1CBB
:1031600029F1406E0694B1671A1C3FE7206E069461
:10317000B1671A1C3FE7086E069308D320F044A1FC
:1031800020F044C36899089468DC836731B51A1C41
:10319000CEEA0CD30C934E222FB51A1CCEEA8367CD
:1031A0004922069250F170986FDA50F150D82849B0
:1031B000AF1748A31B22006A07D207041A1859CC7C
:1031C000146D0794102409951A1C3FE7146E07929A
:1031D00010F1909884DA10F150D80992144A09D26B
:1031E0000993E72B03101A185F411D6C1294439C3E
:1031F0001C2260821A2330F1289870F148D830F1EF
:1032000048D830F1689840830C2203720A603B7200
:1032100004611A183A42016CF4171A18C54B006C75
:10322000F01770F128D830F128D81294449C0C2261
:10323000C0EA0A1009B40AB5C4671A1C77CAE56760
:10324000089440DC61DCAD177964A0E8280200A096
:10325000A8E5019DACE5019D000000000000000014
:10326000FD641C6730F1889842B51A184BF6096E58
:10327000192A1A183A42096C30F168983EB1A0999F
:103280001C25856714D31A1C99E713D514938367FB
:103290001395C2671A184BF613D21493139706228C
:1032A0001449ED17316C1A185F410065EDE330F1F8
:1032B00068D81A181F4C91675810408322725361C6
:1032C0002EB4226D1A18604B016ED0F15C984D2A15
:1032D0002AB2409A12D20404A2671A181E5F016E25
:1032E000402A10D21004086D1A1859CC13D2109429
:1032F0001396042C1A188A6004043310F0F16C98A9
:1033000061DCF0F18CD80791C0DC10941A1859CC0C
:10331000A4411092A09AEE250404D1671A188C5F7C
:103320000F07E82A0F9565672EEBE42B04041A18A3
:103330008A6013D51093809B1395B1E410B51A1CC5
:1033400045E5006530F14898129330F168D8006C7B
:103350001A18C54B13D2139270F148D830F148D8DF
:103360000410366CA017326C9E177D64A0E80065CF
:10337000B0E5019DECF1019DC80600A0BCE5019DF2
:103380000CF0F6643C67056730F1A8990C9328238C
:103390004B9B30F148D950F1D89950F118D970F1C0
:1033A00046A1014A11EA70F146C1235A0261236C19
:1033B000541054322FB449E4006C89C210F184C116
:1033C000906706D51A18C54B05D670F146A1FF4A7D
:1033D00070F146C1059650F1D8D9069530F1A8D9BB
:1033E00050F1B0991A254E9D0EEA152A8740254CBA
:1033F0001A1841CC06D5006A06950E9301234A9807
:103400004BDD4A988A9D0E93022389E2031083EADA
:10341000016044674AD8AF9DE5175067A7400D4D3E
:10342000839A07246A9898EB12EC8AD8044AAAEA8D
:10343000F7618740254C1A1859CCAA981A183A42B5
:10344000006C30F1489980823B740A602C74016CE6
:1034500004611A183A42006597171A185F4100650F
:1034600070F148D9016A70F140D97664A0E800652E
:10347000280200A004F0ED6440F418B41A1CDFF335
:1034800000650522005220F20060014A1E121A92C5
:1034900000F21A224082037200F216607C67B0F1DB
:1034A0004CAB016B4CEB0623036B6BEB6CEA7C675C
:1034B000B0F14CCB20F400B2006802DA03DA046BFE
:1034C00060C2016C81C282C2026C83C264C265C2E6
:1034D000086C86C267C288C289C26CC26BC26FC2E6
:1034E000FEB4B0671A1C29F1206EFDB460F4006EC2
:1034F0001A1C29F1B067FBB200DA01DA02DA03DA4A
:1035000004DAF9B200DA01DA02DA03DAF7B480F1A8
:10351000106E1A1C29F1B0675C6750F104C21A934F
:10352000F0F174DA30F168DAD0F11CDAF0F10CDA8B
:1035300050F110DA30F10CDA30F11CDA10F110DA57
:1035400050F100DA30F110DA70F106C2D0F116C293
:1035500010F10DC2016A4BEA7C6770F144CB70F147
:1035600000DB10F108DB50F10CDB50F114C330F13B
:1035700014C310F10CC310F104C330F100DB50F19F
:1035800018DB50F108DB30F104C3F0F104DBD0F1BB
:1035900014C3F0F108C3D6B4B0671A1C29F1286E21
:1035A0005C67D0F118C2D3B4B0671A1C29F1286E39
:1035B0007C67D0F117C3D0B4B0671A1C29F1786EBC
:1035C0005C67F0F100C2CDB4B0671A1C29F1506EEF
:1035D0007C67D0F115C3F0F110DBF0F118DB10F2CD
:1035E00014DB5C6730F1489A15D24082037209609F
:1035F0001A183A42006C5C6730F1689A4083037293
:103600001F61006CA4671A180041016EB4B460F425
:10361000006E1A1C29F1006D006A7C6750F144C3EA
:1036200070F146C3D0F156C310F14DC330F1489B41
:10363000D0F15CDBF0F1749B5C6730F168DA331138
:103640008842CE4C11EC025C0560014B5C6730F1A6
:1036500068DAC717237204611A18984C0065C117FD
:103660001A18AC4600657C6770F1409B0872E0F068
:1036700013611A18AC46006502671A183A42006CCA
:103680007C6770F1409B0572A0F01A6105204880AC
:10369000005202611E6C0910006A06D206041A1854
:1036A00059CC306D0694042C1D6C1A185F410065CE
:1036B0005C6770F1A6A2B43589B0B5E01A1C3FE78B
:1036C000206E06927C6770F186A3943491E0609C32
:1036D00068DA609C819C8DEB006C03237C6710F1A1
:1036E0009CA320F084C27C6730F17C9B6BDA7C6702
:1036F00030F15CDB5C6730F1489A0ED24082037295
:103700006A6029726860069220F065A2014B11EB95
:1037100020F065C2155B02612A6CC7171A183A427D
:10372000006C5C6730F1489A0BD24082297253607A
:103730001A18AC4600657C6770F1409B19720D61E8
:10374000069220F065A2FF4B20F065C2016B20F0CD
:1037500066C21A183A42006C3E1008720260066C8B
:10376000A417069320F045A3017219617C6770F1DC
:1037700046A354325AB349E368A2112B49A20F2A37
:103780001A183A42006C5C6730F1489A0CD24082B9
:1037900029720561006A069320F045C31C101A18AF
:1037A000AC4600655C6770F1409A07720260086C75
:1037B0007C171A183A42006C7C6730F1489B608293
:1037C000297309602C730260016C6F17014A7C67D2
:1037D00030F148DB8F177C6730F1489B608229739A
:1037E00002600E6C6217014A7C6730F148DB1A18E0
:1037F0006D4A00655C6730F1489A06934ADBF11622
:1038000007720E605C6730F1489A10D240827B727A
:1038100007607C6730F1689B408303720A61141073
:10382000006A04D28267B067016E1A186F44E667B7
:10383000D8161A186D4A00655C6730F1489A12D2A2
:10384000FFF75F823B72E5617C6730F1489B6082E5
:103850000373BA60FF4A2010067209615C6730F199
:10386000489A13D2FF4A7C6730F148DB03101A18DC
:103870003A42006C7C6730F1489B608228730F618C
:10388000014A7C6730F148DB1A18B67600655C6740
:1038900030F1489A14D2014A7C6730F148DB1A189B
:1038A0006D4A00659E167C6730F1689B4083037209
:1038B00004601A18C54B006CF6170BB2409A02222E
:1038C000346CF316006CF116006A6D64A0E80065B4
:1038D000000900A0E80600A0380700A0280200A008
:1038E00060D800A000D900A0580700A038D800A0D8
:1038F000D8D800A0C0D700A074D800A0006500658B
:103900005C67D0F184DAD0F1649AFD2BA0E8006501
:10391000A0E8006510B3409B00F3006DADEA40DB0A
:103920000EB3409BADEA40DB0DB3409BFFF11F4D52
:10393000ACEA40DB01540BB207619AEA012CE5E8DE
:1039400012ED7C6730F0A8DB9AEA012CE5E820E86C
:1039500012EA0065506188BF306188BF106188BF7E
:1039600040420F00E364E0F3086A58EC12EBBFF545
:10397000084B286A5BEB012AE5E812E81A1C32FBC7
:10398000006C1A1C30FB006503EAFB616364A0E86D
:10399000F5642FB3409B00F3006C8DEA40DB2DB043
:1039A0004098FF6B014B6DEA40D82BB2809AFFF52F
:1039B0001F4B6CEC80DA809A00F2006DADEC80DA7F
:1039C000226726B4A09C00F2006ECCED5C6730F05C
:1039D000889A0A2DA098FF6A014A4EEDA0D81A18BD
:1039E000594E05D30593ED17A098FF6F014FEDEDEC
:1039F000A0D8A0996CEDA0D9A098CDEDA0D8C09981
:103A000000F2016DABEDACEEC0D905D31A18594EDA
:103A100004D580980495ACEC80D88099ACEC80D922
:103A20005C6730F0889A1A18594E006580980593A3
:103A30006CEC80D880996CEC80D95C6730F0889A07
:103A40001A18594E00657564A0E80065506188BF7A
:103A5000306188BF106188BF206188BFF6645C67F1
:103A60001EB1609900F2006C8DEB60D91CB06098BB
:103A700000F2016DABEDACEB60D86099FF6C014CCE
:103A80008DEB60D98098FF6B024B6BEB6CEC80D8B0
:103A900030F0889A06D205D31A18594E04D5809969
:103AA0000495ACEC80D98098ACEC80D8069230F0CC
:103AB000889A1A18594E0065809905936CEC80D944
:103AC00080986CEC80D8069230F0889A1A18594E7B
:103AD00000657664A0E80065306188BF106188BF2A
:103AE000F6645C671FB1809900F2016B6BEB6CECC4
:103AF00080D91DB080986CEC80D88099FF6E014E03
:103B0000CDEC80D98098FF6D024DABEDACEC80D848
:103B100030F0889A07D204D306D51A18594E05D624
:103B2000809900F2006FEDEC80D9809804936CECE2
:103B300080D8079230F0889A1A18594E006560991B
:103B40000596CDEB60D960980695ACEB60D80792EE
:103B500030F0889A1A18594E00657664A0E800651E
:103B6000306188BF106188BFF7643C67C467096A29
:103B700008D20892FF4A11EA08D231B331B0FF6D82
:103B8000024DABED30F048990A6508923422DE37D9
:103B900000F2016C8BEC0527E09B00F2006A4DEF10
:103BA0000210E09B8CEFE0DBE0988CEFE0D8C436AD
:103BB00011EEE09BFF6C014C8DEFE0DBE098ACEF89
:103BC000E0D8886705D306D51A18594E04D6059350
:103BD000809B0695ACEC80DB6098ACEB60D860987D
:103BE00000F2006C8DEB60D830F088991A18594EAD
:103BF00000650496BE17409BFF6C014C8DEA40DBCC
:103C00004098ACEA40D8886705D31A18594E06D5B3
:103C10000DB2409A0593809B0695ACEC80DB6098D2
:103C2000ACEB60D830F088991A18594E04D204923F
:103C300042324632016B776420E86CEA306188BF1B
:103C4000106188BF206188BF04F0F66435B3409BE3
:103C500000F2006C8DEA40DB096F00682367FF4FBC
:103C600011EF31B5FF6E024ECBEE7C6730F0489B12
:103C70002A27809DFF6B014B6DEC80DD8099CCEC99
:103C800080D9826705D506D61A18594E04D7043252
:103C9000026711E825B4809C00F2006A4CEC05959F
:103CA000069604970224016C8DE8809DCCEC80DDA3
:103CB0008099CCEC80D95C6730F0889A1A18594EFC
:103CC00004D70497CC1700F2016C8BEC0C93E09DA9
:103CD000042300F2006B6DEF01108CEFE0DDE09942
:103CE0008CEFE0D9E09DFF6C014C8DEFE0DDE099B9
:103CF000CCEFE0D9826705D51A18594E06D605953E
:103D0000809D0696CCEC80DD8099CCEC80D95C67F8
:103D100030F0889A1A18594E006550677664A0E80A
:103D2000106188BF306188BF206188BFF5640D6570
:103D30004DB5409D00F3006ECDEA40DD4BB140999A
:103D4000FF6D014DADEA40D949B04098FF6F024F79
:103D5000EBEFECEA40D8409900F2006DADEA40D9B3
:103D60004098FFF21F4ECCEA40D8656741B542B299
:103D70002F24C8672D2641B39BEB012CE5E812EBFD
:103D8000406C80DD006C3EB580DD3EB560DD10F03E
:103D9000006E3DB5C0DDE0F3086DBAEB012DE5E83E
:103DA00012EB014DC867BAEE012DE5E810EDB8EB56
:103DB00012EB36B560DD36B580DD10F0056D35B43B
:103DC000A0DCA0A2106C8BECACEC056DADEC14107B
:103DD00031B660DE31B3006C80DB80DD02F0006D57
:103DE000A0DE80DB2EB4A0DC10F0006D2DB4A0DCD2
:103DF000A0A2106C8BECACEC80C24099FF6C014C23
:103E00008DEA40D94098ECEA40D8409800F2006C26
:103E10008DEA40D824B2409A00F2006DACEADC672B
:103E200030F0889E0A2A4099FF6B014B6EEA40D918
:103E30001A18594E04D70497ED174099FF6B014BA0
:103E40006DEA40D94098ECEA40D84099ADEA40D9B3
:103E50004098FFF41F4B6CEA1A18594E40D875640D
:103E6000A0E80065506188BF306188BF106188BFDD
:103E7000000880BF4CFB80BF08AF2F00100880BF38
:103E8000200880BF080880BF203280BF103280BF6A
:103E9000003280BF641088BF681088BF341088BFAC
:103EA000043280BF206188BFC364A0F3116CE0F3CB
:103EB000086D1A184B4F00651A18404E646C006C60
:103EC0001A184B4FA4674364A0E80065F5643C678B
:103ED00064670524006C1A18768904D30493B0F142
:103EE0008CA9A06F8CEF106E46678CEA2A6530F0C3
:103EF00044991D27B0F0B9A1B0F018A10EED11ED55
:103F0000162530F044D9B0F058A111EA483231B545
:103F100049E5009A4B23B0F058A1014A11EAB0F0EC
:103F200058C1A05A4361006AB0F058C13F10A96758
:103F30003325D0F108A9B1E8A140252526B5D067E1
:103F4000ACEECEED022D25B5ACE825B5D067ACEED4
:103F5000CEED022D23B5ACE81FF7006D0CED1FF779
:103F6000007504611FF7016DABEDACE80F23A140B4
:103F70000B250EEA0922D0F148A9016DABEDD0F175
:103F8000A8C9B1EA0F10022350670C1030F044D9D1
:103F9000D0F108A9B1E80A10AC2B30F044D901687F
:103FA0000BE81210A140A52530F044D900F10058CB
:103FB0000B600A230CB249820EEA0622086A4CEC16
:103FC000032C1A18F9FA906750677564A0E8006529
:103FD000DCD900A0000000FFFFFFFF000000FF0091
:103FE000FFFF00FFF00900A0E3641C67B0F05098E9
:103FF0000B2A1A18B34F016CB0F050D8FF6B014B6D
:104000006BEB6CEAB0F054D8B0F05098052207B3CF
:104010004CEB032B4032FA17006A4033B0F070D8F3
:1040200000F643326364A0E8000000FFE3641C670D
:104030004467B0F18CA8016B8CEB4F23B0F168980A
:10404000B0F1A098B1E3A24210F278A829B6B0F17D
:10405000F4A00F25A1420E2DF437F9E6419E58EB4E
:1040600012EAFF4A61421323A09CAFEB60DC044CD0
:10407000F817006A015A5867016D4EEDF437F9E6FA
:10408000419E483278EAABED1A1C29F112EE70F12C
:10409000549870F190A8A6A264A26DE5A7A2ADE322
:1040A0007AEC012BE5E810EC026B7AEC012BE5E8E9
:1040B00012ECD0F18AC8D0F180A8C8A2A5A2B9E6B6
:1040C000A9A2A9E65AEC012AE5E810EA7AEA012B4E
:1040D000E5E812EA90F14EC809101A18F9FA0D6CC9
:1040E00064681A18F9FA0A6CFF48FB286364A0E8B0
:1040F00020EB00A0F6641C67646708F0006C7FB2D8
:1041000080DA00697EB720DF80DA20DF7DB220DA36
:104110007DB27AB440DC20DF7CB440DC7CB210F0AD
:10412000006FE0DA026C1A1807F907D31A18AEFA12
:10413000916770F12CD8016AD0F140C870F150C875
:10414000B067B0F1084D85671A1841CC06D5B0F1BB
:1041500028D81A18C3CB006590F154D8B0F18CA8B8
:10416000026A4BEA8CEAB0F14CC8B0F120D8079350
:10417000B0F174C067B2743367B165E1669960DA13
:10418000879981DA819982DAE599E3DA40991F4AC1
:10419000563210F258C8106E60B3C0DB60B3C0DB9B
:1041A00060B3609BCCEB60B70695C0DFA0F0012B3D
:1041B000883431EA58EC12EA70F14CD8856712ED78
:1041C00007D31A1859CC06D6B0F14898079306962B
:1041D000032A70F14CD88D10B0F1809889E210F26A
:1041E00040D807D31A18C3CB06D690F154D8B0F1F3
:1041F0008CA8016A8DEAB0F14CC8E09970F1F0C862
:104200004199D0F140C849B580A5106A4BEA4CEC01
:10421000046FEDEC80C546B4A0A44CEDA0C445B439
:104220000696C0DC44B4A0A4ACEA056DADEA40C477
:1042300042B2079360DA42B2849980DA10F00D6CD2
:1042400040B280DA2FB760DF3FB260DA1A187EF929
:104250008399826745B646B71A1CA8D8A3678267B8
:1042600044B645B71A1C77CAA367826743B644B7FA
:104270001A1CC6CCA36782671A1CFCF2A36733B36F
:1042800040DB33B210F0006B60DA1C6A31B340DB04
:1042900031B340DB08F0006F18B4E0DC18B2E0DAAC
:1042A000026C2EB51A1867F7C2992DB280AA00F2D7
:1042B000006B8DEB60CA80AAFF6B014B8DEB60CA6F
:1042C000016C036D1A18B6F2006E06F4106D1A1820
:1042D0005BFA016CB0F1A898B0F1409810F2F8A820
:1042E000046B04D305D3016C55E51EB61A188AF683
:1042F000E8377664A0E80065641088BF681088BF5E
:10430000000A80BF00000200341088BF043480BF60
:104310005CDC00A020EB00A0586088BF186088BF5C
:10432000206088BF546088BF10FB80BF94FA80BFB4
:10433000146188BF2CFB80BF203480BF103480BF45
:10434000003480BF100A80BF200A80BF080A80BFE7
:10435000C41088BFC81088BF308800E0405A80BFB2
:10436000205A80BF00650065000000000088B3404F
:1043700000000000006AF840000000000000F03F6C
:10438000F5641C676567B0F1ACA8016AACEA33223A
:10439000D0F140A8246782EA016022678243012CA1
:1043A000006BB0F18098283710F2B8A8B8EF12EE81
:1043B00099E62BE24832B8EAB0F1489891E2D5E2AA
:1043C00012EE05D31A1810F804D710F258A8D0F13D
:1043D00080A827E4283158E912ECB0F1A098B1E4A4
:1043E000B0F1A898049758EF91E50593A3671A1CBC
:1043F00029F112EE041004B41A1828F90065756446
:10440000A0E80065888C039D7C670054266170F1EC
:1044100050AB42EC006A226000552061D0F1C0AB85
:10442000C2ED1C60B0F1ECAB016EECEE172610F2A1
:1044300058AB58ED12ED973255E5A835B0F1C89B51
:10444000B0F1409BADE64DE306B246EC609B6CEAF2
:10445000015A5867016B20E86EEA006AA0E800651F
:10446000000000805C67B0F0509A082AC3641A18F4
:10447000B34F006C6142012B006A4364A0E8006501
:10448000F5645C6724670054C0F00A6170F170AA9B
:1044900062ECC0F005600055C0F00261D0F160AA86
:1044A00062EDA0F01D60B0F18CAA016B8CEBA0F066
:1044B0001723066710F278AA78ED12EC37336DE413
:1044C0006833B0F1809A8DE3B0F1489A6DE24346CB
:1044D000082A016851670CEA0822ACE8016A4EE834
:1044E00074104446052245460C2A0168ACE86D105C
:1044F000036851670CEA80F0062AACE8026C8EE88B
:1045000062104646022A036A32104746032A0368AD
:10451000ACE859104746014A032A01682CE85510B7
:104520004746024A052A036A5AE9012AE5E82210A9
:104530004746034A032A03682CE845104746054AC4
:10454000022AB5E109104746064A022AB5E10E10D3
:104550004746084A072AB7E1036A4CED015DB86790
:10456000ABE850104746094A072AB7E1066A5AEDF8
:10457000012AE5E810E8271047460A4A022A036A9A
:10458000041047460B4A0B2A056A5AE9012AE5E856
:1045900010E85AED012AE5E810EA41E0121047461A
:1045A0000C4A022A036A041047460D4A102A056A7B
:1045B0005AE9012AE5E810E85AED012AE5E810EA8F
:1045C00043E0016A4EE8015818670BE81B104746A4
:1045D0002B4A155A10601A189CF904D3646C9AEA95
:1045E000012CE5E810EA1E6C8BEC03E4083401E4CE
:1045F00002EA18670493015005610BB486E9409BF9
:104600008DEA0D10062808B246E94FEC409B8CEA73
:1046100006100148052804B246E9809B8EEA40DB7B
:104620007564A0E800000080F464046701698EE905
:104630003E27207605601076066130F4006B051089
:1046400031F0006B021030F0006B036A4CED032D6B
:10465000FF6A014A07100375406A0460027503612E
:10466000FF6A414A4DEB13291EB580A5106A4BEA3B
:104670004CEC026ECDEC80C51BB4A0A4ACEA036D7B
:10468000ADEA40C40CF0026C18B280DA0210016985
:104690002BE917B2FBEA012FE5E89067A3671A1828
:1046A00067F712EE90671A1854FA016D16101A186F
:1046B00054FA006D10290CB280A2106B6BEB6CECFD
:1046C00080C20CB280A28CEB60C20CF0026D1A1892
:1046D000B4FA016C021001692BE951677464A0E817
:1046E00084FA80BF60FB80BF586188BF80F0FA0207
:1046F00064FB80BFF4645C670467256790F1649A8B
:1047000001530361FF4B90F164DA00500C61906734
:104710001A180DFA016D90671A18BFF8B1671A18C8
:10472000B3F890670110006A7464A0E800E85D4186
:1047300000701B4002601A4090FFBD276C00BBAFA9
:1047400000601B406400BAAF6800BBAF44781B7CBC
:10475000000C7B3700609B401800A3AF1400A2AF91
:104760006400A38F0F00633011006014000000008C
:104770005400BFAF5000B9AF4C00B8AF4800AFAF66
:104780004400AEAF4000ADAF3C00ACAF3800ABAFC3
:104790003400AAAF3000A9AF2C00A8AF2800A7AF03
:1047A0002400A6AF2000A5AF1C00A4AF1000A1AF4D
:1047B000121000005C00A2AF101800005800A3AF58
:1047C000049D023CE4EC428C80BF043C0F000524B5
:1047D0001000438C010063300F00601000000000E7
:1047E0001000438C0E0063303000468C146283ACA2
:1047F000F7FF601400000000BC80838FFF00C6300C
:10480000001A03002118C300BC8083AFBA8085A3BF
:10481000F451400B00000000A8FA40773400042453
:104820005C00A28F130040005800A38F11006000AD
:104830006400A28F0F0042301300401400000000FB
:104840005400BF8F5000B98F4C00B88F4800AF8F15
:104850004400AE8F4000AD8F3C00AC8F3800AB8F72
:104860003400AA8F3000A98F2C00A88F2800A78FB2
:104870002400A68F2000A58F1C00A48F1800A38FF2
:104880001400A28F1000A18F00606041C0000000E2
:104890006C00BA8F6800BB8F00709A406400BA8FBA
:1048A0007000BD2702609A4000E8DD4100609B4037
:1048B000180000425C67006BB0F07AC2B0F07C9ADE
:1048C0002723B0F079A211EBB0F09C9A683312B5AF
:1048D0006DE580DB006BB0F07CDAB0F099A2014CA2
:1048E00011ECB0F099C2A05C0261B0F079C2B0F0F6
:1048F00079A2B0F098A28EEB11EB0A2BB0F098A23F
:10490000014C11ECB0F098C2A05C0261B0F078C22A
:10491000A0E80065DCD900A0E8FFBD271400BFAF08
:1049200000680240A88082AF00700240A48082AF7D
:10493000A880828F8020427CA88082AFA880828F4E
:104940001300422C0D00401000000000A880838F4F
:10495000A480868F80180300049D023CF88D4224B9
:1049600021106200049D043C8C8C842470FA4077F2
:104970000000458C404E407788130424EEF44077C5
:1049800000000000C3641A18EEF40065F5641C67AB
:1049900054B2409A016B6CEAB0F16CA880F0182216
:1049A000406A6DEAB0F14CC81A1869A700651A1878
:1049B000F3A60065B0F16CA880F00822806A6DEA69
:1049C000B0F14CC81A1814A7026C3A2A1A182AA770
:1049D000026C362AB0F04EA0B0F06DA06EEA11EA7B
:1049E0002F221A18F5A6026C0069B0F06EA0B0F084
:1049F0008DA08EEB11EB1623B0F06DA011EB3AB445
:104A00006DE480A32DE280C3B0F06DA0014B11EBEB
:104A1000B0F06DC0A05B0361006BB0F06DC00149E8
:104A20004071E361026C1A18FDA6B167407108611C
:104A30001A1814A7026CFC2A026C1A18FDA6006D45
:104A40001A183CA7026C3E221A182AA7026C3A2AAE
:104A5000026C1A1830A70405E267006EE2EE3260BD
:104A60000493C9E380A2B0F05C98403249E4B0F00E
:104A70005CD8006AB0F05AC0B0F05C9800F1005AFF
:104A80001461B0F07C981FF7006A4CEB01F70073DB
:104A90000860B0F07C9815B24CEB032BC64C215C3F
:104AA0000F601A182D52014ED917B0F05C981B7286
:104AB0000460B0F05C980F72F4610F6AB0F05AC0F5
:104AC000014ECC171A1847A7026C0710816A011013
:104AD000C16A4BEA6CEAB0F14CC87564A0E80065A5
:104AE000605088BF10D900A0000000FFF6641C676A
:104AF000246780F01124B0F14CA8206B4CEB4723C5
:104B0000016B6CEA0422B0F04CA011EAFC22346C78
:104B10001A184DFA006D47B747B6C0DF006A47B3B1
:104B200040DB47B560AD816A4BEA6CEA40CD1A6C58
:104B300007D505D61A18594E04D77167096A079523
:104B4000FF4A11EA1422016E6CEEDC36E0AD816C96
:104B50008BECECECCDEC80CD67331A6C06D205D330
:104B60001A18594E07D5079505930692E91760ADB7
:104B7000806A6DEA40CD1A18594E1A6C2EB32DB2C8
:104B800060DA2EB260DA346C1A184DFA016DB0F1A9
:104B90004CA8806B6CEA4022B0F04EA011EA014AAA
:104BA000A0520161006AB0F06DA011EB6EEA122212
:104BB000B0F04EA011EA23B349E320C2B0F04EA0FA
:104BC000014A11EAB0F04EC0A05A2661006AB0F066
:104BD0004EC02210A16AB0F16CA8806C8CEBE82367
:104BE000B0F06EA0B0F08DA08EEB11EBE123FF4A88
:104BF000DF2210B510B360DD10B4006EC0DC06D249
:104C000005D304D41A18635207D50593079560DDC0
:104C1000049460DC0692DF17B0F16CA8016A6CEABC
:104C2000042291671A18768911EC7664A0E8006571
:104C3000641088BF00000800681088BF306188BF1A
:104C400010D900A0E36404670620808004241A18A9
:104C5000BB520148F9176364A0E80065A0E800654D
:104C600020E8006AA0E8006520E8006A20E8006A01
:104C7000A0E80065A0E80065C3641A18B6E2006504
:104C8000436420E891EA0065016A20E84BEA006588
:104C9000A0E80065A0E80065016A20E84BEA00652D
:104CA000016A20E84BEA0065016A20E84BEA0065EA
:104CB000016A20E84BEA0065016A20E84BEA0065DA
:104CC000C3649C6730F00C4C1A1C3FE7076E4364CA
:104CD00020E8006AC3648567BC6730F00C4D1A1C7D
:104CE0003FE7076E436420E8006A006520E8006A39
:104CF00020E8006A5C6790F1409AA0E8F6641C67BF
:104D0000A467006B4367856787EA016ECCEC8DE38F
:104D1000014A0872F8613FB2C0AA216C8BEC8CEE9C
:104D2000C0CAE0AA816ECBEECCEFE0CA3AB140A98E
:104D30004CEC80C9966C05D306D51A18594E04D68A
:104D400040A904964CEEC0C91A18594E026C80A9AD
:104D5000206A8DEA40C91A18594E026CE0F1146AB3
:104D6000B0F158D8059306952CB2809A206ECCEC01
:104D70000424B0F15898F82A481011ED014B016C49
:104D80008CEB6033ADEB096C016E6CEEDC36E0A9A8
:104D9000816DABEDECEDCDEDA0C9A09A206ECCED10
:104DA000072DB0F1B898F92D3010B0F1B8982D2535
:104DB000A09A206ECCEDF92D6733FF4CE52C80A92D
:104DC000806B8DEB60C9609A806C8CEB0723B0F12F
:104DD0007898F92B1A10B0F178981723609A206C04
:104DE0008CEBF92B0310B0F178980F23609A206CAC
:104DF0008CEBF92309B3609B806C8CEBF423B0F14E
:104E00006CA8106A6DEAB0F14CC87664A0E8006541
:104E1000306188BF106188BF206188BFF564446736
:104E200014B515B000DD15B1006B60D9ED6C04D27E
:104E30001A183F5305D558F3106C1A18594E0065CF
:104E4000076C04921A183F534CEC0DB280AA206BE9
:104E50008DEB60CA80AA806B8DEB60CA82F3086C10
:104E60001A18594E0065059500DD00D97564A0E853
:104E7000641088BF00000400681088BF106188BFFC
:104E8000F7643C6725B280AA206B8DEB60CA80AACC
:104E9000806B8DEB60CA22B380A3106A4BEA8CEA68
:104EA000016C8DEA40C31FB71FB000DF1FB520B6ED
:104EB000C0DD20B320B240DB086C20B280DA006C89
:104EC0001FB280DA1FB200DA1FB200DAF0F19CD90B
:104ED000016C8BECD0F188C990F18CA111EC07D357
:104EE00005D506D61A18875304D7B0F18CA91069D6
:104EF0002CEC07930595069604970C2C00DFC0DD7B
:104F000080DB086A0DB340DB0DB380DB0DB200DA45
:104F10000DB380DB7764A0E8106188BF0CFA80BF16
:104F2000341088BF00000400C41088BF0000001CBB
:104F3000C81088BF00000008041088BF081088BF90
:104F4000641088BF681088BF00E85D4100701B4096
:104F500002601A4088FFBD277400BBAF00601B4091
:104F60006C00BAAF7000BBAF44781B7C00087B3785
:104F700000609B401C00A3AF1800A2AF6C00A38F81
:104F80000F00633012006014000000005C00BFAF2F
:104F90005800B9AF5400B8AF5000B0AF4C00AFAF3D
:104FA0004800AEAF4400ADAF4000ACAF3C00ABAF8B
:104FB0003800AAAF3400A9AF3000A8AF2C00A7AFCB
:104FC0002800A6AF2400A5AF2000A4AF1400A1AF15
:104FD000121000006400A2AF101800006000A3AF20
:104FE00088BF103C2061028E2000423079034014BB
:104FF000AC81829710004234AC8182A72061028E7E
:10500000FC81838F020004241D006410C001427CD7
:105010000300042425006410010004240900641026
:10502000A38083936C0340140400023C0800022414
:105030000C8282AF048280AFA38080A37557400B9F
:10504000FC8184AF030040104218030080FF02245B
:1050500025186200A38083A3A38082930482838F98
:1050600026106200048282AF0C82828FFFFF4224EE
:105070005803401C0C8282AF2954400B02000224CA
:10508000040040100482828F80004238048282AF84
:105090000482828F800042304E034050FC8180AFFA
:1050A000030002247557400BFC8182AF4903405036
:1050B000FC8180AFA3808393AA00022406006214BF
:1050C000F00002248C81849387534077FF00843062
:1050D0007457400BA38080A304006214E0000224F4
:1050E000010002247357400BA28082A304006214C3
:1050F000A2808283010002247357400BA18082A307
:10510000140040101200022403006214590002240B
:105110007157400BA08080A3030062141400022486
:105120007157400B9F8080A303006214A18082838B
:105130007157400B9E8080A321034010FFFF022483
:10514000110002241E036214FFFF02247157400B5A
:105150009D8080A3040062145900022401000224EF
:105160007157400BA08082A3040062141400022433
:10517000010002247157400B9F8082A30400621437
:1051800058000224010002247157400B9E8082A324
:1051900005006254770002248C818293FF00423024
:1051A0006F54400B040042380A006214A1808283CD
:1051B0008C818293FF004230020042388C8182A3AE
:1051C0008C81849387534077FF0084307257400B63
:1051D000A18080A3070040109D80848311000424D7
:1051E000040064149D808483010002247157400BE5
:1051F0009D8082A3070280508300042400A0023C0B
:10520000F8094290E6004054010004243A000224C8
:10521000830162103B00622C2E0040104B000224E0
:105220001E000224590162101F00622C150040105C
:10523000260002241A000224C6006250A080838344
:105240001B00622C080040101C00022406000224EF
:10525000500062101500022494006210A080838325
:105260007257400BA18080A3A9006210A0808483A4
:105270001D00632CAA006014000000003055400B94
:1052800000000000DB0162102700622C08004010C3
:105290003500022421000224B400621025000224FB
:1052A00044006210A08082837257400BA18080A3CB
:1052B0008A006250A080838336000224440062107A
:1052C00031000224C0026254A18080A36355400BC8
:1052D000A0808383970062104C00622C160040105F
:1052E0005400022441000224BB006250A08083834A
:1052F0004200622C08004010440002243C000224BA
:10530000D80062103D00022439006210A080828320
:105310007257400BA18080A3E20062104A00022471
:10532000B300621043000224A7026254A18080A34C
:10533000A255400BA0808283470062105500622C6A
:105340000B0040105B0002244D0002246800621034
:105350004D00622C50004054A08083834E000224F4
:105360002A006210A08082837257400BA18080A324
:10537000410062105D00022432006250A0808383ED
:105380005500022490026254A18080A30A55400B6C
:10539000A0808283A08082838B024054A18080A35E
:1053A0009F80828388024054A18080A36C57400B69
:1053B000ADFF022484024054A18080A39F80828399
:1053C00081024054A18080A36C57400B9CFF0224B3
:1053D000A08082837C024054A18080A39F8082832E
:1053E00079024054A18080A36C57400BACFF02248B
:1053F00075024054A18080A39F8082837202405432
:10540000A18080A36C57400BABFF02246E02405476
:10541000A18080A39F8082836B024054A18080A3DF
:105420006C57400B9DFF022467024054A18080A36B
:105430009F80828364024054A18080A36C57400BFC
:10544000F6FF02245A0260147C0002249F808483A9
:105450005955400BAAFF0324A08082835A0240546E
:10546000A18080A39F80828357024054A18080A3A3
:105470006C57400BAEFF0224A0808283520240543E
:10548000A18080A39F8082834F024054A18080A38B
:105490006C57400BAFFF0224450260141400022435
:1054A0009F8084835955400BF8FF03244002601409
:1054B0008EFF02249F8084835955400B84FF032470
:1054C0003B0280148FFF02249F80828338024014A5
:1054D0008FFF02247257400BA18080A33402601416
:1054E0009AFF02249F8084835955400B81FF032437
:1054F000A080828334024054A18080A39F80828355
:1055000031024054A18080A36C57400B94FF0224C9
:105510002D028054A18080A3B555400B9F808283CB
:1055200023028014E8FF02249F8084835955400B96
:10553000E1FF0324A08082831D024014EDFF0224BA
:105540009F8082831A024014EDFF02247257400BA1
:10555000A18080A31602601492FF02249F8084839E
:1055600091FF03246C57400B0A106400A0808283D3
:105570000F0240149BFF02249F8082830C02401480
:105580009BFF02247257400BA18080A30802601485
:10559000A5FF02249F8084835955400BA4FF032458
:1055A00050004454020004242400022428006250C5
:1055B000A08083832500622C190040103C00022447
:1055C0001C0002243F00621021000224100062141B
:1055D0000E000224A0808383F501601480FF022462
:1055E0009F80848380FF02245955400B87FF03244A
:1055F000A0808283F4014054A18080A39F80828395
:10560000F1014054A18080A36C57400BA8FF0224F5
:10561000ED016254A18080A30156400BA0808283DB
:10562000100062103D00622C030040504300022431
:105630001A56400B25000224120062104400022476
:1056400019006210A08082837257400BA18080A352
:10565000D701601490FF02249F8084835955400B2A
:1056600082FF0324A0808283D7014054A18080A3BD
:105670009F808283D4014054A18080A36C57400B4B
:10568000A3FF0224A0808283CF014054A18080A385
:105690009F808283CC014054A18080A36C57400B33
:1056A000A1FF0224A0808283C7014054A18080A36F
:1056B0009F808283C4014054A18080A36C57400B1B
:1056C000A2FF0224A0808283BF014054A18080A356
:1056D0009F808283BC014054A18080A36C57400B03
:1056E000A0FF022441004454030004243D0002248E
:1056F000820062103E00622C13004010460002241B
:1057000024000224BB0062102500622C0800401017
:1057100026000224050002249E0062101E000224BE
:105720001B006210A08082837257400BA18080A36F
:105730001E0062103A0002243A006210A0808283A8
:105740007257400BA18080A39A0062104700622C20
:10575000080040105B0002243E0002246F0062102B
:10576000450002249C006210A08082837257400B87
:10577000A18080A315006210610002242000621045
:105780004E0002242B56400B00000000A0808283B4
:105790008D014054A18080A39F8082838A01405460
:1057A000A18080A36C57400BFDFF0224A080828360
:1057B00085014054A18080A39F8082838201405450
:1057C000A18080A36C57400BFCFF0224A080828341
:1057D0007D014054A18080A39F8082837A01405440
:1057E000A18080A36C57400B7E00022476014454B4
:1057F000A18080A336000224110062143700622CBD
:10580000A080828370014054A18080A39F80828306
:105810006D014054A18080A36C57400B7C00022492
:10582000A080828368014054A18080A39F808283EE
:1058300065014054A18080A36C57400BE6FF022411
:105840001300401045000224250002242B006210A2
:105850002600622C08004010260002241E000224AC
:10586000DAFF62102400022463006210A0808283A9
:105870007257400BA18080A3180062102E000224F2
:1058800027006210A08082837257400BA18080A302
:10589000400062104600622C080040104E000224B6
:1058A0003D000224250062103E000224460162549D
:1058B000A18080A35756400BA08082833D006210D8
:1058C0005500022443006210460002243E01625447
:1058D000A18080A35E56400BA0808283A08082833B
:1058E00039014054A18080A39F80828336014054B7
:1058F000A18080A36C57400B23000224A0808283E8
:1059000031014054A18080A39F8082832E014054A6
:10591000A18080A36C57400B7B000224A08082836F
:1059200029014054A18080A39F8082832601405496
:10593000A18080A36C57400B5B000224A08082836F
:1059400021014054A18080A39F8082831E01405486
:10595000A18080A36C57400B600002241A014054C0
:10596000A18080A39F80828317014054A18080A3DF
:105970006C57400B5C00022413014054A18080A3AB
:105980009F80828310014054A18080A36C57400BFC
:105990005E000224A08082830B014054A18080A37A
:1059A0009F80828308014054A18080A36C57400BE4
:1059B00040000224A080828303014054A18080A380
:1059C0009F80828300014054A18080A36C57400BCC
:1059D0005D000224A0808283FB004054A18080A34C
:1059E0009F808283F8004054A18080A36C57400BB5
:1059F0007D000224A0808283F3004054A18080A314
:105A00009F808283F0004054A18080A36C57400B9C
:105A10009EFF0224E100641078000424E400645036
:105A20009B0F02240600401098FF64244A000424BF
:105A3000DC0064105A000424DC00641098FF642425
:105A40001800842C0D0080509C80848306004054F4
:105A5000A08080A38C818293020042300700401412
:105A60009C808483A08080A3000F64241B000224F8
:105A7000760063386C57400B0B10830000A0023C8B
:105A800009008010F00942240800449040200400DE
:105A9000A08085832600A014010002249F808283B9
:105AA000CC56400B2B100200080044900200052445
:105AB0000F008514030005245500042408006454D5
:105AC0000E000424A08085830300A0140100042498
:105AD0009F8084832B200400C656400B0100842441
:105AE0000F0064549C808483C656400B030004243A
:105AF0000A00851454000424090064149C808483E3
:105B0000A08085830300A014010004249F80848367
:105B10002B200400030084249C8084A39C80848325
:105B2000DAFF8050080044907257400BA18080A398
:105B30007F00633021108200C01102002118430051
:105B400040180300039D043C50D3842421186400B2
:105B5000000062948C818393040063300B0060101A
:105B60009C8083839FFF43241A00632C03006010F2
:105B7000BFFF4424E256400BE0FF42241A00842C6D
:105B8000200043240B1064009C8083837F006010FE
:105B9000000000008C004050A18080A3020004247B
:105BA000260064100300642806008010030004240B
:105BB0000100042409006410610003246357400BB2
:105BC0009C8080A33000641004000424450064100D
:105BD000610003246357400B9C8080A30C0043505A
:105BE00086FF0224650003240C004310690003248F
:105BF0000C0043106F0003240C00431075000324B5
:105C000004004314450044380D57400BA3FF022401
:105C1000450044385A57400B90FF03246257400B0D
:105C200082FF02246257400BA1FF02246257400BFF
:105C3000A2FF02246357400B9C8080A361000324D1
:105C40000900431065000324090043106900032480
:105C5000090043106F000324090043107500443805
:105C60005A57400B97FF03246257400B85FF0224CD
:105C70006257400B8AFF02246257400B8DFF0224BB
:105C80006257400B95FF0224610003240C0043502F
:105C900083FF0224650003240C00431069000324E1
:105CA0000C0043106F0003240C0043107500032404
:105CB00004004314410044386257400B96FF02240D
:105CC000410044385A57400B8FFF03246257400B62
:105CD00088FF02246257400B8CFF02246257400B5E
:105CE00093FF02240B004310650003240F004310B0
:105CF00069000324130043106F00032417004310AE
:105D00007500032405004314790003245C57400BFD
:105D100081FF022484FF0224790003240500431438
:105D2000410003245E57400B96FF022489FF0224A2
:105D300041000324050043144F0003246057400B27
:105D40008EFF02248BFF02244F000324050043141E
:105D5000550044386257400B99FF022494FF0224F7
:105D6000550044389AFF03246257400B0A10640020
:105D70006357400B9C8080A36357400B9C8080A39B
:105D80006357400B9C8080A39C8080A30900401433
:105D90009E8084837257400BA18080A36C57400B78
:105DA000970F02246C57400B2F0002240D00022491
:105DB0009E8084831F0043300B1064002016027CF9
:105DC000C88182A7A18080A3A28080A3A38080A392
:105DD000FC8180AF0400023C341002AE6400A28F4C
:105DE000130040006000A38F110060006C00A28FC0
:105DF0000F00423014004014000000005C00BF8F10
:105E00005800B98F5400B88F5000B08F4C00AF8F3E
:105E10004800AE8F4400AD8F4000AC8F3C00AB8F8C
:105E20003800AA8F3400A98F3000A88F2C00A78FCC
:105E30002800A68F2400A58F2000A48F1C00A38F0C
:105E40001800A28F1400A18F00606041C000000004
:105E50007400BA8F7000BB8F00709A406C00BA8FCC
:105E60007800BD2702609A4000E8DD4100609B4059
:105E70001800004200E85D4100701B4002601A40BB
:105E800088FFBD2700601B407000BAAF7400BBAF35
:105E900044781B7C001C7B3700609B401C00A3AF38
:105EA0001800A2AF7000A38F0F00633012006014BF
:105EB000000000005C00BFAF5800B9AF5400B8AF9D
:105EC0005000B0AF4C00AFAF4800AEAF4400ADAF34
:105ED0004000ACAF3C00ABAF3800AAAF3400A9AF74
:105EE0003000A8AF2C00A7AF2800A6AF2400A5AFB4
:105EF0002000A4AF1400A1AF121000006400A2AFF4
:105F0000101800006000A3AF2080828FFFFF4224A2
:105F1000208082AF2900401488BF103CAC8082935F
:105F2000FF0042308010020001A0033C5CDC6324CF
:105F3000211043000000428C208082AFAC8082930D
:105F4000FF0042308010020001A0033C10EB6324EC
:105F50002110430000004290AC8082A3AC80829369
:105F6000FF0042300700401480BF023C205A40AC82
:105F7000A081828FA881838F21106200EF57400B90
:105F8000008282AFAC808393FF0063300200022462
:105F90000400621410000224386102AEEF57400B77
:105FA00000000000AC808393FF00633001000224F6
:105FB0000200621410000224346102AEAC808393AC
:105FC000FF006330030002240D006214004002242D
:105FD00080BF023C205A40AC0082828F00E0437CAC
:105FE000503103AE188283978018030021104300BC
:105FF000008282AFAEFA4077010004240040022400
:10600000341002AE6400A28F130040006000A38F22
:10601000110060007000A28F0F0042301400401485
:10602000000000005C00BF8F5800B98F5400B88F8B
:106030005000B08F4C00AF8F4800AE8F4400AD8F42
:106040004000AC8F3C00AB8F3800AA8F3400A98F82
:106050003000A88F2C00A78F2800A68F2400A58FC2
:106060002000A48F1C00A38F1800A28F1400A18F02
:106070007400BB8F7000BA8F7800BD2702609A4011
:1060800000E8DD4100609B401800004220E8006A03
:106090000EF0F664046726678767CDEC036A4CEC64
:1060A000016A4C2C022E006A491000F4006A4BEA87
:1060B0000CEA04D2E0F31F6A70674CEB0F9404956E
:1060C000C3671A1C3FE705D3059300F4006F7FE711
:1060D0000D9523EF0F9271E21061D16705D31A1C61
:1060E0003FE706D706973BE70593122631E30F9269
:1060F00091E21A1C3FE735E00B10C7671A1C3FE717
:1061000006D70697E7E1E1E00D92E9E20DD2011032
:1061100000691A1815FA0494006E049251E60F9261
:10612000D5E21A1812F905D605967F4E014E00F4F5
:106130000076F36104D0B721006BC7177664A0E83E
:10614000923244334C3249E30F6B6CEC89E220E825
:1061500011EA00650A6B7BEC012BE5E812EA50328C
:106160007BEC012BE5E810EB69E220E811EA006521
:10617000F5643C67B0F16CA9FF6A024A4BEA6CEA2D
:10618000B0F14CC91A18644E04671A18DA4ED06C74
:10619000552A1A18DA4E006C512A1A18974E0065C3
:1061A0001A18DA4ED16C4A2A1A18124F006C1A18B3
:1061B0005058826740D81A18124F006C1A1850585D
:1061C000826741D81A18124F006C1A18505882670B
:1061D00042D81A18124F006C1A18124F006C1A1875
:1061E0005058826743D81A18124F006C626791EBBF
:1061F00000537867015B7867026C6FE47F6C8CEA10
:106200008F4211EC1A18505804D344D81A18124F60
:10621000016C1A1850588267646C9BEA012CE5E8FF
:1062200010EA11EA049398EB12EB69E245D8B0F159
:106230006CA9FF6A014A6DEAB0F14CC91A18B84E50
:106240000065B0F16CA96233016A756420E86CEAFC
:10625000FC641C678EB280AA096B6BEB8CEB60CA86
:1062600010F0006B8BB260DA8BB2409A8BB6809ED6
:1062700051E41A1835FA13D604F7106C1A18594E4F
:10628000006587B3016A4BEA40DB86B440DC0069F5
:1062900085B220DA85B220DA85B520DD85B220DA34
:1062A00085B220DA85B220DA85B220DA85B220DA2A
:1062B00085B220DA85B220DA85B720DF85B220DA10
:1062C000916712D310D51A1CA7F811D71A1C80F8A1
:1062D00000651A1C34FB0065D0F124D890F120D859
:1062E0001197409F00F3006C8DEA40DF1095409DB0
:1062F0008DEA40DD1293409BFFF11F4C8CEA40DB9E
:106300001A185C58040413962667092A796B09D376
:1063100008D2016B07D304D205D206D20CD21A18C8
:1063200000E40404B0F15CD8ACF1076B6AB260DA47
:1063300010F0106B69B260DA1C6B69B260DA146B32
:1063400068B260DA68B269B340DB69B340DB69B355
:1063500040DB006CD0F18CC01A18BDB810D4026BB1
:1063600065B260DAA06A65B340DB65B340DB65B354
:1063700040DB109490F18CC0E0F1146C1A18404E80
:1063800012D31A18A0530065B0F14CA8106C8CEA17
:106390001293C3675B2A206D5BB2A0DA5BB2A0DA0E
:1063A0005BB2A0DA1A18404E016C4099ACEA0522A3
:1063B000B0F14CA84DEDB0F1ACC8206A55B340DB4C
:1063C00040DEB0F14CA8206B6CEA402252B480F25F
:1063D000006E1A1C29F1006D006AB0F058C0B0F0D0
:1063E00059C04EB380A3106A4BEA8CEA016C8DEA67
:1063F00040C34BB380AB806A8DEA40CB49B280AAE0
:10640000816B6BEB8CEB60CA016C1A1878F7006D2E
:10641000016C1A186AF9086D016C1A18EFFA006D10
:1064200041B512F6006E1A18E6F7016C016C1A18E5
:10643000C0FA006D016C1A1878F7876D1A6C1A187B
:1064400005FA036D346C1A184DFA016D016A90F16A
:1064500050C036B270F158D8006A90F15CD834B2AE
:1064600070F154D833B290F158D81A18A5CB006502
:1064700090F154D81A183D50006C1A180B50006C4B
:106480001A18A1A600657C64A0E8006500F280BF30
:10649000040080BF206088BF206188BF106188BF72
:1064A000106088BF006188BF006088BF306188BF0E
:1064B000306088BF706188BF706088BF806188BFAE
:1064C000806088BF606188BF606088BF506188BF9E
:1064D000506088BF200C80BF000C80BFD41088BFE4
:1064E000D81088BF00000800341088BF641088BF2F
:1064F000681088BF586088BF386188BF146188BF42
:10650000586188BF546188BF686188BF186188BFBF
:10651000646188BFDCD900A058FA80BF306188BFB1
:10652000106188BF80F0FA02FFFFFF00E01A039DB0
:10653000401300A0FA641C6724671A185C5804040E
:1065400005221A1800E40404B0F15CD80321B0F16C
:106550005C9840D9B0F15C987A64A0E8F5643C6737
:10656000B0F16CA9FF6A024A4BEA6CEAB0F14CC97F
:106570001A18644E04671A18DA4ED06C7D2A1A185D
:10658000DA4E0E6C792A1A18974E00651A18DA4EF0
:10659000D16C722A1A18124F016C1A18B84E04D214
:1065A000049291EA005214601A18644E00651A1899
:1065B000DA4ED06C612A1A18DA4E0E6C5D2A7F6CA6
:1065C00004921A18DA4E4CEC572A1A18B84E006585
:1065D0001A18644E00651A18DA4ED06C4D2A1A1833
:1065E000DA4E006C492A1A18555880A01A18DA4E4B
:1065F0008267422A1A18555884A01A18DA4E826700
:106600003B2A1A18555888A01A18DA4E8267342A7D
:106610008698014C1A18DA4E11EC2E2A1A18555881
:106620008CA01A18DA4E8267272A8498014C91ECC4
:106630004598C852006A0161804A4DEC1A185558B5
:1066400011EC1A18DA4E8267172A6598646A5AEBB9
:10665000012AE5E810EC1A18555811EC1A18DA4E10
:1066600082670A2A1A18B84E0065B0F16CA9FF6A51
:10667000014A6DEAB0F14CC91A18B84E0065B0F184
:106680006CA96233016A756420E86CEA00E85D4138
:1066900000701B4002601A4090FFBD276C00BBAF2A
:1066A00000601B406400BAAF6800BBAF44781B7C3D
:1066B00000147B3700609B401800A3AF1400A2AF0A
:1066C0006400A38F0F00633011006014000000000D
:1066D0005400BFAF5000B9AF4C00B8AF4800AFAFE7
:1066E0004400AEAF4000ADAF3C00ACAF3800ABAF44
:1066F0003400AAAF3000A9AF2C00A8AF2800A7AF84
:106700002400A6AF2000A5AF1C00A4AF1000A1AFCD
:10671000121000005C00A2AF101800005800A3AFD8
:106720008081828F01004224808182AF8081838FAB
:10673000E80302241B006200F40140001020000066
:106740000D00801400000000BC81828F01004224F3
:10675000BC8182AFAC81829700024330060060109A
:10676000444A027CAC8182A733F94077BC818427FC
:106770005759407721204000C481828F0400401087
:1067800000000000C481828FFFFF4224C48182AFD9
:10679000B881828F0400401000000000B881828F11
:1067A000FFFF4224B88182AFBA808293FF0042305B
:1067B0000900401000000000BA808293FFFF4224CD
:1067C000FF004230BA8082A30300401400000000A2
:1067D0002D524077000000008081828F07004230F8
:1067E000040040140800033C63524077000000009E
:1067F0000800033C88BF023C341043AC5C00A28F0D
:10680000130040005800A38F110060006400A28FA5
:106810000F00423013004014000000005400BF8FEE
:106820005000B98F4C00B88F4800AF8F4400AE8F36
:106830004000AD8F3C00AC8F3800AB8F3400AA8F86
:106840003000A98F2C00A88F2800A78F2400A68FC6
:106850002000A58F1C00A48F1800A38F1400A28F06
:106860001000A18F00606041C00000006C00BA8F72
:106870006800BB8F00709A406400BA8F7000BD271B
:1068800002609A4000E8DD4100609B401800004231
:106890000EF0F6641C67026A672C2567336C006D86
:1068A0001A184DFA04D6006C1A1878F7A467016C10
:1068B0001A18B4FA0C6D2EB340A3106FEBEFECEA8C
:1068C00040C3049638213726016C086D06D31A1888
:1068D00025FA05D7016C1A181DFA046D0C6C25B247
:1068E00080DA006C1A186AF91095006C1A18EFFA21
:1068F0000F95006C20B51A18E6F70496006C1A186C
:10690000C0FAA467006C1A1878F7876D196C1A180A
:1069100005FA016D336C1A184DFA016D17B440A4D5
:106920000597ECEA046DADEA40C4069340A34CEF32
:10693000016A4DEFE0C3D0F130D8006A70F15CD845
:10694000B0F150D8706790F1084B83671A1841CCAA
:1069500006D3069383671A1859CCB167006A0421DD
:1069600090F14898015A58677664A0E838FB80BFD8
:10697000586188BF80F0FA0250FA80BF7C67883483
:10698000A36770F11C4DB5E4C09D4367B0F1104A98
:1069900049E4409ACEEA1222436790F1084A49E45A
:1069A000409AC9E240A2014EC0DDD0F1104B71E423
:1069B000609C62EE0561006B20E860DD016A4BEAD5
:1069C000A0E800655C678834626770F11C4B6DE479
:1069D000609BA267B0F1104DB5E4A09D6EED072558
:1069E00090F1084A51E4409C6DE220E840A3016A1E
:1069F00020E84BEA7C6788344367B0F1104A49E4E9
:106A0000409AA36770F11C4DB5E4A09D4BE5005280
:106A10000560D0F1104B71E4609C69E2A0E800656C
:106A2000B1645C6788341CB38DE3C09B649E016DC8
:106A3000ACEB2E236C9E2B65A49E0E6B6CEDF62D9D
:106A4000626790F1084B8DE3E09BF0270267B0F19D
:106A500010488DE0209B3DE7296720C7209B014916
:106A600020DBE267D0F1104F9DE7E09FE2E9016192
:106A7000A0DB81E0A098626770F11C4B8DE3009B66
:106A80000EEDD42D014800DBE2E8D061A0DBCE178B
:106A90003164A0E8E0EC039D00E85D4100701B401C
:106AA00002601A4090FFBD276C00BBAF00601B4026
:106AB0006400BAAF6800BBAF44781B7C00047B372E
:106AC00000609B401800A3AF1400A2AF6400A38F26
:106AD0000F00633011006014000000005400BFAFCD
:106AE0005000B9AF4C00B8AF4800AFAF4400AEAFF4
:106AF0004000ADAF3C00ACAF3800ABAF3400AAAF44
:106B00003000A9AF2C00A8AF2800A7AF2400A6AF83
:106B10002000A5AF1C00A4AF1000A1AF1210000010
:106B20005C00A2AF101800005800A3AF885A40774D
:106B30002120000080BF023C1060438C4418037C7D
:106B4000106043ACA8FA4077330004245C00A28FA5
:106B5000130040005800A38F110060006400A28F52
:106B60000F00423013004014000000005400BF8F9B
:106B70005000B98F4C00B88F4800AF8F4400AE8FE3
:106B80004000AD8F3C00AC8F3800AB8F3400AA8F33
:106B90003000A98F2C00A88F2800A78F2400A68F73
:106BA0002000A58F1C00A48F1800A38F1400A28FB3
:106BB0001000A18F00606041C00000006C00BA8F1F
:106BC0006800BB8F00709A406400BA8F7000BD27C8
:106BD00002609A4000E8DD4100609B4018000042DE
:106BE000883409B291E2609C449B00F2006C8CEA0C
:106BF000FB2A31EDA8DB449BFF6C014C8CEAFB22A5
:106C0000A0E80065E0EC039D43A4403262A46DEA75
:106C1000403261A46DEA403260A420E86DEA00656C
:106C2000A0C4A235A1C4A235A2C4A23520E8A3C441
:106C3000FE4D479CFE4A43ED006A056045AC58EDA9
:106C400012EB4C9C49E3A0E8409C6A9C044B86AA4A
:106C50009BED012CE5E812EC45AA5BEC012AE5E886
:106C600012EA809B082483EA03618BE2084BF91740
:106C7000619B20E869E220E8006A0065409C61426F
:106C800060DC40A26842A74B1A5B026020E8E04A41
:106C9000805A046103B349E39FF740A2A0E800656E
:106CA000F0A6039D08F0F56406672767506711EAB0
:106CB00008221A181F5B0B04022A006A3C10FF48C6
:106CC000F5170A9340832E2A2D20016A34102A7268
:106CD0000F601A181F5B0504C2671A181F5B0404B3
:106CE000A2674AEE1A61F126059340833F72EF6175
:106CF000E421006E0592814205D460823F731761E2
:106D0000014E41823F72F6602A72F46004951A18AF
:106D1000295BEF41DA2A0492A0821A181F5B0B0448
:106D2000CC20CB250A9305D30B9204D2DD17FF6B41
:106D3000014B6DEEE6177564A0E80065B164A09C98
:106D400016252C656567014BFFF75F83C26711EE5F
:106D5000215E39613A72F7614085D04AC26711EE0F
:106D60000A5E0860C2456EEE052E05522961016A71
:106D70004BEA2C10006A483716B6D9E7209EC56743
:106D8000E081014EFFF71F86876711EC0C659F4C71
:106D90001A5C0360E867E04F91EF906711EC0C65B7
:106DA0009F4C1A5C03600867E04891E80727014997
:106DB0000EEFE627014A0572DE61D9176EEEFA2E54
:106DC000896760DC03105C67D0F040A23164A0E802
:106DD00084A7039DF464046725671324409C112253
:106DE00060A20F2382AC63AA8EEB0B2B1A184EDA2B
:106DF00081A2016B6CEA052A6098006A60D974640C
:106E0000A0E8096A006BFA175BA540327AA56DEA23
:106E10000374076175A5603394A58DEB603360330F
:106E20006DEAA0E8DAC5C2325BC540A40372056111
:106E3000C236C236D4C5C236D5C5A0E8E364C4673D
:106E4000006A62678143E79E6DE7608320730D608F
:106E5000057302611B6B6BEB097404615DE52E68C1
:106E600009C7014A5DE569C7014A0B6B8EEB022336
:106E70006467E81749E569C2479E6BA23F6A6CEAFE
:106E800048C5879E1A18025B1C4C40DD679E57A3BD
:106E9000403276A36DEA43CD679E59A3403278A372
:106EA0006DEA42CD6364A0E8F564046743A4006919
:106EB0001D226744314B81A4A367CD98016F1A1836
:106EC000A6DA04D301690493112A43C04D98C898E7
:106ED000AA98B3E2C3EC0069096082A0027406615B
:106EE00081A0A36759E61A18A6DA016F5167756485
:106EF000A0E80065F56404674D9CAEEA00691322C2
:106F00001A18AA5B04D5226704930D2A81A0A74012
:106F1000314DC3671A1883DA016F049303220169A4
:106F2000016B6BEB6DD851677564A0E8F46404677E
:106F300020F237A4203120F256A44DE920F058A4C5
:106F4000EB7255F2156B6EE90460184A11EA025AA9
:106F50004660082980F08A4025B51A1C47F2086E61
:106F6000006B402240F044A0403240F063A06DEA44
:106F700040F065A08F424CEC322C804A80F7015AD9
:106F80002E602D234F436CEA2A2A40F047A040325E
:106F900040F066A06DEA232240F048A0FF4A025A62
:106FA0001E6040F04AA0403240F069A06DEA17220E
:106FB00040F04CA0403240F06BA06DEA805A076070
:106FC00087401A18025B514C0AB363EA086140F02B
:106FD0004FA0403240F06EA06DEA006B032A036BB5
:106FE0000129026B746420E8436700655CA6039D79
:106FF00000000100F66465672667025D026E80F09E
:107000001A610467479C43ED80F0156040A402724A
:10701000546003726D60017280F00D61A637BDE7A8
:1070200046AC5BEF012AE5E812ED4A9855E506D338
:107030001A18BD5B05D7C267069305977C2A81475E
:1070400004D486A89BEF012CE5E810ED016A4CEB17
:10705000B5E0516711EA092320F0D8A50F6ACCEA00
:10706000D16711EED036CDEA11EA20F058C5016A99
:1070700043C004929BEA012CE5E812ED90674A9820
:1070800055E51A18BD5B06D3C2670693542A46A875
:1070900004945BEC012AE5E810EC91E03232092B14
:1070A00020F078A4106A4BEA6CEA22310F6B6CE98D
:1070B0002DEA11EA20F058C43C1046AC46325BED94
:1070C000012AE5E812ED4A9855E51A18BD5B06D38A
:1070D000C2670693302A643346A85BEB012AE5E8D1
:1070E00010EA4DE020F038C3223120F039C32110DE
:1070F00046AC4A325BED012AE5E812ED4A9855E5C7
:107100001A18BD5B06D3C2670693152A683346A8D2
:107110005BEB012AE5E810EF384FFDE01A18025B3F
:10712000876707B54CED07B24CE987671A18085B0B
:107130002DED016A43C0766420E84667000000F048
:10714000FFFFFF0FF6646567025D7E610467479C81
:1071500043ED01697A6040A40272416003725A6093
:1071600001727361A636B9E646AC5BEE012AE5E82A
:1071700012ED4A9855E506D31A18BD5B05D606935D
:107180000596032201692BE96010E14646A85BEEF3
:10719000012AE5E810EC91E020F0D8A45BEF012A89
:1071A000E5E812ED90674A9855E506D305D61A181A
:1071B000BD5B04D7069305960497E42A46A85BEFC7
:1071C000012AE5E810EA41E020F058A04032CDEA7B
:1071D0006CE9022152313910E1F71F69331046ACD6
:1071E00046325BED012AE5E812ED4A9855E51A189A
:1071F000BD5B06D30693C62A643346A85BEB012A1F
:10720000E5E810EA4DE020F039A3203120F058A342
:107210004DE91B1046AC4A325BED012AE5E812ED60
:107220004A9855E51A18BD5B06D30693AB2A683316
:1072300046A85BEB012AE5E810EC384C1A18025B13
:1072400091E004B14CE90110016951677664A0E84E
:10725000FFFFFF0FF56424676567009C27B2A3EA70
:107260000260026A47101F6AACEAFB2AA4D9C29CDA
:107270000D2E40A0035A02614B98072A763284A84B
:1072800083EAEF604B9846D92010C26786A845A8CC
:1072900058EC12EFE3EB12618099A66705D31A1838
:1072A000515C04D7C267014A059304972222025E0B
:1072B000D861479843EED560EFE3EC179067A66777
:1072C0001A180C5B05D346D90593C5D94699C9222E
:1072D00086A89BEB012CE5E812EC49E446D946A8C8
:1072E0005BEB012AE5E810EA384A41E007D9006A79
:1072F0000110016A7564A0E8FFFF1F0008F0F56443
:10730000209C062DC4991426479943EE1160111054
:1073100091671A18515C0B95025A63618142032CE4
:10732000016A4BEA6210679963EA5F610B9601108C
:10733000016E4599022A006A58100B936AEE196192
:107340000146479943E8016102680A93809BB06750
:107350001A18515C04D60172049643608142E024FD
:1073600007224499025A0561679963EA3C6101105A
:10737000172806670148479943E80361025EDB610D
:1073800002680A93809BB0671A18515C04D6049671
:10739000072201722660014AC322CAE8EB61CB17BB
:1073A0009167B067016E1A18FD5BCBEE182A0B933C
:1073B000092B04D945998799FE4C43EC0A61FF4A91
:1073C00045D9071091670B951A18FD5BD067F1221C
:1073D000061084A1016A8DEA44C15067061001724B
:1073E0009F60016A0210C267C4177564A0E8006557
:1073F00004F0F5642567009C025D0260026A3010AB
:10740000479843EDFB60A66706269067016E1A1841
:10741000FD5BCBEE252A0A92809A1A18515CB1675F
:10742000E267022A006A1C100172E860014A172212
:107430009067B167006E1A18FD5B04D70497102A95
:10744000459867988E4383EA0660014A45D884A030
:10745000016A8DEA44C063EFE5602767DC17016AC3
:107460007564A0E8F66404671A18AA5B06D5016B78
:107470001B650695252A1A180C5B906704D24DD817
:107480006740314B05D3836701F0006E1A1C29F168
:10749000006D049104924FE145A843EB066145A8B5
:1074A0006EEA015A786701730B1081A00595D167C8
:1074B000016F1A18A6DA06D301490693EB22EF17DB
:1074C000766420E858670065F66404676567209C69
:1074D000449C204A04D231B20496C3EA0260006A96
:1074E00046DC4698046F542286A904969BEE012C34
:1074F000E5E810EC422C014A46D8A598062DD63274
:1075000084A983EA3A61A6D8431045A9FF4A86A90F
:1075100004969BEE012CE5E812EC8CEA2E2A91678A
:1075200006D31A18515C05D7C267025A069305970D
:107530000260026F2D10014A022A016F291047993B
:1075400043EE1561022B66D8231090671A18BF5CB2
:10755000A598C267076F1C220172EB60014AED22F9
:107560009167A6671A18195D05D60596E62AC5D84B
:1075700091671A180C5BA66746D8049364D846A98D
:107580005BEB012AE5E810EA384A4DE167D8006F65
:10759000766420E847670065FFFF1F00F864046712
:1075A0002567609C06D340852F7206605C7204607C
:1075B000869B82D80810014940812F72FC605C7262
:1075C000FA60006A42D840A1205A4460806A4BEABF
:1075D00020F04BC090671A18955C006DE267DC10D4
:1075E000006A014A55E1FFF79FA52E744360215CB4
:1075F0002F6A8EEA482A2567206A0160246A20F0F3
:107600004BC0609805D390671A18955C006DE267CF
:10761000072A05941A18BD5BA698E26780F00D2230
:1076200020F04BA0A0F0032F046C8CEAA0F0142AE9
:1076300046A0106C8CEAA0F00C22069346AB84980E
:107640005BEC012AE5E810ED384D80A31A18825B47
:10765000B5E342D86740194B04D38367206D1A1CE9
:1076600029F10B6E40812E72BB607167006F086C50
:1076700005D43710037280F00E60049351E32E6D31
:10768000FFF7BFC4AE175C6A4EECB52480F0036010
:10769000B2172F6DCEED31255C6DCEED2E252E76F9
:1076A0000592456043EF7760005405607F6A4CEEB9
:1076B0003CB2D9E2C0A63CB4A66709D308D61A18D2
:1076C00060F60AD7099308960A97652A4846A74A9A
:1076D0001A5A0260E04E11EE0494E9E4C0C2014F70
:1076E000014B2BE3014A8083C46711EE215ED16018
:1076F0000A105C6B6EEC072C014A51E180842F6DFF
:107700008EEDF72DF917472720F080A0E56B6EEC82
:10771000032C056C20F080C045E1046A7FF70F61FF
:1077200040812152006A7FF70A60046A68170B7271
:107730003260086F0B6C05D4D317879840A41522CC
:10774000ABA43F6AACEA46C04BA4086DACEA082A79
:1077500004950B6E1A1C47F20AD70A977FF700228E
:1077600090671A18325D006D5217046F591704772D
:107770001361206C4CEC0A24046C8CEA7FF70A221B
:10778000806A4BEA20F04BC0006F0610046B6CEA75
:10779000032A056F0110066F786420E847670065CB
:1077A000F0A6039D68A6039DF56404672567609CA9
:1077B00004D3046CA69821251A18BD5B0494242ACE
:1077C0008798A0A42025CBA43F6CCCEC86C0E5759F
:1077D0000D602E750B600F740960216DABEDACEC84
:1077E00008747867015B78672AEB106090671A1855
:1077F000325D006D092A006CDD1744670724006ABA
:1078000046D844670310046A8267F9177564A0E8D4
:10781000F4642467009C1A18955C006D0F2A906729
:107820001A18BD5BA6990A2A879960A4E5730960B6
:10783000082391671A18325D016DF0170472016117
:10784000076A7464A0E80065F56404671A18045EAA
:10785000209C6267152A91671A18BD5BA69862671B
:107860000F2A8798006D206E1A1C29F104D2879880
:10787000A740194D1A1C3FE70B6E016A43C10493E0
:10788000756420E843670065F5641A18AA5B04670D
:10789000482A40A003723C6124A0016A4EE93829BD
:1078A0006740314B8367006D01F0006E1A1C29F1AF
:1078B00004D3556A20F256C0566A4BEA20F257C0EC
:1078C000526A20F058C020F059C0616A20F05AC0B6
:1078D000416C20F09BC0726D00F2BCC000F2BDC0D4
:1078E00000F29EC000F25FC020F280401A18085BD0
:1078F000A59820F284401A18085BA498C998014EF4
:10790000CDD881A00493A3671A18A6DA016F24C00A
:1079100081A0006D1A18D4DAC567015A5867016B47
:107920006EEA7564A0E80065F9642567006A40DDC9
:107930001A184F5B0BD6E26700520B6B0B9660F187
:107940000C614832B7B349E3009A60F1052000D9D1
:1079500002692BE9CCE940A0112281A01A184EDA65
:107960000CD7016B4CEB0C97092B40F11621046CE2
:107970008CEA11EA40F111220A6B4F11006A40C0F3
:10798000876711EC1A1862DA81C0016C4CEC036B4A
:1079900040F1032C0621046B6CEA11EA0A6B20F11A
:1079A0001C2A81A0026DC7401A18D4DA054E0222A3
:1079B000016B331166A84843884A80F7015AF86082
:1079C0004F436CEAF52A43C0FF4A4DD890671A1816
:1079D000BD5B006DED2A1A18CB5B906702722761C0
:1079E000F0F1CE40006D1A18025B86670404ADE426
:1079F00040DB104E044D1075F6610069040629E65F
:107A0000A09A036B1025006A43C0016A4BEA4DD867
:107A10001A18BD5B9067046B062A1A18CB5B906737
:107A20006267025A036104491071E8614367047296
:107A3000BF60025A02610D6BF0106D9808D340F0E0
:107A4000E4A0E03740F043A04DEF46A8EEEAF32A69
:107A500040F0AFA0A03540F04EA04DED052D874081
:107A60001A18025B554CA267A8D840F048A042C043
:107A70006F42025BE06058ED12EE0AD640F025A09E
:107A800025C8D9214F412CEAD62A40F0CAA0C036D9
:107A900040F049A04DEEC4C8F63309D37BEE012B6C
:107AA000E5E810EA31EAC72A40F04CA0403240F045
:107AB0008BA08DEA042A87401A18025B514C40F0D3
:107AC00087A080342C6540F086A069678DEB2B651C
:107AD000B22309937BEE012BE5E812EB31EB8967CA
:107AE00091E30A9371E40C6583EAA5618BE23BEABA
:107AF0000129E5E812EB9F234BB263EA9C61FFF793
:107B0000166A43EB03690660E1F7165B0169586783
:107B1000012A0269024B67D8089489D8496789E22B
:107B20002A654AD8486789E24CD80371586709D258
:107B3000132A60F043A0403260F082A08DEA7FF704
:107B40001A2A7FF7182E87405D4C1A18025B0BD358
:107B50004BD80B93683311107FF70D260A964967AF
:107B600051E68BD8027164329867022C6267051067
:107B700069E24632016C8CEB6DE24F476DE2FBEB44
:107B8000012FE5E812EA43ED5FF71561016A4BEA60
:107B900045D844D8806A4BEA44C00993302B60F042
:107BA00049A0403260F068A06DEAB1EA0172276135
:107BB000906708951A18BD5B014D212A0996C4C02B
:107BC00020F257A0403220F276A06DEAB1EAAAF581
:107BD0000B4A152A87401A18025B314C13B36EEA20
:107BE0000E2A10F28C401A18025B006510B36EEA80
:107BF000062A20F280401A18025B006545D820C092
:107C00007C67D0F042AB014A31EAD0F042CB43C8A6
:107C1000006A46D8626701100C6B796420E84367FC
:107C20002CED00A0F5FFFF0F5252614172724161CD
:107C300008F0E464066704D51A184F5B0404626711
:107C400000520B6A15610CB4683369E4409A022251
:107C5000006DA0C208920222006DA0C26DE40892DD
:107C600040DB006A0520090408051A184A5EC2674D
:107C70006464A0E82CED00A008F0FC640467096AC5
:107C8000C0F0142466673F69CCE919041005D16778
:107C90001A184A5E13D3C0F0072A109204D20404C3
:107CA0001A18675D19951393062ABD6720F09B8506
:107CB00000540160066A1C6C6CEC512409220472A9
:107CC00003611A18125E0404086B6DE90B22AC10F4
:107CD0005D6796A2116A8CEAA0F0012A046A4CEB57
:107CE00080F0192B086A2CEA46221A183DDA006542
:107CF0000B940E4C1A18085BA2670B94164C1A18BA
:107D0000085BA26710960B9780A61A18825BA7677C
:107D100012D2206A4BC786670B951A18895B006ED2
:107D20000B92006B7CC27DC27EC27FC2016A10933F
:107D300043C31293202310946D9C04041295006E8B
:107D40001A18FC5C13D313936F2A10941A18BD5B96
:107D5000A3671293FF4B109564DD0D226510642A12
:107D60009D6756A4106C4CEC582C026C8CEB0323D2
:107D7000016B6CEA542A086A2CEA0222406A4DE937
:107D80001096AD9EA8D80B97E9D880A61A18825BEA
:107D9000A767A26742D887471A18025B154C62672B
:107DA00043D8006A4AD8C0D883AE82C830C051C018
:107DB00047D845D8206A4CE93421332365D886AEAC
:107DC00045AE58EC12E963E9106080981A18515CCE
:107DD00013D3A267025A13930461014A015A5867E8
:107DE0000110026A2FE3EF220110006AA6D81C2AB4
:107DF0001094C6ACDBEB012EE5E810EA12221A184B
:107E00000C5B13D313930F22DBEB012EE5E812EB8F
:107E100069E247D80610086A0710046A0510076A65
:107E20000310006A0310026A006B60D87C64A0E84B
:107E30000EF0F76424670667006A40DF1A18755B66
:107E40000405A0F0042A51A1A0F0012A90A1016A22
:107E50004CEC076A80F01B24639985998BE303EA55
:107E6000426002674010A599049446AC5BED012A7C
:107E7000E5E810EE652EC5ACFF4E5BED012AE5E8A6
:107E800012EA4CEE3226049787671A180C5BA69903
:107E90004122CDE246AF5BE8012AE5E812EC06D4C8
:107EA0004E2445AFD1E483EA0260CBE206D281A73B
:107EB0000F95C36706971A1883DA08D30893522AD6
:107EC000049743A72B2A46AF069358EB12EFE3E043
:107ED0001193609BE9E3119340DB0F93EDE30FD324
:107EE0008599FDE4E5D9BF285110022D42990C1067
:107EF0004A9904221A18125B916706108099A69974
:107F00001A18515C08D60896025A046181422A2444
:107F100046D9B917026A51C1026A3910AD9F6BE5A3
:107F2000069363EAD060C6AFD8EA12EC0F9391E3F0
:107F3000A747314D1A1C3FE709D70997C41767D9DE
:107F4000049446ACA5995BED012AE5E810EDABE29F
:107F5000F06703EA0160E267A7991A18BD5B09D7C9
:107F600009970422016A51C1016A1110049286AA7C
:107F700065999BEB012CE5E810ED384D0F94B5E2C7
:107F8000C7671A1C3FE709D70997A117006A7764EA
:107F9000A0E800650EF0F86424670667006A40DF19
:107FA0001A18755B0405C0F00F2A51A1C0F00C2A05
:107FB00090A1026A4CEC076AC0F00624459951E092
:107FC00043EC61604FE85F10A599049446AC5BED0B
:107FD000012AE5E810EE80F00E2E85ACFF4C5BED3B
:107FE000012AE5E812EA4CEC06D44F2404944D9C97
:107FF000A799AEEA6A22049686671A180C5BA699BE
:108000006922069369E207D246AE5BE8012AE5E8F9
:1080100012EB642345AE0695B1E383EA0160AFE25B
:1080200081A611950796E3671A18A6DA09D3E267C5
:108030000993732A0494CD9C0795ABE663EA0E601E
:10804000C6ACD8EA12ED384C1192B5E209D31A1C2D
:108050003FE70AD70A970494E3C40993049546AD11
:1080600058EB12EFE3E01393609BE9E3139340DBDB
:108070001193EDE311D385999DE7E5D9439943EF3A
:108080000160E267E3D9A0281110042D429991679D
:10809000132A08104A99916704221A18125B006586
:1080A0000410A6991A18BF5C0065062A90A1406AC0
:1080B0008DEA50C1006A481001720C6081422D2483
:1080C00046D96299932B42D991171A18AA5B006579
:1080D00092222310026A51C1026A361045996399AF
:1080E00063EA07611A18AA5B8667172A0793049444
:1080F0006DDC079367D9049446ACA5995BED012A22
:10810000E5E810EDABE2F06703EA0160E267A799EA
:108110001A18BD5B0AD70A970422016A51C1016A85
:108120001310049286AAC5999BEE012CE5E810EC89
:10813000384C91E21195C7671A1C3FE70AD7016ACC
:10814000049343C30A978E177864A0E8F664046723
:10815000419C00521961629C214249E4ACC23C51ED
:108160001061809CA740054DD16704071A18E55F90
:1081700006D304924EE901593867016A4EE92BE9AA
:10818000069321D8014B62D87664A0E8E4640467C2
:10819000C19C00560360016A4BEA0C10809CA7400A
:1081A000054D1A18E55F0407F62A419804936EEA14
:1081B000F22A42986464A0E8F66404671A18755BB2
:1081C0000405302A70A0406C8CEB2C231A183DDA81
:1081D0000065226704941A18BD5BA898232A699841
:1081E000ABA3206CADEC8BC38098A367C2981A1820
:1081F000895B06D28743154C1A18085BA3988743FE
:108200000F4C1A18085BB167069252C353C3016A38
:10821000049343C31A18225E049490A0416B6BEB45
:108220008CEB70C07664A0E8E4641A186E60046792
:10823000062A90671A18755B0405012A40D8646401
:10824000A0E8006504F0C3641A184F5B06040052EE
:108250000B6B04617C67D0F040C3006B436420E883
:108260004367006504F0CA64140410051A184A5ED6
:10827000006EC267202A109204D204041A18675DA7
:108280001495C267152A7D6720F05B830052046055
:108290000693109266DA0F107D6756A3106B6CEA96
:1082A0000922109780A71A18825B0B9546DF0310EE
:1082B00004720161056E4A6420E8466708F0FF64B5
:1082C0000467006A40C41E0416051A184A5E006E50
:1082D00019D280F0152A169204D2469A06D21F911E
:1082E000069318D3552304041A18955C206D80F06A
:1082F000032A16941A18BD5B0A957E2A169280A24C
:108300001A18825B0B9506D204041A18955C006D4E
:10831000732A04041A18EA5D006D172A169380A3C5
:108320001A18825B0B9518936EEA0A2A9D6740F033
:1083300049C40A920E2204041A188F5B1005091012
:1083400004041A18325D006DE42204725561026A59
:108350005310006A100351E3A98481420225446747
:10836000F91783E948615BE19167CAEC1E9578676C
:108370000923FF4C3FE21003FDE39DE7E98795E504
:10838000E0C5F3174FEA45E135E52F6A40C5A81768
:108390001F936AE90561FF491E9429E42F6C80C28E
:1083A0005C67D0F040A2483219B449E4A09A45670E
:1083B000B3E2014AFFF7DF82FB2E424443E9006A41
:1083C0001D618AEA066059E5E08659E0E0C6014A87
:1083D000F81789E001423A6DA0C2014C0F24014810
:1083E00041411E942DE46083FFF77FC01F9363EA31
:1083F00007602267F417116A19D20210116B19D3A2
:10840000006A40C019927F64A0E8006584A7039DBC
:10841000F864046725671A18755B0405E0F0102AF4
:1084200051A0E0F00D2A4A9863226141392B644241
:10843000409A07D2C29802692926E667006A06D2E6
:108440000694014C06D48098A7670AD308D61A1858
:10845000515C09D7025A0A9308960997A0F0126155
:10846000814280F01524014F4EEF022FE267E8179A
:108470000249079523ED0461069480DBC1DB084BBC
:108480000495879D83EA0260C267D7174A9820DA6D
:10849000079223EA116AA0F01361006A40DBB01072
:1084A000439823EA0160226725D8A0F00821EF4114
:1084B00090671A18125BA76746D8049686671A1841
:1084C0000C5BA2677F2266AE85AE7BE9012BE5E8F7
:1084D00010ED80F014257BEF012BE5E812EBFF4C4B
:1084E0008CEB6DE247986EEA80F0092267D887101E
:1084F000639823EB056050A0026C8CEA012A236785
:108500008598006A45D80229006A6510049266AA17
:1085100045AA58EB12EB1224FF4C4F417BEA012B8A
:10852000E5E812ED7BEC012BE5E812EA43ED06618C
:108530006BEA8CEA45D847E146980E1042980B2A20
:108540009067006D1A18BF5C0AD301720A933A60F3
:1085500081421E2442D846D8D7220710025A3261DF
:108560000495879D83EA2E6046D823EB1D6067E162
:10857000A59871E585D890A0026DACEC0D249067AC
:10858000A2671A18BF5C0AD30A930D228142E62C17
:10859000016A51C0016A34108098A2671A18515CB0
:1085A0000AD30A93F317006985982DE465D80494DB
:1085B000C6ACDBE9012EE5E810EBA6231A180C5B2C
:1085C000A267042A026A51C0026A1A10DBE9012E6E
:1085D000E5E812EB69E26598A39863ED056063D85E
:1085E000B0A0406CADEC90C0049586AD9BEB012C27
:1085F000E5E810EB042367984EEB012347D8006AA7
:108600007864A0E808F0E4640467096B2B2409048B
:1086100004051A184A5E006E222A049240D8906718
:108620001A18675D0995152A20F04B8000520A61DF
:1086300046A0106B6CEA1222049380A31A18825B86
:10864000A79842D8049343AB42C890671A18955C28
:10865000006D04720360006B05220110056A006B57
:1086600060D86267646420E843670065E464046777
:108670001A18755B0405012A40D86464A0E80065F7
:10868000F6642467656704051A18755B06D30267EC
:1086900006931D2A9167006D042B1A18955C0065DE
:1086A00015101A18EA5D06D3056C8BEC4CEC06939A
:1086B0000D2C09C34699042291671A188F5BA36792
:1086C00091671A18325D006D04720160026750678D
:1086D0007664A0E8F5642467056791671A18A061BD
:1086E000B06762670D2A0C2049800A228B99A74047
:1086F000024D006E046F1A18295B04D30493ED2217
:10870000756420E843670065F46404672567EBDC63
:108710001A188161A667042A90671A18B561B167B3
:108720007464A0E804F0EA640567140404051A18E8
:108730004A5E006E162A04041A18675D1495112A01
:108740009D6720F07B8400530B610B2049C00A9386
:1087500008230404B0671A188F5B10D2109201101E
:10876000066A6A64A0E8006508F0F76406670E040C
:1087700004051A184A5E006E2267682A049360D8BE
:10878000459BE79B8E4743EC03610F9340DB5E10F4
:1087900040A301721761026E00688367A66708D361
:1087A0001A18515C07D68142089307964B24017230
:1087B0004B60015A586741E0014E0494479C43EED8
:1087C000EC613710AA9B006B03670C2BC145049426
:1087D00008D307D61A18BD5B06D7089307960697E5
:1087E000342AA667049640A602728743314C0F6173
:1087F00069E620F058A20A6591E641A440328867F4
:108800008DEAB1EA015A586741E0024B0B1091E63C
:108810001A18025B08D310B48CEA015A986781E0F9
:108820000893044B46AE5BEB012AE5E810EBFF4FE3
:10883000CC2F0F9300DB049205DA84A2016B8DEB41
:1088400064C20410016A0110026A226751677764EA
:10885000A0E80065FFFFFF0FF66404671A18755B58
:108860000405382A31A05167352970A0026A4CEB03
:10887000076A30236598439843EB006A2B600A2B04
:108880009067A298C2671A18FC5C06D32267069309
:1088900062D8161080981A18515CA6986142042379
:1088A0000172046102690C1001690A100494679C4A
:1088B00063EA06609067A2671A18FC5CC698226794
:1088C000659863D870A0406A6DEA50C0006A0221C2
:1088D00031C051677664A0E814F0F16422041C05ED
:1088E0001A184A5E026E4B2A1C9210D210041A18F3
:1088F000675D2295442A5D6760F06BA2206C6CEC8A
:10890000066A3D2C7E333B2B7D6740F0E6A3016B6E
:10891000ECEB076A342B1C9680A61A18825B17951D
:108920000267106A4CEF1427469E0EEA0F2204D607
:1089300006D004041A18955C006D212A04041A1844
:10894000EA5D006D0322047203601910076A1710B4
:10895000109191671A18BD5B1695112A1B6A4BEA94
:10896000179340C3016A43C104281A18225E1C945D
:1089700006101004B0671A18FC5C006EF62210F0A6
:108980007164A0E804F0FE641C0414051A184A5E21
:10899000026E22677A2A149204D204041A18675DC0
:1089A0001C956F22047270617D6720F05BA3206CC0
:1089B0008CEA692A149210D210041A18BF5C006D58
:1089C00002670822017004604140052A0169031012
:1089D0000269011007691A183DDA006516D24B29A1
:1089E00014941A18195DB0672267452A1494384CFC
:1089F000206D1A1C29F10B6E14922E6920F038C2DA
:108A0000106B40F063C28742474C1A18085B1695FA
:108A100014928267A742314D1A18895BD06714926D
:108A20008742514CA742314D1A1C3FE7206E1495E6
:108A300040F039C58567584D1A18895B0696016B59
:108A4000149263C21A18125E04042267142A0B944B
:108A5000164C1A18085B169514940B951A18895B16
:108A6000D067106B0B926BC2016B149263C21A1821
:108A7000225E149409101004B0671A18FC5C006E92
:108A80000410086A0110066A226751677E64A0E834
:108A900018F0F5641A184F5B2B042A0424051A18E1
:108AA0004A5E026E772A249210D210041A18675D6B
:108AB0002A95702A606B6BEB9D6760F04BA44CEBC2
:108AC000066A682B1C0417951A1C3FE7206E0404E5
:108AD00010051A1C3FE7306E04041A18675D2B95C9
:108AE0000A2A069312924EEB086A542B08931494A8
:108AF0008EEB502B021004724D611A18125E0404A2
:108B0000492A0B918741064C60F01D051A1C3FE76E
:108B1000136E5D6760F07BA2106A6CEA02226BC183
:108B20000310206A6DEA4BC10168249303C34BA173
:108B3000106B6CEA2022129206948EEA1C22249674
:108B400080A61A18825BB16786671A180C5BA26749
:108B5000A267026A1F251A18BD5B866724951A2A28
:108B600040F059A52E7207618567584D1A18895B28
:108B70000696249203C2109090671A18BD5B169552
:108B8000092A1B6A4BEA179340C3016A43C01A18AB
:108B9000225E249410F07564A0E8006504F0FB6484
:108BA00005672667160410051A184A5E026E1E2A0B
:108BB000109204D204041A18675D1695172A606B88
:108BC0006BEB9D6720F05BA44CEB066A0F2B276ACA
:108BD0004CE90B932FEA8BA38CEA0CE92DEA4BC3EB
:108BE000016A109343C31A18225E10947B64A0E8B4
:108BF00004F0EA640567140410051A184A5E026E50
:108C00001E2A109204D204041A18675D1495172ABC
:108C1000606B6BEB9D6720F05BA44CEB066A0F2B3F
:108C2000A2A8A035A03543A80B94164C1A18085BCF
:108C30004DED016A109343C31A18225E10946A64C2
:108C4000A0E800650CF0FB642567160410051A18EF
:108C50004A5E006E0267412A2421109204D206D097
:108C600004041A18955C006D182A04041A18EA5DA9
:108C7000016D132A0B9651E155E6A0A5A0C4014A47
:108C80000B72F9614741044A006C80C24AE90960ED
:108C9000FF4A80822074F8600410046C4EEC1C2C97
:108CA00080C118931A23109282671A18BD5BA99A83
:108CB0000267132A109340A3037205600472646A6A
:108CC0000360276A0110436A8742314C1A18025B1D
:108CD00091E3189340DB0110026750677B64A0E8C2
:108CE00004F0FE641C0416051A184A5E026E692A16
:108CF0001004206D1A1C29F10B6E00681C9260A2F2
:108D0000205B196161421CD320A24841A74A1A5A2C
:108D10000360E04931E90910805904612BB225E272
:108D20009FF720A10229066A4C1029B41A1860F690
:108D3000B1673F22F8179D6740F040A4E572F360E9
:108D400008204F4010044DE460A3207302610267C5
:108D5000F717169204D2006A06D204041A18955C1A
:108D6000A2672F2A04041A18EA5D016D062A0B94E3
:108D700015281B6A4BEA40C4151004722261006A70
:108D800020201A18045E04041C2A0B94006D1A1C7F
:108D900029F1206E086A0B944BC40B9410051A1C21
:108DA0003FE70B6E016A169343C31A18225E1694AE
:108DB00008100B58B8607D6709E340F020C20148F5
:108DC0009D177E64A0E80065F0A6039DDCA6039DC8
:108DD0000CF0F864046725671A18755B040580F0C9
:108DE000002A51A07E2A076A7C2163987A2B70A002
:108DF000026C8CEB7623049286AA65AA78EC12EBBF
:108E00007BE9012BE5E812ECFF4B2CEB015B78676B
:108E1000016DAEEB8DE307D3C49A025E0361479AFE
:108E200043EE0161026E6667E667006A06D28098CB
:108E3000A7670AD308D61A18515C09D70997014FBA
:108E40000495879D83EF0A9308960161026F017272
:108E5000456081424524072A0692014A06D20794BA
:108E60008AEA046107106767006D06D5CAEFDF6103
:108E7000076A371006D312951B2D0694FF4C0492F7
:108E800084DA12931323069362D823D890A0406B00
:108E90008DEB70C0659A879AFE4C63EC076107946E
:108EA0008FE365DA84A2016B8DEB64C2006A19104E
:108EB0000797006CE427049401770260C143021015
:108EC000016ECBEEA3670AD31A18FD5B09D70A938C
:108ED0000997072AFF4F8367014BEC17026A0110BD
:108EE000016A7864A0E800651EF0F06405672667F3
:108EF0001A184F5B200400520B6CA0F30461483336
:108F000040F70CB46DE4609B0223006C80C311EA4F
:108F10000ED2022820F71CB01A1862DA0E94016BE8
:108F20004CEB036C80F30F2B046B6CEA11EA0A6CB8
:108F300080F3092A419808D2082A0E94036D1A1862
:108F4000D4DA08060222016A08D208926F4210F0B1
:108F5000006C83EB02606CEA0222016A08D20E9474
:108F6000026D1A18D4DA0906E0F1172A5D6772AAB1
:108F70004843884A80F7015AE0F10F604F436CEA9A
:108F8000E0F10B2AE0A041A08F42025C016C12D4F8
:108F9000016012D2A29813D58567FF4C10F0006AC9
:108FA00043EC096076325BED012AE5E810EA052220
:108FB000806E13D60210806A13D2039880F618B21E
:108FC00003EA07614F400CEA015A58674BEA4CE844
:108FD0000110006823927BEA012BE5E812EC14D41F
:108FE000116C12ED20F30F2520F30D21006A07D23A
:108FF0000E94016D07061AD31A18D4DA19D71A93EA
:109000001997A0F10A2A086AC7674CEE16D6006ABB
:109010000FD2082E0792405A0FD60461C14A07D2D8
:109020003F6C0FD4079517D5805D02600E6C0B1353
:10903000026DECED0325016AECEA0822016A4CEFAF
:10904000136C00F30027026E0BD60210036F0BD7D0
:109050007BE8012BE5E812EC815C0161806C19D49E
:109060001A183DDA1AD518D207900DD040F4023004
:1090700008655D6772AACF43CE650D97E237F23778
:109080002F651390143048650892CF426E654BEA05
:109090008A6519941A950B9003700AD429610D2CD6
:1090A000A0F518B201680AD0E0AA0727024AC867EB
:1090B000E3EE03610A900430F6170D970A901BEF58
:1090C0000128E5E812EAE242E837CE67DDE77BEF08
:1090D000012BE5E812E811D0FFF7166FEBEFE9E29C
:1090E00060F51CB743EFA261006810D02068301013
:1090F0000D2C60F510B201680AD0E0AA0727024AD9
:10910000C967E3EE03610A900430F6170D970A90E1
:109110001BEF0128E5E812EAE1F7165A0461024A5A
:10912000443202680610443749E7014A4632034A8E
:1091300001680BD0CE67C9E27BEA012BE5E812E8B3
:1091400011D04A677BEA012BE5E812E810D00168EC
:109150000F9249E00CD211961297F8EE12EFFDE251
:1091600010925DE7CB67C9E7CC67CCEAEBE20B96E0
:109170000376056141E00C9659E60CD61310129661
:10918000DBEA012EE5E810EE0526FF4A01480C96C1
:10919000014E0CD61296DBEA012EE5E812EA119692
:1091A00059E611D60A96D0320F96CBE2FDE20D9227
:1091B000E3EA3FF71B611FE21196129258EE12EAA2
:1091C0005FE71096DFE70A925BEF012AE5E812EE0F
:1091D00015D60B9703770B61FFF7166A43EE2F60E6
:1091E0003FF7042C0A9006343FF7002454170B92E3
:1091F00002721A61FFF7166A159643EE096120F2B2
:10920000002C0A900432415A00F21360826743171F
:109210001592E1F7165A13601FF7082C0A900434D0
:10922000815C1FF7036037170B920172066115947A
:10923000E1F7165CFFF61A600210006D0BD591671E
:10924000006DC3671A1C29F11AD3916700F418B591
:109250001A1C3FE70B6E1A936BC162336CC10A9301
:109260006DC10EC102300FC1129010C10B90036A84
:109270004EE80320139231EA0110006A51C14232D4
:1092800052C1FAB20D9343EB046073C1623254C110
:1092900005108741194C1A18085B0D9518971793FC
:1092A00069E7086B6BEB75C13F6B78C1006B79C1E7
:1092B000016C8BEC9AC17BC18741154C1A18085B75
:1092C0000F95874127283C4C1A18085BA2678741F5
:1092D0001D4C1A18085B1195026A20F04CC120F051
:1092E0000DC120F00EC120F00FC1016A20F050C165
:1092F00020F011C1066A20F052C120F013C1806A2B
:109300004BEA40F040C1296A40F042C18741404CDD
:10931000D7B51210204C1A18085BA267119376C1BA
:10932000623257C1806A4BEA20F044C1296A20F0BA
:1093300046C18741244CCFB51A1C3FE7136E556CCC
:10934000E0F19EC1566DABEDE0F1BFC10E94B16787
:109350000F961A18A6DA016F0222016C74114128C7
:109360000E94B1670F96064E1A18A6DA016F916730
:10937000006DFD671A1C29F1D2AF526A40C141C18C
:10938000616A42C1416B63C1726CE0F184C1E0F17A
:1093900085C1E0F166C1E0F147C1E0F18841159572
:1093A0001A18085BFF4D026AE0F14CC1E0F10DC1F3
:1093B000E0F10EC1E0F10FC15568E0F11EC1566A3F
:1093C0004BEAE0F15FC10E94B1670F96074E1A1891
:1093D000A6DA016F0E94B1670F96014E1A18A6DA3D
:1093E000016F7D6752AB149058E89167006D1A1CAD
:1093F00029F112EE006B0DD30B92037258670FD256
:10940000122A086A4BEA40C1016A4BEA41C142C1D3
:1094100043C144C145C146C147C148C149C14AC110
:109420000F6A4BC10A100B9301730360086DABED1B
:10943000011091B51A18085B916711907067149428
:1094400003EC016064670E94B1670C96E3671A1829
:10945000A6DA1AD3822A9167006DFD671A1C29F1DA
:10946000D2AF1A930C9269E20CD263E0E7280D9315
:10947000014B0DD3129003EBBF610F92022A0A93A6
:1094800010D31090149303EB016003670E94B1673F
:109490000C961A18A6DAF0675FF71F2A0C930DE3F3
:1094A0000CD310930FE310D3EC2B0F940E240795DD
:1094B0006EB003ED066B0CD30A600B900270016B6B
:1094C0000CD30561046F0CD702100C680CD01693F6
:1094D0000A230E94006D1A18D4DAC567015A58672A
:1094E000016C4EECB010079204D2169305D30E9483
:1094F000016D1A18D4DA06063FF70F2A06970AD725
:10950000056A08680A931BEB0128E5E812ED3FF4B1
:109510001F6C83ED06610433036711E8FF4AF22AEA
:10952000FF68916701F0006E1A1C29F1006DB0F11F
:10953000CE41646A0A975BEF012AE5E812EA0BD292
:10954000006B0DD33F6A0A9363EA1660BD670D97FF
:10955000F1E5E49C655F0760647704600B9378EF46
:1095600012EF01100A9751E70A9383EB026143EC73
:1095700002600A935FE30F2F556AE0F15EC1566AFD
:109580004BEAE0F15FC10E94B167006E1A18A6DADB
:10959000016F9F22E2168746014C1A18085BA267EA
:1095A0008746054C1A18085BA7670C9364C63F6D85
:1095B000BBEA012DE5E812EB1BEB0128E5E812EC14
:1095C0000C651BEB0128E5E810EC81C668676A347E
:1095D000406B6BEB2B656CECBBEA012DE5E810EB07
:1095E000014B6DEC82C6886783C6E9E2EF420F65E6
:1095F000BBEF012DE5E812EC1BEC0128E5E812EFCA
:109600001BEC0128E5E810EC85C6EA3469676CECD0
:109610006867BBEB012DE5E810ED014DADEC86C6AA
:10962000E7C6104E0D970C77A760044F0DD78B2A15
:10963000A317032503680BD02E15815AFFF416607B
:10964000E515F82DF314706420E844672CED00A0B4
:10965000CCA6039D00000001BCA6039DFFFFFE0FEA
:10966000ACA6039D78A6039D0000010084A6039D7F
:1096700098A6039DF8FFFF000CF0F6646467FF4DA9
:1096800006D524670068069242E813600E9405052B
:10969000016E04071A188C5F07D3049201720793B6
:1096A00008619D6754A40149FFF75FC101480A7230
:1096B000EA61006A40C143670128006A7664A0E855
:1096C000FE64046725670404006D1A1C29F14C6EC2
:1096D00004D104041A185360B0671A1863600404B4
:1096E0007E64A0E8FE64046725670404006D1A1C0C
:1096F00029F14C6E04D1A080052501481A18536049
:109700000404F9171A18636004047E64A0E8006575
:109710001EF0F66424670567006A7D6780F040C329
:109720000404006D1A1C29F14C6E04D12E021FD2C4
:10973000A08020F10925257502600148B810A1809C
:10974000307505616340A280306E22D605102D75FC
:1097500005606240206F22D7006A05106340A28036
:10976000206A22D2026A2A750260006907101F94DB
:10977000A4441FD5209C0143A0830E100367884595
:10978000D84C11EC0A5C086024342C3125E4A5E1A6
:10979000D049A083014BF2172E751B61A0802A755A
:1097A00003606140006E07101F9384431FD4C09B69
:1097B000A1800248101003678845D84C11EC0A5C60
:1097C0000A60C434CC36D9E4B9E6D04EA083014B4C
:1097D000F217016ECBEE6C750461046B6DEAA0802C
:1097E0000148C0F01125646FAEEF1927655506607A
:1097F000627562606355166058750D107375186058
:10980000745506606F75086B6B65786757234F104A
:109810007575056078754B61106E6E654F100A6C3A
:109820006C654C101F9264421FD30404A082401048
:109830001F9384431FD4609B012B200383677FE425
:10984000014CFFF7BF84FB2D00561361E3EE11605E
:10985000E6670F1023EF10600404229523D225D36E
:1098600026D61A18536024D72497014F269625939D
:109870002392026C4CECEE24D9E30C10CAEB0C6082
:10988000014B040425D326D61A18536024D72497F5
:1098900026962593A083F22D23EF5FF70960040439
:1098A000206D1A18536024D72497014FF51704042C
:1098B0001A18536000653C17026B6B651F93844355
:1098C0001FD4809B052F005403608BEC016B6DEA65
:1098D000006E4E65EB67FBEC012FE5E810EE666766
:1098E00091EB0B65FBEC012FE5E812EC0A530A61E2
:1098F00011EE0E657875076E0161276E686779E66F
:1099000091EE0E656A67014B170679E6E867304FFE
:10991000FFF7FFC60624207302604B65DB171F6C40
:109920004C65016C4CEC072404066DE62D6C40F090
:109930008CC36A67024BC367026C4CEC0E2C23EE9F
:109940000C600404229523D225D31A18536026D61E
:109950002696014E25932392EF17FF4B170769E7D1
:109960000404A08225D31A18536026D62593269680
:10997000F42B23EEDFF61C600404206D1A185360EC
:1099800026D62696014EF5171A186360040410F0C7
:109990007664A0E8C36406B41A1828F90065016B60
:1099A0005C67D0F07CDA4364A0E800655865029DEE
:1099B000C36406B41A1828F90065016B5C67D0F01F
:1099C0007CDA4364A0E800656065029DF5641C676D
:1099D0009067F0F00C4C1A1841CC006513B114B329
:1099E00091671A1841CC04D30849049351676EEA71
:1099F000F72AD0F04CD8D0F048C09067D0F0184C7F
:109A00001A1841CC00659067D0F0144C1A1841CC5C
:109A10000065016A30F058D806B4006DFF6E1A1C5C
:109A200029F1014E7564A0E8A4EC00A0CCEC00A0E4
:109A30003C1200A0015556615524B164036BACEB98
:109A4000AB37C7674467152600A2B5E021A22031D5
:109A500021E5A3A2A03522A235E5A035AC35003121
:109A600020312EED0EED044AA2300E30B5E0FF4E4F
:109A7000EA17E837F1E402731A60037309600173AF
:109A80002161408455E5A03248324EEDA6321910CE
:109A900041A4403260A469E2A9E240336033A28469
:109AA00080F4A0354EED6EEDA2324E320A1041A484
:109AB000403260A469E2B5E2A0324C324EED40F48F
:109AC000A232B5E2AC324EEDB632B5E2B032AEEA19
:109AD00040F4423349E340F640336EEA5A3331648E
:109AE00020E849E320E8006AF5641AB41A188D6684
:109AF000106D19B119B41A18916040D918B417B57E
:109B00001A180C5F006E15B41A189960006515B428
:109B100012B51A181E5F0A6E0267062A11B4B167E1
:109B2000146E1A18E55F04070EB41A188A600065EF
:109B30000AB4066D1A18E762C567072090671A18FD
:109B4000A48A006D7C67D0F05CDB7564A0E80065DA
:109B5000400A00A0F00900A08C65029D040A00A044
:109B6000B0D900A0006A014A0A6B7BEC012BE5E842
:109B700012ECF92CA0E800657C67B0F144A3382A08
:109B80001DB240823522F5641CB61DB03067809846
:109B9000082419B505D31A1CCEEA04D605930496F9
:109BA00026220848CAE8F36115B2006C0467A09A3F
:109BB0000825A19A012D90670148084A0570F761B0
:109BC00004670DB41A1C99E705D30C3025E09167A2
:109BD0001A1859CCA14205930A22D0F04C9B014A95
:109BE000D0F04CDB41D904B51A1C45E58099756469
:109BF000A0E800653C1200A0CCEC00A0A4EC00A002
:109C000008F0F5643C6759B205AA1A18F9FA0D6C08
:109C1000B0F144A1052256B41A1870FA0065A110DB
:109C200054B41A1C99E7006504D20A9336230B93A7
:109C30002F23F0F08499F0F0489955E429254EB48B
:109C40001A1870FA014D43E00A93E0F3085B2561AE
:109C50001A18F9FA206C0A9304F7105B0260FF48A7
:109C60001C101A18F9FA206C44B20A9363EA0261D4
:109C7000FE4813101A18F9FA206C41B20A9363EAED
:109C80000261FD480A101A18F9FA206CFC48051008
:109C90003CB41A1870FA0A9543E0006B0AEB0F60A7
:109CA000F0F0889989E3049483EA096031B449E4C7
:109CB00080821A18F9FA05D30593014BEF1703EBCD
:109CC0000760206C1A18F9FA05D30593014BF717B2
:109CD0001A18F9FA0D6C0A9328230B932823F0F035
:109CE0008499F0F0489955E4222523B41A1870FAA3
:109CF000014D0A93E0F3085B18611A18F9FA206C19
:109D00000A9304F7105B11611A18F9FA206C1BB260
:109D10000A9363EA0A601A18F9FA206C18B20A93D7
:109D200063EA03601A18F9FA206C006B051015B489
:109D30001A1870FA0A95F917F0F0449943EB0C6081
:109D40000CB269E2F0F0889989E280821A18F9FA77
:109D500005D30593014BF01703EB03611A18F9FAC9
:109D6000086C7564A0E80065F00900A09865029D84
:109D70003C1200A0AC65029D9F8601003F420F008F
:109D8000B465029DF5641A18FA4F0065026711E880
:109D90001B70586704D2032202200F7038611569C6
:109DA0006F41236711E9032904920A2A1E101A1829
:109DB000195100650152F8601A18404E0F6CF017E7
:109DC00001281B681A18FA4F003011EA41E01F10F1
:109DD0001A18FA4F0065226711E90221003021E0CC
:109DE000066BFF4B11EB072B12211A181951006556
:109DF0000152EE600C101A18195105D30152059347
:109E0000F3600F6C1A18404E05D30593EA1750679C
:109E10007564A0E8E3640CB41A1870FA00651A18A7
:109E200019510065015204611A1861670065F7173E
:109E30001A186167006505B41A1870FA026750674E
:109E40006364A0E8BC65029DD865029DF564A467C3
:109E500010B41A1870FA1C6710F25C98014A10F2DC
:109E60005CD80DB3839BFC4C82EA00690D6110F253
:109E70003CD81A18856704D3049369836EEA042AD0
:109E800006B41A1828F9016951677564A0E80065DD
:109E9000F465029DF00900A0FC65029DE3641C6767
:109EA000006A10F25CD858B41A1828F9006557B443
:109EB0001A189367006556B41A189367006555B46D
:109EC0001A189367006554B41A189367006553B461
:109ED0001A189367006552B41A1893670065B0F1B9
:109EE0004CA8106B6CEA04224EB41A1893670065F4
:109EF0004DB41A18936700654CB41A18936700653F
:109F00004BB41A18936700654AB41A189367006532
:109F100049B41A189367006548B41A189367006526
:109F200047B41A189367006546B41A18936700651A
:109F300045B41A189367006544B41A18936700650E
:109F400043B41A189367006542B41A189367006502
:109F500041B41A189367006540B41A1893670065F6
:109F60003FB41A18936700653EB41A1893670065EA
:109F70003DB41A18936700653CB41A1870FA00656E
:109F80003BB41A18936700653AB41A1893670065D2
:109F900039B41A189367006538B41A1893670065C6
:109FA00037B41A189367006536B41A1893670065BA
:109FB00035B41A189367006534B41A1893670065AE
:109FC00033B41A189367006532B41A1893670065A2
:109FD00031B41A189367006530B41A189367006596
:109FE0002FB41A18936700651A18F9FA0A6C1A1830
:109FF00019510065015204611A1861670065F7176D
:10A000006364A0E80866029D0C66029D4866029D96
:10A010008466029DC066029DFC66029D3867029DB3
:10A020007467029DB067029DEC67029D2868029DDF
:10A030006468029DA068029DDC68029D1869029D0B
:10A040005469029D9069029DCC69029D086A029D37
:10A05000446A029D806A029DBC6A029DF86A029D64
:10A06000346B029D706B029DAC6B029DD86B029DA0
:10A07000EC6B029D286C029D646C029DA06C029D9D
:10A08000DC6C029D186D029D546D029D906D029DC9
:10A09000CC6D029D086E029D446E029D806E029DF5
:10A0A0000CF0F8641C6720F51CB325AB006AF0F0D7
:10A0B00048D820F514B4A267FF6E014E1A1C29F18E
:10A0C0000BD31093062320F500B4A3671A1897F555
:10A0D000FF6E1A18F9FA0D6C1197062700F50CB4EB
:10A0E0001A1870FAA76747E1006AF0F044D8F0F058
:10A0F000A898F0F0C498ADE61297E3EB4260E0F464
:10A1000008B40BD309D51A1C99E708D60B93014B59
:10A1100043EB099508963560014E23EE0360F0F09D
:10A12000C4D8E517014DF0F0A8D8E1171293015BF0
:10A130001A180067B8671A18616700656267A0F4AB
:10A1400010B2809A262C1B7329600D7340600A732D
:10A150003E600E733C6008734461F0F04498F0F088
:10A16000689875E260F41CB450A443ED016B05617E
:10A17000626791EB016C82EA376011EB412B006B57
:10A1800012D360F404B440842E721194CF61006C39
:10A19000CD176EEC20F20024044AD3171A18DE669D
:10A1A0000BD340F404B4006DFF6E1A1C29F1014E6C
:10A1B0000B931097072720F410B4A7671A1897F588
:10A1C000FF6E0B935C6C1A18F9FA0BD308101A186F
:10A1D000DE660BD3006AF0F048D8F0F044D80B9359
:10A1E000FB117F733361B9174AEBC7619BE5FEB77B
:10A1F000D9E7C08620760160016B014C91ECBB175A
:10A20000F0F0E89804D7F0F0E498049259E7B72604
:10A21000F5B2D5E285670BD309D508D61A1C99E7A4
:10A220000AD708968F46F0B691E609951A1810F8E5
:10A23000C1420B930A970427FF4FF0F0E4D80410B3
:10A240000492FF4AF0F048D8FF4B971761F711735B
:10A250000660E8B26EEA032243F313731661F0F06E
:10A260006498F0F0889895E3DFB6ADE683670BD38A
:10A270001A1C99E709D50995014D0B938367DAB745
:10A28000B5E71A1810F8C2677A1761F70C73066001
:10A29000D9B26EEA032243F307733861F0F0E8980D
:10A2A000F0F0649804D3006AF0F048D8F0F044D895
:10A2B000F0F0A898F0F06498A9E3C142CAB449E468
:10A2C000408220721761C8B40BD309D508D61A1C76
:10A2D00099E70AD70896C3EA0B9309950A97F361A1
:10A2E000014B23EB0360F0F064D8E217014DF0F06E
:10A2F000A8D8DE17EEED5FF7022D0495AEEB3FF721
:10A300001E2BF0F068D8F0F064D8391761F70973A4
:10A310000660BAB26EEA032243F30F731C61006A4F
:10A32000F0F048D8B0B41A1C99E70065FF5A0161F3
:10A33000FE6AF0F044D8F0F06498F0F0A898436713
:10A34000B1E353E423EA0261FF4AFA17F0F044D87C
:10A35000F0F088D8141761F70B730660A8B26EEAA4
:10A36000032243F30B730D61F0F044980222FF4A7D
:10A37000BF10F0F048981FF70222FF4AF0F048D8CB
:10A38000FE1661F7147306609EB26EEA032243F371
:10A390000D732561F0F0C898F0F0E498E9E6014A01
:10A3A000FF5A03611A18F9FA076CF0F06898F0F098
:10A3B000A4988DB40BD31A1C99E709D50B93099572
:10A3C000B1E3014C83EADFF61A61014D23ED03602E
:10A3D000F0F0A4D8D416014BF0F068D8D016097369
:10A3E0004D61006B05D3E36704D77EB270A204977A
:10A3F00062EFDFF604607CB41A1C99E70BD30B9371
:10A400007BEA012BE5E810EB3623054AFF5A07618A
:10A410000593052B7CB41A1870FA006505D272B446
:10A420001A1C99E70065FF5A2360F0F0E89806D7F8
:10A43000F0F0649807D3E9E3E1426BB48DE2F1E414
:10A44000A367FE6E5BE60BD31A1810F80AD7206AD2
:10A450000B9340C30A97FF5F0B600792014A23EA00
:10A460000360F0F044D804100692014AF0F048D896
:10A470000497014FB9170493C82381161A733B61DF
:10A48000D0F048A0056B814211EC055C006A0160C8
:10A4900044675EB44C3704D7F5E4A09D052DFF4B0F
:10A4A000F22BD0F048C06B16D0F048C04EB74087B2
:10A4B000022A0D6A40C71A18DE660AD74AB38367B4
:10A4C000006DFF6E014E1A1C29F10BD34FB4049599
:10A4D000A9E40B9383671A1C45E5A09A62670A9763
:10A4E00040870D6ECEEA012A40C3006AF0F048D8DA
:10A4F000F0F044D8441619730661F0F0E498F0F0D7
:10A5000048984DE759100C6F6EEF0D2F36B4006D63
:10A51000FF6E014E1A1C29F10AD70A97F0F0E8D80D
:10A52000F0F0E4D82C162053046100F100530361CD
:10A53000261600534E6011EB2BB41A1C99E707D373
:10A54000054AFF5A03611A18F9FA076C26B41A1C57
:10A5500099E70065FF5A1FF61260F0F0689804D37F
:10A56000F0F0E49805D769E7614206D31EB37DE2B7
:10A570000695B1E3A767FE6E5BE60BD31A1810F8D9
:10A580000AD70A970796C0C70697FF5F0B930B6021
:10A590000592014A23EA0360F0F044D804100492C3
:10A5A000014AF0F048D840832E72FFF50861F0F0C0
:10A5B0004498F0F088988DE20BB24DE383671A1C43
:10A5C00099E70BD30B938367006D1A1C29F1C267BF
:10A5D000D6151673DFF51361786420E843670065CC
:10A5E000F00900A03C1200A0B465029D0073029D1A
:10A5F0007E335B1B7E315B1B7E345B1B445B1B002D
:10A60000435B1B00BC6E029DA4EC00A0F4642467B5
:10A610005C67F0F00C9A01540C6001690A10FF4964
:10A6200010211A1C99E79067014A49E06080037382
:10A63000046140800372F36104104AE8FA60014843
:10A64000F51750677464A0E80CF0F5641A18836974
:10A650000567226704D00C90408103724D6004931B
:10A660004B23032A418103720A600A93014B24B4ED
:10A670000A95D1671A1870FA05D305930AD31A1CE4
:10A6800099E79167014A45E1006B1A18195105D302
:10A690000152059314611A186167006562671A1800
:10A6A000195105D30152059305611A18616705D345
:10A6B0000593F51713B249826EEAE72A0210207358
:10A6C000EA600A230FB249824EEB052B0EB41A182A
:10A6D00028F9006511100C900B20FF4811E808289C
:10A6E0001A188567006507B369836EEA05220C9026
:10A6F0000493FF4B04D3B0177564A0E8C06E029DAD
:10A70000F00900A0CC6E029DF5647C672467009C74
:10A710004080207202610148FB17407204610148C9
:10A7200030F0789B2C1023720461014830F0749B48
:10A73000261021720260006B151030F0989B1A18D9
:10A7400083690148A267006B408503721860014B62
:10A75000856704D31A1C99E705D5014A059555E587
:10A760000493F21740808842D84C11EC0A5C0760D1
:10A77000014864346C336DE4D04B4DE3F31700D9DA
:10A78000756420E843670065F4641A1883690065FE
:10A79000226702674080037206601A1C99E790677F
:10A7A000014A41E0F7172BE0746420E8044A006591
:10A7B00008F0F4641A18E269016C02671A1C99E740
:10A7C000099421429C67F0F00C4C1A1859CC15E101
:10A7D00013221A188369089402671A18E269089408
:10A7E00031E0B0671A1810F8C267906709951A1817
:10A7F00010F8D16750670110006A7464A0E8006522
:10A80000F56404671A18E269016C04D21A18E26947
:10A81000814022671A188369906702674082037239
:10A8200015601A1C99E790676142906775E0D167DF
:10A830001A1810F805D39C67F0F00C4C059304929D
:10A840001A1859CC77E2015A58670110016A7564E9
:10A8500020E84BEA08F0F5641C6724674081207209
:10A8600002610149FB171A1C99E79167FF4A49E108
:10A8700080820824DF4C11EC5E5C0461006C80C2B5
:10A88000FF4AF6178081D0F05098022C01222267EF
:10A89000808136242EEA1522B067D0F0104D8567EE
:10A8A0001A1841CC04D51A1C99E79167049585675D
:10A8B0001A1859CCA142D0F0909803241A1C45E5EF
:10A8C000B167216A4BEA0B936CEA4172046111B4DF
:10A8D000B167326E091057720EB4B16704600B9302
:10A8E0000273016E01610A6E1A181E5F006522670D
:10A8F0000C2282671A18A48A006DD0F05CD805106B
:10A900000069032A1A186566006551677564A0E836
:10A91000B0D900A0F6641C6710F294D8B0F16CA80E
:10A9200006D3096A4BEA6CEAB0F14CC8016A4CEBF9
:10A930000B2390F150C0006A90F15CD847B270F1DF
:10A9400058D847B270F154D8006A05D210F2B498C2
:10A9500046254085442243B41A181E5F016E2267C3
:10A96000062240B41A188A600065916726103DB32C
:10A97000239B1A18736607D305041A1859CCA441EF
:10A98000059507938367082D1A188A6000651A18C1
:10A990006C660065016A1510D16704071A188C5F90
:10A9A00007D3C2670793032A0495AEE90C212DB49F
:10A9B0001A188A6007D6079686671A18A48A006D47
:10A9C000026A4BEA461083671A188A6007D5079512
:10A9D0000593A9E3036B60C261C262C263C21A1825
:10A9E00019510065015204611A1861670065F71773
:10A9F0001DB41A1828F900650594022CF0F08C9803
:10AA00001A181D4D006522671A1841CC050410F272
:10AA100054989A2A086B06924CEBB0F14CA8032389
:10AA2000086B4DEB0310096B6BEB4CEBB0F16CC892
:10AA3000016CB0F16CA88CEB51670B2390F190C0C6
:10AA4000006B90F17CD805B370F178D804B370F145
:10AA500074D87664A0E80065FFFFFF00E01A039D4C
:10AA6000B0D900A0D86E029DF9641C67014C05D4D2
:10AA7000006AD0F05CD807D209D2D0F09C98A0F739
:10AA8000012C0592808220740361014A05D2F917D6
:10AA90002A7412610793025B80F70960014A05D2AC
:10AAA0001A18C269050407D2059309D3226502B2B8
:10AAB00000EA4167A1B9019D216B6BEB8CEB4E73F2
:10AAC0003661014A05D21A18C2690504A2670592C7
:10AAD000608220730361014A05D2F9172C730A6062
:10AAE0001A1865660065226502B200EA41670065D2
:10AAF000C5B9019D014A05D205041A18C2690CD5D1
:10AB000022670C954845FC4AC0F31C5AE96002597B
:10AB1000E761E1F60CB3A5CBE1F608B41A1870FAB8
:10AB20000DD30D9323DBE1F600B4B167101054731D
:10AB30001261014A05D21A18C26905046F42505BBE
:10AB4000CF60A1F61CB350C3C1F600B4A2671A18B7
:10AB500070FA00659D124A730F6105926082884306
:10AB6000D74C11EC095C2C601A18C2690504A26765
:10AB7000016A30F058D81110036DABED8CED3C75C7
:10AB8000EC60A844D84D11ED0A5D80F00060E51737
:10AB9000A3E900F7056030F078D830F038986141CB
:10ABA00083670DD31A1883690CD5408203720D9305
:10ABB0000C95EE61226502B200EA4167A1B9019DE0
:10ABC0003C731C61014A05D21A18C269050430F0B1
:10ABD000789807224BE34AEB0860025B0661FF4B63
:10ABE000FA17025BC0F61C61FF4B30F078D8226583
:10ABF00002B200EA41670065A1B9019D3E731A6186
:10AC0000014A05D21A18C2690504E0F6052A30F097
:10AC1000389801491A188369916740820372A0F637
:10AC20001F6030F038D8226502B200EA4167006543
:10AC3000A1B9019D216C8BECA3678CED4A75036073
:10AC40003073A0F60D61614205D341824CEC4A7429
:10AC50008460036B6BEB4CEB3C737FF71E60CF4A59
:10AC600011EA095A7FF719611A18C2690504016AC5
:10AC700030F058D830F0389801491A188369916734
:10AC80004082037280F60C6030F038D8F3174C73B2
:10AC90004161014A05D2059260822073FA60216CFD
:10ACA0008BEC8CEB5073006E0B61014A05D241F5C1
:10ACB00010B2439A055AC26711EE0261CC4211EEFE
:10ACC00005041A18C2690BD622670B96012AFF49A0
:10ACD00021F51CB41A1828F90BD630F09898B167F2
:10ACE0001A1892690B9630F07898014B83671A18FE
:10ACF00083690DD3FF49408203720D9340F61060C3
:10AD000030F078D8F029226502B200EA4167006588
:10AD1000A1B9019D50733661014A05D20592608246
:10AD20002073FA60216C8BEC8CEB507300690B6123
:10AD3000014A05D2C1F408B2439A055A226711E9C3
:10AD400002612C4211E91A18C2690504016D06223C
:10AD500030F0789843EB0261A14357E5A1F410B4B9
:10AD60001A1828F90CD50C95856730F05898B7E279
:10AD70001A189269D167226502B200EA416700653C
:10AD8000A1B9019D49731861014A05D21A18C26917
:10AD90000504012A016A226730F0989861F414B51D
:10ADA0001A18EC69FF49E0F51B22F629226502B268
:10ADB00000EA4167A1B9019D44731661014A05D2B9
:10ADC0001A18C2690504012A016A226730F09898AE
:10ADD0001A18006AFF49E0F5032AF829226502B231
:10ADE00000EA4167A1B9019D53730E61014A05D282
:10ADF0001A18C269050430F054D8226502B200EA7C
:10AE000041670065A1B9019D436D6EED622D014A58
:10AE100005D205041A18C2690CD506D230F078980C
:10AE200008D330F034980C95E1F30CB41A1C99E770
:10AE300004D504041A1859CCA1420494032C1A18FE
:10AE40006C660065C1F310B51A1C45E504940693C1
:10AE5000092330F094981A1883690DD38082037403
:10AE60000D931461A1F310B41A1C45E504951A184A
:10AE700041CC0404089330F078D830F034D82265FF
:10AE800002B200EA41670065A1B9019D81F308B4EF
:10AE9000A2671A1C45E50DD330F0989861F318B5F8
:10AEA0001A18EC6900650D93DD2230F0949830F0AB
:10AEB000589843EC0461014C30F094D80149014AA0
:10AEC00030F058D830F05498014A30F054D8FF4B45
:10AED000BF174D6D6EED642D014A05D205041A1899
:10AEE000C2690CD5226730F0789806D30C9521F30F
:10AEF00008B41A1C99E704D504041A1859CCA142C5
:10AF00000494032C1A186C66006501F30CB51A1C26
:10AF100045E50494082130F094981A188369006577
:10AF2000608203731361E1F210B41A1C45E50495C5
:10AF30001A1841CC0404069330F078D830F074D855
:10AF4000226502B200EA4167A1B9019DC1F208B4CD
:10AF50001A1C45E5A26730F09898A1F21CB51A18A2
:10AF6000EC690065E02230F0749830F0589843EBBB
:10AF70000361014B30F074D8014A30F058D830F0FA
:10AF800094981A18006A0065CE2A30F0589830F06C
:10AF9000949883EA0361FF4A30F058D8FF49BA1702
:10AFA00058731261014A05D21A18C2690504F0F0FB
:10AFB00040D8E0F41522FF4AF0F040D8226502B2F2
:10AFC00000EA4167A1B9019D5E740961014A05D299
:10AFD0001A18C269050421F208B349C359104B730A
:10AFE0006161014A05D205918081207403610149A4
:10AFF00005D1F9171A18D8FA00655572006D06D5F3
:10B000000B611A18D8FA818153720661E1F110B20E
:10B01000069368C2016D06D51A18D8FA8081557258
:10B020000B611A18D8FA81814B720661016BC1F16C
:10B0300010B268C2016B06D31A18D8FA8081447224
:10B040000B611A18D8FA818145720661026BA1F171
:10B0500010B268C2016D06D51A18D8FA80814672FE
:10B060000B611A18D8FA818152720661036B81F163
:10B0700010B268C2016B06D340810222014905D19A
:10B08000059260820223014A05D2069560F10325EC
:10B090001A18BA660065226502B200EA41670065C7
:10B0A000A1B9019D5C742261014A05D230F0389843
:10B0B00001491A1883699167408203720B6030F06E
:10B0C0005898014A30F058D8226502B200EA416728
:10B0D000A1B9019D21F11CB51A18EC699167EF2AFD
:10B0E000226502B200EA4167A1B9019D6074036064
:10B0F0007E74C0F00261006A04D20404FF6D1A1865
:10B1000059CC014DE1F018B230F098981A18D96670
:10B11000A5AA57E506D504943C24006DFF6E1A1CC1
:10B1200029F1014E30F098981A188369006522675A
:10B1300040820372046004941A1C45E5B167006AFA
:10B14000F0F044D8F0F048D8F0F0609808D30497B5
:10B15000F0F0A898F0F0C498ADE6089483EB1A607C
:10B1600087670DD30CD50BD61A1C99E70AD70D9318
:10B17000014B43EB0C950B960A970C60014E06931E
:10B1800063EE0360F0F0C4D8E317014DF0F0A8D8E7
:10B19000DF170069059260827E731E610493152398
:10B1A000F0F04498F0F0889895E2B9E386670DD303
:10B1B0000CD51A1C99E70BD60C95014D0B9686679A
:10B1C0000D93B5E31A1810F8C2670592614205D3D2
:10B1D00041827E72E3604B10014A05D20592608283
:10B1E000462360736142426005D3408208D20494D2
:10B1F000F524E04A11EA5F5AF1601A1C99E70065EC
:10B20000054AFF5A03611A18F9FA076C0495856715
:10B210001A1C99E70CD5FF5A0C95E060F0F0649881
:10B22000F0F0889889E3814291E555E5FE6E1A18A1
:10B2300010F85BE60495F0F0649869E5F0F0889802
:10B2400089E2089360C2F0F04898F0F0649871E2E7
:10B25000014CFF5CC360014B069483EB0360F0F08C
:10B2600064D8BC17014AF0F048D8B81705D3049544
:10B2700020F10E2500F11A292B1146730360527339
:10B2800020F10A61614205D3408208D205914081D4
:10B2900020720361014905D1F917607260610149AB
:10B2A00005D105934083052260720360014B05D3ED
:10B2B000F817216A4BEA08936CEA467270672161BD
:10B2C000D0F0184B83671A1841CC0DD3059437E49E
:10B2D0000D9383671A1859CC014D05953BE5D0F0C5
:10B2E0009898006D1A1C29F1014ED0F09898B1671A
:10B2F00005921A1C3FE73BE220F700B4D0F0B89863
:10B300002010D0F0144B83671A1841CC0DD305944C
:10B3100037E40D9383671A1859CC014D05953BE529
:10B32000D0F09498006D1A1C29F1014ED0F0949839
:10B33000B16705921A1C3FE73BE2E0F604B4D0F097
:10B34000B4981A1870FA0065059260826073036100
:10B35000014A05D225131A18656600652113D0F03D
:10B36000789806D300F31C23408300F3192230F0B1
:10B3700098981A18836900652267408203721660E4
:10B38000F0F08898F0F0A498B9E4014EDDE1876709
:10B3900006950BD61A18D7F80AD762670B960A9744
:10B3A0001622FFE2D9E7F0F0C0D81110006B0F10A1
:10B3B000252B30F0B898014D85670DD31A18836995
:10B3C0000CD52267408203720D930C950461408175
:10B3D0000372EE610C1030F0B8D891671A18D7F8E4
:10B3E00006956267F4222BE2F0F040D8F017062BA6
:10B3F00020F610B41A1870FA0695D212216A4BEA98
:10B4000008936CEA5272C0F20B611A1C99E79167BB
:10B4100006941A1C99E70BD20B965BE6D0F0949831
:10B42000C0F216241A1C99E70BD662670B96C9E383
:10B4300000F1005A0261FF6BCFE3006A04D2014EB3
:10B4400079E60404A6670DD31A1859CC0BD60494D8
:10B450000B963E241A1C29F1006D04941A1C45E534
:10B46000B1670492F0F0809885E2D0F098981A1CA9
:10B4700099E7006555E185671A1C99E70CD5916736
:10B480000C951A1810F8C1420D9310231A1C99E755
:10B4900091670D9371E1B1671A1810F8C142916775
:10B4A000D0F0B4980D931A1C3FE7C36730F098981A
:10B4B0001A18006A006530F098981A18EC6904951B
:10B4C000032A1A186C6600651A1841CC0404681225
:10B4D0001A186C660065641257730461614205D3E3
:10B4E000208206104173FA60027480F00661F6173C
:10B4F0000593408320720361014B05D3F917082A95
:10B50000D0F05098FFF20C226082FFF2092305D29E
:10B51000059383673A6D1A1860F60DD30D930922CF
:10B520001A189160836700F500B405951A180C5F2E
:10B53000006E1A189960059405941A18156AB16777
:10B54000562A0271586706D20A22D0F0B098022D0E
:10B55000C0F400B5C0F414B41A1870FA0065F0F025
:10B560006C980169006C07D43A23408303723760FA
:10B570008367A0F41CB51A18B9650DD3A0F414B4F0
:10B58000A0F40CB51A18B9650AD20A97F5E20D9322
:10B5900083671A1C99E70CD5014A0C95AEEA192A63
:10B5A0000793ADE307D3A14185671A1883690CD5CA
:10B5B00082411A1883690DD20D930C95082380835C
:10B5C000062C00F207224082037200F20360256716
:10B5D000CB17016C1A18A48A006DD0F05CD80694C1
:10B5E000062440F414B4AF411A1870FA079640F4D8
:10B5F00000B41A188A600065E5114F730461614256
:10B6000005D3208204100174C0F00F61F817059370
:10B61000408320720361014B05D3F917082AD0F04B
:10B6200050985FF21D2260825FF21A2305D20593C3
:10B6300083673A6D1A1860F60DD30D9308221A1815
:10B6400091608367F8B405951A180C5F006E1A189C
:10B650009960059405941A18156AB167C82A017192
:10B66000586706D20822D0F0B098012DE9B5F3B49E
:10B670001A1870FA00651A18736600659067F0F082
:10B680000C4C1A1859CC046DF0F04C98042A1A1876
:10B690006C6600659711036B60C261C262C263C2CF
:10B6A000016A30F058D8006A04D20404FF6D1A18F9
:10B6B00059CC014D0493032B1A186C660065006980
:10B6C000716707D304945224D9B3459BA39BAEEA78
:10B6D0004D2251A34B2A006DFF6E014E1A1C29F119
:10B6E0000DD30494FF6D0D931A189E65C3670493E0
:10B6F0004083282283671A1C99E70DD3FF4A0D93D4
:10B7000051E36084022B049213100973FC604843D8
:10B71000E74A11EA5E5AF7610A7301600149006A5B
:10B7200040C4FF4CEE1709730661014A60820A2388
:10B730006082FB23F817E04B11EB5F5BF661206B37
:10B7400060C2F31730F09898414430F058D81A1876
:10B75000EC690495042A1A186C66006507101A1C17
:10B7600099E70494014A07934DE3AB171A1841CCAB
:10B7700004040692122230F05898006D0122AF4264
:10B78000AFB41A1870FA07960421AEB41A1870FAFA
:10B79000B167ADB41A1828F9006530F078983FF712
:10B7A000062B016A30F058D822172574096161828E
:10B7B00025739FF11561024A1A18D9CB05D2F010F2
:10B7C00045737C61014A05D2059140812072036175
:10B7D000014905D1F9179FF1032291671A1860F604
:10B7E0003A6D08221A18916091678FB405951A185E
:10B7F0000C5F006E1A189960059405941A18156A62
:10B80000526DFFF6142AD0F0B098012D81B58FB497
:10B810001A1870FA0065006A04D20404FF6D1A1841
:10B8200059CC014D0494302C1A186C6600652C100C
:10B830007FB0459863986EEA3D2251A03B2A006D87
:10B84000FF6E1A1C29F1014E2E6A049540C504941E
:10B85000014CFE6D1A189E65D067049261822E73AA
:10B860000261206B61C204901A1C99E79067FF4A3D
:10B8700051E040840C2A04926082132B014A6082BA
:10B88000FB2B1A189A6A04940494D22C1310097290
:10B89000F260DF4A11EA5E5AEE61006A40C4FF4C72
:10B8A000E8170973EB60E04B11EB5F5BE761206B1E
:10B8B00060C2E4171A1841CC040499163D740E6155
:10B8C000014A05D2059260822073FA605EB41A18AC
:10B8D00028F900651A18456A0594741048730561C3
:10B8E000014A1A18A76705D25B103F745761014AD5
:10B8F00057B41A1828F905D21A18CFCB006555B4D9
:10B90000806DABED1A1870FA4CED1A184D59006C99
:10B9100004D21A18FEFA04044FB41A1870FAA26777
:10B920004EB41A189E8C0065D0F0B098012D39B530
:10B930004BB41A1870FA0065D0F0B898012D35B5DF
:10B9400048B41A1870FA0065D0F0B498012D31B5DA
:10B9500045B41A1870FA0065F0F02C98006E016D6D
:10B96000052942B41A1870FAFF4D1A10408103726B
:10B97000F86085670CD51A1883690BD62267408258
:10B9800003720C950B96EC60014D91671A1C99E7B8
:10B990000CD50B96014E59E60C95E217BFF0002C22
:10B9A000059440847FF0092A0793025B0B61FF4BEB
:10B9B00007D3099305D3226502B200EA4167006507
:10B9C0007BAA019D20B41A1828F900657964A0E8C3
:10B9D000006B2D1525670316226730F07898014B10
:10B9E00083671A1883690DD3FF49408203720D9350
:10B9F000D76030F078D8F129D3170065F00900A09E
:10BA0000E06E029D0C6F029D386F029D0866029DDC
:10BA1000DC6E029D3C1200A0686F029D846F029D47
:10BA2000A46F029D040A00A0C06F029DB0D900A0BF
:10BA3000E06F029DE46F029D0C70029D3070029DCC
:10BA40005070029DD86E029D6470029D9470029D9C
:10BA5000BC70029DD870029DEC70029DF070029D3A
:10BA60000871029D2071029D3871029DF564246762
:10BA70000567C0F00F214081C0F00C222C72C0F08D
:10BA800009602A72006A04D209611A1C99E790675A
:10BA900063B51A1C45E551E0016A04D24081767213
:10BAA00007611A1C99E790675EB51A1C45E551E0DD
:10BAB0004081427207611A1C99E790675AB51A1CB7
:10BAC00045E551E04081637207611A1C99E7906770
:10BAD00056B51A1C45E551E04081737207611A1C86
:10BAE00099E7906752B51A1C45E551E040816972AB
:10BAF00007611A1C99E790674EB51A1C45E551E09D
:10BB000040816C7207611A1C99E790674AB51A1C4C
:10BB100045E551E040814C7207611A1C99E7906736
:10BB200046B51A1C45E551E04081667207611A1C52
:10BB300099E7906742B51A1C45E551E0408164726F
:10BB400007611A1C99E790673EB51A1C45E551E05C
:10BB50004081447207611A1C99E790673AB51A1C34
:10BB600045E551E04081467207611A1C99E79067EC
:10BB700036B51A1C45E551E040817A7207611A1CFE
:10BB800099E7906732B51A1C45E551E04081437250
:10BB900007611A1C99E790672EB51A1C45E551E01C
:10BBA0004081757207611A1C99E790672AB51A1CC3
:10BBB00045E551E040812E7207611A1C99E79067B4
:10BBC00026B51A1C45E551E04081747207611A1CC4
:10BBD00099E7906722B51A1C45E551E040816D72E6
:10BBE00007611A1C99E790671EB51A1C45E551E0DC
:10BBF000014940813FF71D222C723FF71A600492E1
:10BC00003FF7172A1A1C99E7906717B51A1C45E5E4
:10BC100051E02F1751677564A0E800655071029DCF
:10BC20005471029D5C71029D6471029D6C71029D54
:10BC30007471029D7871029D8071029D8C71029DCC
:10BC40009471029D9C71029DA871029DB071029D2C
:10BC5000B871029DC071029DCC71029DD071029D90
:10BC6000D871029DE471029D10F0F4641C6701F02C
:10BC700018B1698101F014B41A1828F920D3006AA8
:10BC800010F254D8F0F08C98212C9067F0F00C4C06
:10BC90001A1859CC046DF0F04C980C2A1A186C66DE
:10BCA00000659067D0F0104C1A1841CC006510F078
:10BCB0007464A0E8036B60C261C262C263C2061012
:10BCC000408407221A18456A0065032A10F29498E6
:10BCD000F72C30F038981A18836991671ED2408289
:10BCE00003720661A0F708B51A18EC6991671ED2B5
:10BCF00030F0B898F0F0C0981A1828681E9422679F
:10BD0000006AF0F040D880F70CB540852E72E0F064
:10BD100002601E9304231A1CCEEA8367102230F0BF
:10BD200098981A18006A006530F0989860F704B582
:10BD30001A18EC690065032A1A186C6600654841F8
:10BD4000FB4A025A02610A711E6130F098981A1873
:10BD50000067006D30F0B898014D85671A18836947
:10BD600022D540820372229506611E934083032AE6
:10BD70000E71E0F1086130F0B8D800F71CB41A1861
:10BD800028F90065E01161F71271076000F70CB245
:10BD90002EEA032243F310710D6130F03898014907
:10BDA0001A188369916740820372C0F10C6030F009
:10BDB00038D8C91161F715710760E0F604B22EEAB0
:10BDC000032243F30871096130F05898025AA0F138
:10BDD0001A61FF4A30F058D8B61161F71A7107603E
:10BDE000C0F600B22EEA032243F311711E6180F601
:10BDF00018B4639C2367FF49414130F098980E22A4
:10BE0000A144856723D31A18836922D5408203721F
:10BE100023932295F06030F0B8D8ED1763EC0169F8
:10BE20005867242A214467E1211061F71D710760DA
:10BE300060F614B22EEA032243F30971246140F63E
:10BE400008B4639C30F058988367FF4CA1440625E2
:10BE5000025AB867015DB867ABE2F71730F058D8FF
:10BE600063EA01699867022C014A67E220F61CB474
:10BE70001A1828F90065916730F0589837E21A18B7
:10BE80009269006E601181F71171076020F600B2AF
:10BE90002EEA032223F31B7104611A18A7670065B9
:10BEA0005211067100F60CB404601271066100F6BE
:10BEB00008B41A189A6A00654611167140F10361B8
:10BEC0001A18F9FA0D6C6569FF4920F11C211A183E
:10BED000F9FA0A6CF917E0F504B41A1870FA00655B
:10BEE000C0F51CB21DD21D914081207203616141D9
:10BEF0001DD3F9172F7280F51CB4DB619167C0F573
:10BF000004B51A184BF6056E1C2A65411DD31D9108
:10BF100040812072036101491DD1F9170B221A1CBF
:10BF200099E7916791671A188D66A26740F518B373
:10BF300041DB031040F510B441DC1A18BA66006505
:10BF40000211916780F500B51A184BF6066E0F2A9C
:10BF5000664160F518B41A1870FA1DD3E0F1146C3C
:10BF60001A18404E00651A1861520065EC1091676E
:10BF700040F51CB51A184BF6056E1ED23C2A6541D9
:10BF800000F514B41A1828F91DD31A18C2691D0433
:10BF9000626764693BEA0129E5E812EA3BEA0129A4
:10BFA000E5E810EAFF4A1FD20C5A4C603BEB01292E
:10BFB000E5E810EF4727205745609067B0F11C4C2B
:10BFC00023D31A1833F922D70404A2671A1C3FE7B7
:10BFD0002C6E04F7106A23935BEB012AE5E812EA62
:10BFE0003BEA0129E5E810EA644A09D21F9308D325
:10BFF000229707D743109167C0F418B51A184BF66B
:10C00000056E1ED24A2A654180F40CB41A1828F92C
:10C010001DD31A18C2691D0404F7106B7BEA012BAB
:10C02000E5E812EC646B7BEC012BE5E810EF7BEAB2
:10C03000012BE5E812EC7BEC012BE5E810EC1FD4BA
:10C04000185704611A18656600657D103C54FA6043
:10C050007BEA012BE5E810E93C51F4609067B0F110
:10C060001C4C1A1833F922D70404A2671A1C3FE7A4
:10C070002C6E229706D71F9305D304D11E930CD3A1
:10C080001A1800E40404B0F15CD8B0F16CA800F216
:10C09000006A6DEAB0F14CC85610916720F418B5EB
:10C0A0001A184BF6046E4C2A64411DD31D91408131
:10C0B0002072036101491DD1F917006A10F25CD8A2
:10C0C0004081142200F414B31ED31E93A09BC0F130
:10C0D000142585671A1C99E722D5916722951A18AD
:10C0E0004BF6C26710221E93144BEE17EFB41A18CA
:10C0F00093670065F9B180991E241A18936700654B
:10C100001A2A1449F817E9B41A18936700651E93A0
:10C11000239B02214081272A1E93219B006B40F123
:10C120000B2120F044A140F107223E231E92229AC7
:10C1300040F10A29082BD6B41A189367006503103A
:10C140001A189E8C81412093CFB269C29B1503744B
:10C1500026601A18F9FA0149FFF75F810A72066032
:10C16000C9B445AC03228081F22C191010F25C98FE
:10C17000014A10F25CD8C4B5A39D6567FE4B62EA24
:10C18000F261006A10F25CD81A1885670065BEB3C8
:10C1900069836EEAE82AD2B41A1870FA0065BCB452
:10C1A0001A1893670065B817CEB51A1C45E5040444
:10C1B00048A1106B6CEA09221A1C99E704040405D3
:10C1C00051E5C9B51A1C45E5006568A10F6A6CEA1E
:10C1D000082A1A1C99E704040403C4B51A1C45E58F
:10C1E00051E368A10F6A6CEA017209611A1C99E7B0
:10C1F0000404040551E5BEB51A1C45E5006568A1B7
:10C200000F6A6CEA027208611A1C99E704040403BD
:10C21000B8B51A1C45E551E368A10F6A6CEA0372D0
:10C2200009611A1C99E70404040551E5B2B51A1C0A
:10C2300045E5006568A10F6A6CEA047208611A1C82
:10C2400099E704040403ADB51A1C45E551E368A160
:10C250000F6A6CEA057209611A1C99E70404040567
:10C2600051E5A7B51A1C45E5006568A10F6A6CEA9F
:10C27000067208611A1C99E704040403A1B51A1C8C
:10C2800045E551E368A10F6A6CEA077209611A1C5F
:10C2900099E70404040551E59BB51A1C45E50065C2
:10C2A00068A10F6A6CEA087208611A1C99E7040415
:10C2B000040396B51A1C45E551E368A10F6A6CEAC0
:10C2C000097209611A1C99E70404040551E590B547
:10C2D0001A1C45E5006568A10F6A6CEA0B720861DB
:10C2E0001A1C99E7040404038AB51A1C45E551E3B6
:10C2F00068A10F6A6CEA0F7209611A1C99E70404BD
:10C30000040551E584B51A1C45E5006548A1406B5C
:10C310006CEA08221A1C99E70404040371B51A1C7C
:10C3200045E551E3C9A1006B6AEE04040E6023D316
:10C330001A1C99E722D6040551E578B51A1C45E583
:10C3400000652393014B2296EF171A1C99E70065AD
:10C35000040351E31A1C45E5A899006B69E1C39AEF
:10C360000F26040423D31A1C99E722D6040551E5AD
:10C370006BB51A181EF822962393044B1473EE61C2
:10C3800049A1017204604399102264990E2B68A19F
:10C390000F6A6CEA027209611A1C99E70404040529
:10C3A00051E560B51A181EF8C0991A18936704046D
:10C3B000626791EB2849B316BFF6182B34B41A18EC
:10C3C000936723D32393B21648A1BFF61322BFF677
:10C3D0001A2B83994624408444223A724060BD67F8
:10C3E00070C51A189B6E04051ED27D6750830D22FE
:10C3F0001A1C99E70404040551E5FFF75F842A72CB
:10C40000046049B51A1C45E500651A1C99E7040447
:10C41000040351E345B51A181EF8C1991E934083D1
:10C420002C7213611E94014C1A189B6E04051ED2C7
:10C4300040822C72F3611A1C99E70404040551E54B
:10C440003BB51A1C45E50065E9171A1C99E7040479
:10C45000040551E537B51A1C45E500650710014C88
:10C460000610040434B51A181EF8C19904041A18E9
:10C4700093671449626791EB5B161A18656600654D
:10C480005A160065F00900A0E871029DDC6E029D5D
:10C490003C1200A0D86E029D425B1B00415B1B005A
:10C4A0007E365B1B7E355B1B0866029D504F1B0072
:10C4B0000472029D0872029D0C72029D3D1200A042
:10C4C0001072029D1872029D2072029D3472029DAC
:10C4D0003C72029D4472029DECF1019D4C72029DE2
:10C4E0005872029D6072029D6C72029D7472029D70
:10C4F0007C72029D8472029D8C72029D9472029DD8
:10C500009C72029DA872029DB072029DB872029D3B
:10C51000C872029DD072029D5071029DDC72029D14
:10C52000E472029DE471029DEC72029DF072029D24
:10C53000F472029DF872029DF4640467256749A4B1
:10C54000052A49A503221A185F41286C49A009222F
:10C5500068A10F6A6CEAF94A035A03601A185F412E
:10C56000286C48A00F6D8267ACEC68A16CED82ED81
:10C5700003609167B0670410A2EC06609067B16732
:10C580001A18B74100650810106C8BEC8CEA8CEB24
:10C5900042EBEF6162EAF2617464A0E8F4641C6744
:10C5A00070F146A01EB4543245E4A8A10F6BACEB69
:10C5B000AF43065D026189A10B2419B349E3609A78
:10C5C000814363EC7867A19AADE380DA61DA0F10FA
:10C5D000F94B035B0960809912B613B71A1CC8CCDB
:10C5E000A19940D961D903101A185F41276CF0F165
:10C5F000B098042585671A189243006E70F1A6A0C2
:10C600002F453434B43506B291E2B5E21A1C3FE747
:10C61000206E70F126C07464A0E80065280200A0B6
:10C62000000000000000F03FF4641C6750F144A0DB
:10C630000A5A03611A185F412B6C70F1A6A0FF4DD6
:10C6400011ED70F1A6C050F124A02C3334324DE32B
:10C650000CB26DE2B43583670BB2B5E21A1C3FE74A
:10C66000206E6267F0F1589848DB10F144A0014A4F
:10C6700020F044C3014950F124C07464A0E800656F
:10C68000580700A0280200A0F4641C6770F146A0BF
:10C690001EB4543245E4A8A10F6BACEBAF43065D6A
:10C6A000026189A10C2419B349E3609A8F4363ECBA
:10C6B0007867A19AFF4DADE380DA61DA0F10F94B8C
:10C6C000035B0960809913B613B71A1CC6CCA199F5
:10C6D00040D961D903101A185F41276CF0F1B09866
:10C6E000042585671A189243006E70F1A6A02F45A5
:10C6F0003434B43505B291E2B5E21A1C3FE7206E3E
:10C7000070F126C07464A0E8280200A000650065EE
:10C71000000000000000F03FF4641C6750F144A0EA
:10C720000A5A03611A185F412B6C70F1A6A0FF4DE5
:10C7300011ED70F1A6C050F124A02C3334324DE33A
:10C740000CB26DE2B43583670BB2B5E21A1C3FE759
:10C75000206E6267F0F1589848DB10F144A04FEA70
:10C7600020F044C3014950F124C07464A0E800657E
:10C77000580700A0280200A0F4643C6770F146A1AD
:10C78000FF4A11EA70F146C1614245B074336DE071
:10C7900088A3543249E088C269A3014B11EB69C2F6
:10C7A0000A5B03611A185F41246CF0F1909904242C
:10C7B0001A184A430065701070F186A194348DE018
:10C7C000409BA9A30125FF1768A30F6D6CEDFF4DDA
:10C7D00011ED0F5D5E60A83532B6D5E5A09D80ED08
:10C7E0001DC8019D21C8019D31C8019D41C8019D01
:10C7F00041C8019D4FC8019D61C8019D6BC8019D45
:10C800006BC8019D93C8019D83C8019D77C8019D98
:10C8100089C8019D89C8019D83C8019D81E00410DC
:10C82000106DACEB81E0022340A22F104082251056
:10C83000106DACEB81E0022340AA2710408A1D1046
:10C84000106DACEB81E0409A40D818231F10106D9A
:10C85000ACEB0B2381E0809AA19A80D8A1D81C1060
:10C8600081E01A1CFEF0809A0310619A409A81E0E0
:10C8700040D861D8111081E0409A40D8C0F74332C7
:10C88000061081E0409A011081E040D8006A41D84A
:10C8900003101A185F41016C7464A0E8280200A01C
:10C8A000E0C7019DF5641C67F0F15098032A1A183F
:10C8B0005F41016C70F1A6A0B4350DB1F0F1909814
:10C8C000B5E11A18FE42040670F166A0FF4B11EBA9
:10C8D00070F166C074336DE1146C88C3006C89C359
:10C8E00040DB006A41DB7564A0E80065280200A017
:10C8F000F4643C67F0F1709970F186A11CB0943437
:10C900001A2B89E0A9A205251AB480A480DA61DA7D
:10C91000171068A20F6A6CEA6F42095B02610C7221
:10C92000066191E013B349E340A240DC07101A18F6
:10C930005F41276C051091E06A9B60DC006A41DC76
:10C9400070F166A1FF4B11EB70F166C1743249E0E2
:10C95000014B743361E08098A19880DAA1DA006B12
:10C9600069C2046B68C27464A0E80065280200A074
:10C97000E80600A0F4643C6770F146A154340CB0A2
:10C98000FF4A543591E01A18B741B5E070F146A15D
:10C99000FF4A11EA70F146C15434014A543591E01E
:10C9A000B5E01A1C3FE7206E7464A0E8280200A0DE
:10C9B000C3647C6770F146A3FF4A11EA70F146C375
:10C9C0000EB654336DE6014A54358367B5E61A1C3A
:10C9D0003FE7206E626788A20F6A8CEA8F42065C8E
:10C9E000086169A3062BF94A035A03611A185F41CB
:10C9F000276C4364A0E80065280200A0F4645C672B
:10CA000070F186A2FF4C11EC70F186C216B0943121
:10CA10002DE0014C94358367B5E01A1C3FE7206E8A
:10CA2000626788A20F6A4CEC4F44065A026149A320
:10CA30000C2229E0809A8BEB006C63EC9867C19A1A
:10CA4000CBED93E560DA81DA0B10F94C035C0560FD
:10CA500006B2819B8EEA41DB03101A185F41276CF6
:10CA60007464A0E8280200A000000080F4647C67E1
:10CA700070F146A3FF4A11EA70F146C31BB154306E
:10CA80000DE1014A54358367B5E11A1C3FE7206E7A
:10CA9000626788A20F6A8CEA8F42065C026189A3F2
:10CAA0000A2401E1409861986DEA015A586740D81C
:10CAB000006A41D81610F94A035A1060809B0DB6DF
:10CAC0000DB71A1C83EAA19B032A0CB20CB3021007
:10CAD00008B209B301E140D861D803101A185F41C8
:10CAE000276C7464A0E80065280200A0006500655A
:10CAF0000000000000000000000000000000F03F07
:10CB0000F4645C6770F186A2FF4C11EC70F186C290
:10CB100010B094312DE0014C94358367B5E01A1CB8
:10CB20003FE7206E626788A20F6A8CEAFF4A065AC6
:10CB3000026149A3082229E0809A8FEB60DA819A8A
:10CB40008FEB61DA03101A185F41276C7464A0E858
:10CB5000280200A0F4641C67F0F15898032A1A1800
:10CB60005F41016C70F146A0543413B1FF4A543553
:10CB700091E11A18B741B5E170F146A0FF4A11EAF8
:10CB800070F146C05435B5E1014A543245E140994F
:10CB9000619940DD61DD10F124A010F174A010F165
:10CBA00064C0F0F198981A189243006E10F124C0F6
:10CBB0007464A0E8280200A0F5641C67F0F158989E
:10CBC000032A1A185F41016C0CB170F146A0FF4AAC
:10CBD000543249E149A21A18C07204D270F1A6A0D9
:10CBE000B435B5E1049249C5F0F198981A1892430A
:10CBF000006E7564A0E80065280200A0F4643C673C
:10CC000070F146A1FF4A11EA70F146C154341DB0DB
:10CC1000014A543591E01A184E71B5E070F166A1E1
:10CC2000743245E0A8A10F6CACECAF44065DD06750
:10CC30000261A9A1102549E6A143B435B5E6809A61
:10CC4000609DA19D6DE483EB9867C19AB5E6B1E460
:10CC500060DA81DA1210F94C035C0C60014B74331A
:10CC600061E08099A199C0981A1CC8CCE19840D97C
:10CC700061D903101A185F41276C7464A0E800653D
:10CC8000280200A0F5641C67F0F15898032A1A18CE
:10CC90005F41016C0CB170F146A0FF4A543249E18A
:10CCA00049A21A18FF7204D270F1A6A0B435B5E1FA
:10CCB000049249C5F0F198981A189243006E756471
:10CCC000A0E80065280200A0F4643C6770F146A16A
:10CCD000FF4A11EA70F146C154341DB0014A54357F
:10CCE00091E01A184E71B5E070F166A1743245E01A
:10CCF000A8A10F6CACECAF44065DD0670261A9A19E
:10CD0000102549E6A143B435B5E6809A609DA19D02
:10CD10006FE463EC9867C19AB7E693E560DA81DA6D
:10CD20001210F94C035C0C60014B743361E0809984
:10CD3000A199C0981A1CC6CCE19840D961D90310BA
:10CD40001A185F41276C7464A0E80065280200A0EF
:10CD5000F5641C67F0F15898032A1A185F41016CBA
:10CD60000CB170F146A0FF4A543249E149A21A18A9
:10CD7000327304D270F1A6A0B435B5E1049249C56E
:10CD8000F0F198981A189243006E7564A0E8006557
:10CD9000280200A0F4643C6770F146A1FF4A11EA42
:10CDA00070F146C154341FB0014A543591E01A184D
:10CDB0004E71B5E070F146A1543485E0A8A10F6B27
:10CDC000ACEBAF43065DB0670261C9A1142691E5E3
:10CDD000014A543249E5609AA19C78ED12EEA19A7D
:10CDE000409C58ED12EDB9E679EA10EB12ED69E6D8
:10CDF000A0DC41DC1210F94B035B0C60014A543299
:10CE000041E08099A199C0981A1CA8D8E19840D90E
:10CE100061D903101A185F41276C7464A0E800659B
:10CE2000280200A0F5641C67F0F15898032A1A182C
:10CE30005F41016C0CB170F146A0FF4A543249E1E8
:10CE400049A21A18657304D270F1A6A0B435B5E1F1
:10CE5000049249C5F0F198981A189243006E7564CF
:10CE6000A0E80065280200A0F5645C6770F166A286
:10CE7000FF4B11EB70F166C2743425B0014B743571
:10CE800091E0B5E01A184E7105D2059270F186A2B4
:10CE9000943125E0A8A10F6B6CED6F45065B7067C0
:10CEA0000261C9A11E26014C943491E3A09C819C8F
:10CEB0008DED072D256C05D21A185F4104D304931C
:10CEC000059270F146A2543001E3014A54324DE319
:10CED0008098A198C09B1A18D2CDE19B40D861D808
:10CEE0001210F94D035D0C60014C943481E080997F
:10CEF000A199C0981A1C77CAE19840D961D903104A
:10CF00001A185F41276C7564A0E80065280200A02C
:10CF1000F5641C67F0F15898032A1A185F41016CF8
:10CF20000CB170F146A0FF4A543249E149A21A18E7
:10CF30009A7304D270F1A6A0B435B5E1049249C544
:10CF4000F0F198981A189243006E7564A0E8006595
:10CF5000280200A0F4641C6770F146A0FF4A11EAA1
:10CF600070F146C054341AB1014A543591E11A188F
:10CF70004E71B5E170F146A054336DE1A8A30F6C7A
:10CF8000ACECFF4C065C026169A31A236142743366
:10CF90006DE1409B619B6DEA032A1A185F41256C85
:10CFA00070F146A0543001E1014A543245E18098C5
:10CFB000A198C0991A18C8D1E19940D861D8031036
:10CFC0001A185F41276C7464A0E80065280200A06D
:10CFD000F5641C67F0F15898032A1A185F41016C38
:10CFE0000CB170F146A0FF4A543249E149A21A1827
:10CFF000D57304D270F1A6A0B435B5E1049249C549
:10D00000F0F198981A189243006E7564A0E80065D4
:10D01000280200A0F4643C6770F146A1FF4A11EABF
:10D0200070F146C1543413B0014A543591E01A18D6
:10D030004E71B5E070F166A1743251E0C8A40F6D75
:10D04000CCEDFF4D065D026189A40D2449E0014B42
:10D05000743361E06098809A8CEB60DA6198819A11
:10D060008CEB61DA03101A185F41276C7464A0E836
:10D07000280200A0F5641C67F0F15898032A1A18DA
:10D080005F41016C0CB170F146A0FF4A543249E196
:10D0900049A21A18057404D270F1A6A0B435B5E1FE
:10D0A000049249C5F0F198981A189243006E75647D
:10D0B000A0E80065280200A0F4643C6770F146A176
:10D0C000FF4A11EA70F146C1543413B0014A543595
:10D0D00091E01A184E71B5E070F166A1743251E01A
:10D0E000C8A40F6DCCEDFF4D065D026189A40D242F
:10D0F00049E0014B743361E06098809A8DEB60DA0F
:10D100006198819A8DEB61DA03101A185F41276CE0
:10D110007464A0E8280200A0F5641C67F0F1589838
:10D12000032A1A185F41016C0CB170F146A0FF4A46
:10D13000543249E149A21A182E7404D270F1A6A003
:10D14000B435B5E1049249C5F0F198981A189243A4
:10D15000006E7564A0E80065280200A0F4643C67D6
:10D1600070F146A1FF4A11EA70F146C1543413B080
:10D17000014A543591E01A184E71B5E070F166A17C
:10D18000743251E0C8A40F6DCCEDFF4D065D026115
:10D1900089A40D2449E0014B743361E06098809AC2
:10D1A0008EEB60DA6198819A8EEB61DA03101A18BF
:10D1B0005F41276C7464A0E8280200A0F5641C6736
:10D1C000F0F15898032A1A185F41016C0CB170F104
:10D1D00046A0FF4A543249E149A21A18577404D2B2
:10D1E00070F1A6A0B435B5E1049249C5F0F1989864
:10D1F0001A189243006E7564A0E80065280200A02A
:10D20000F4643C6770F146A1FF4A11EA70F146C12F
:10D21000543413B0014A543591E01A184E71B5E0F8
:10D2200070F146A154312DE0A8A30F6CACECFF4C7B
:10D23000065C026169A30C2325E0014A543241E0F7
:10D240008099A1991A1874F9C09840D961D903102E
:10D250001A185F41276C7464A0E80065280200A0DA
:10D26000F5641C67F0F15898032A1A185F41016CA5
:10D270000CB170F146A0FF4A543249E149A21A1894
:10D28000807404D270F1A6A0B435B5E1049249C50A
:10D29000F0F198981A189243006E7564A0E8006542
:10D2A000280200A0F4643C6770F146A1FF4A11EA2D
:10D2B00070F146C1543413B0014A543591E01A1844
:10D2C0004E71B5E070F146A154312DE0A8A30F6C6A
:10D2D000ACECFF4C065C026169A30C2325E0014A1B
:10D2E000543241E08099A1991A181DF9C09840D98B
:10D2F00061D903101A185F41276C7464A0E80065B7
:10D30000280200A0F5641C67F0F15898032A1A1847
:10D310005F41016C0CB170F146A0FF4A543249E103
:10D3200049A21A18A97404D270F1A6A0B435B5E1C7
:10D33000049249C5F0F198981A189243006E7564EA
:10D34000A0E80065280200A0F4643C6770F146A1E3
:10D35000FF4A11EA70F146C1543418B0014A5435FD
:10D3600091E01A184E71B5E070F1A6A1B43369E0EE
:10D37000C8A20F6CCCECFF4C065C026149A21722DC
:10D3800069E0809A419A4DEC006A0B24014DB43556
:10D390000AB2B5E2409D819D8DEA4BEC4DECC0F7A1
:10D3A00082326DE040DBC0F7433241DB03101A18D4
:10D3B0005F41276C7464A0E8280200A0F4643C6715
:10D3C00070F146A1FF4A11EA70F146C1543418B019
:10D3D000014A543591E01A184E71B5E070F1A6A1DA
:10D3E000B43369E0C8A20F6CCCECFF4C065C026160
:10D3F00049A2172269E0809A419A4DEC016A0B2CF0
:10D40000014DB4350AB2B5E2409D819D8DEA4BECE9
:10D410004DECC0F782326DE040DBC0F7433241DBB8
:10D4200003101A185F41276C7464A0E8280200A05A
:10D43000F6641C6770F146A0FF4A11EA70F146C01D
:10D44000543427B1014A543591E11A184E71B5E1AF
:10D4500070F186A094324DE1C8A30F6DCCEDCF459D
:10D46000065E0261C9A3112649E1014C943491E1A1
:10D47000609AA09CAEEB819CA19AAEEC8DEB015B17
:10D48000786760DA006B61DA1F10F94D035D19608F
:10D490004144543249E1016C006D04D405D5809BB0
:10D4A000A19BC09AE19A1A1C83EA06D30693042230
:10D4B000006C006D04D405D50494059580DBA1DBD8
:10D4C00003101A185F41276C70F146A0543245E1F1
:10D4D000046A48C1006A49C17664A0E8280200A035
:10D4E000F6641C6770F146A0FF4A11EA70F146C06D
:10D4F000543428B1014A543591E11A184E71B5E1FE
:10D5000070F186A094324DE1C8A30F6DCCEDCF45EC
:10D51000065E0261C9A3132649E1014C943491E1EE
:10D52000609AA09CAEEB819CA19AAEEC8DEB6BEC6B
:10D530006DECC0F7823480DA006B61DA1F10F94DB0
:10D54000035D19604144543249E1016C006D04D41B
:10D5500005D5809BA19BC09AE19A1A1C83EA06D349
:10D560000693042A006C006D04D405D50494059537
:10D5700080DBA1DB03101A185F41276C70F146A015
:10D58000543245E1046A48C1006A49C17664A0E8A2
:10D59000280200A0F6641C6770F146A0FF4A11EA59
:10D5A00070F146C054342AB1014A543591E11A1839
:10D5B0004E71B5E170F146A054348DE1C8A30F6DF2
:10D5C000CCEDCF45065E0261C9A3152691E1A142CB
:10D5D000B435B5E1016A006BE19DC19CE2EE0861E2
:10D5E000EEEE042EA09DC09CA3EE0261006A006BCB
:10D5F00040DC61DC2010F94D035D1A60014A5432B1
:10D6000049E1016C006D04D405D5809BA19BC09AB3
:10D61000E19A1A1C83EA06D3005206930461006C57
:10D62000006D04D405D50494059580DBA1DB0310BF
:10D630001A185F41276C70F146A0543245E1046A24
:10D6400048C1006A49C17664A0E80065280200A0CC
:10D65000F6641C6770F146A0FF4A11EA70F146C0FB
:10D6600054342AB1014A543591E11A184E71B5E18A
:10D6700070F146A054348DE1C8A30F6DCCEDCF45B9
:10D68000065E0261C9A3152691E1A142B435B5E158
:10D69000016A006BE19CC19DE2EE0661EEEE062E92
:10D6A000A09DC09CC3ED0260006A006B40DC61DCA1
:10D6B0002010F94D035D1A60014A543249E1016CB2
:10D6C000006D04D405D5809BA19BC09AE19A1A1CD9
:10D6D00083EA06D3015206930461006C006D04D402
:10D6E00005D50494059580DBA1DB03101A185F4172
:10D6F000276C70F146A0543245E1046A48C1006AC3
:10D7000049C17664A0E80065280200A0F6641C67A1
:10D7100070F146A0FF4A11EA70F146C054342AB1B4
:10D72000014A543591E11A184E71B5E170F146A0E5
:10D7300054348DE1C8A30F6DCCEDCF45065E026178
:10D74000C9A3152691E1A142B435B5E1016A006B88
:10D75000E19CC19DE2EE0861EEEE042EA09DC09C0E
:10D76000C3ED0261006A006B40DC61DC2010F94D02
:10D77000035D1A60014A543249E1016C006D04D422
:10D7800005D5809AA19AC09BE19B1A1C83EA06D317
:10D79000005206930461006C006D04D405D5049416
:10D7A000059580DBA1DB03101A185F41276C70F12F
:10D7B00046A0543245E1046A48C1006A49C1766412
:10D7C000A0E80065280200A0F6641C6770F146A07E
:10D7D000FF4A11EA70F146C054342AB1014A543567
:10D7E00091E11A184E71B5E170F146A054348DE103
:10D7F000C8A30F6DCCEDCF45065E0261C9A3152607
:10D8000091E1A142B435B5E1016A006BE19DC19C93
:10D81000E2EE0661EEEE062EA09DC09CA3EE026035
:10D82000006A006B40DC61DC2010F94D035D1A607A
:10D83000014A543249E1016C006D04D405D5809A47
:10D84000A19AC09BE19B1A1C83EA06D3015206935E
:10D850000461006C006D04D405D50494059580DB4B
:10D86000A1DB03101A185F41276C70F146A05432F7
:10D8700045E1046A48C1006A49C17664A0E80065D0
:10D88000280200A0C3641A185F41016C4364A0E839
:10D89000C3641A185F41176C4364A0E8E3641C6713
:10D8A000D0F155A0032A1A185F41186C1A18CD4AF6
:10D8B000016C1A183A42006C30F1689840833A7251
:10D8C00003601A185F410A6C1A183A42016C016A27
:10D8D00070F140D86364A0E8E3641C67D0F155A000
:10D8E000032A1A185F41196C1A183A42006C30F179
:10D8F000689840833A7203601A185F410A6C1A18DC
:10D900003A42016C016A70F140D86364A0E8006596
:10D91000F5641C6770F146A0FF4A11EA04D270F169
:10D9200046C032B1543375E188A50F6A4CEC4F44C0
:10D93000095A036149A5032A5110065A036169E196
:10D9400049A2052275E1409DA19DADEA0D2AF94C41
:10D95000035C2D6069E1809AA19A26B626B71A1C4D
:10D9600083EA05D3059323220495014DB43571E173
:10D97000B5E11A1C3FE7206E1A183A42006C30F1EC
:10D98000689840833A7203601A185F410A6C30F15C
:10D990004898014A30F148D81A186D4A006530F1AC
:10D9A0004898FF4A30F148D870F148D81A101A1830
:10D9B0003A42006C30F1689840833A7203601A185A
:10D9C0005F410A6C1A183A42016C30F1489870F1C4
:10D9D00048D8276C1A18E545006D03101A185F41E6
:10D9E000276C7564A0E80065280200A0006500654A
:10D9F0000000000000000000F5641C671A183A429D
:10DA0000006C30F168984083287203601A185F41F7
:10DA10000D6C1A18CD4A006C70F146A02CB354322C
:10DA200059E3A8A60F6C8CED8F45095C036189A6AC
:10DA3000032C4610065C036151E389A4052459E3D5
:10DA4000809EC19ECDEC0B2CF94D035D1E6049E319
:10DA5000809A20B620B71A1C83EAA19A16221A18B7
:10DA6000C54B006C1A183A42006C70F1209830F1E6
:10DA700068981A18AC4604D370F140980C7204935D
:10DA80001A611A186D4A00651E101A186D4A006551
:10DA90001A183A42016C70F1209830F168981A18FF
:10DAA000AC4604D370F140980C72049304611A18C8
:10DAB000C54B006C081030F168D870F120D8031005
:10DAC0001A185F41276C7564A0E80065280200A061
:10DAD0000000000000000000F4643C67006830F1C2
:10DAE0006899408303721C60297207614F401820B7
:10DAF000014B30F168D90267F21728720561014BBA
:10DB000030F168D90148EB17227202602772046174
:10DB10001A18AC460065E3171A183A42016CDF1771
:10DB20007464A0E8F6643C67F0F140A10A5A03610E
:10DB30001A185F41246C1A183A42006C30F1689947
:10DB40004083287203601A185F410D6C10F16899C8
:10DB500006D330F14899814230F188D910F148D983
:10DB60001A18AC46006550F15CD970F14099086C08
:10DB70008EEA082A04D2006CA467C4671A186F449E
:10DB8000016F071070F1489930F148D91A18CD4A41
:10DB9000006C70F16099017303601A185F41096CA1
:10DBA00096B3F0F140A1483450328BE249E330F1B2
:10DBB000889980DA70F146A191B0543249E0046C42
:10DBC00088C2006C89C2016C006D80DAA1DA006C39
:10DBD0001A183A4207D330F1489980823B740460A6
:10DBE0001A18CD4A016C0310014A30F148D970F17E
:10DBF0004099017203601A185F41096C70F146A1E7
:10DC0000543259E0A8A60F6C8CED8F45095C036176
:10DC100089A6032C2710065C036151E089A4052422
:10DC200059E0809EC19ECDEC202CF94D035D08602B
:10DC300049E0809A73B674B71A1C83EAA19A152A30
:10DC40001A18B676006530F168994083297203602E
:10DC50001A185F410E6C1A183A42016C1A186D4A74
:10DC60000065C5101A185F41276CF0F140A14834D7
:10DC700050328BE261B449E430F168991A18B676F3
:10DC800061DA30F188994084297203601A185F4183
:10DC90000E6C1A183A42016CF0F140A18142F0F189
:10DCA00080C1483450328BE254B349E330F1889953
:10DCB00082DA30F168994083037280F00D60F0F1F0
:10DCC00040A1FF4A483450328BE24CB349E3409ABA
:10DCD00030F148D970F146A1543249E0046C88C251
:10DCE000006C89C2016C006D80DAA1DA1A183A4220
:10DCF000006C30F1889940843B7203601A18CD4A59
:10DD0000016C70F146A1543259E0A8A60F6C8CED5D
:10DD10008F45095C0261C9A65B26F0F1C0A1FF4EE8
:10DD2000C837D036FBE635B3D9E3C29E30F1C8D947
:10DD3000065C036151E089A4052459E0809EC19EE0
:10DD4000CDEC0B2CF94D035D3F6049E0809A2DB678
:10DD50002DB71A1C83EAA19A3722D0F154A1036C83
:10DD6000D0F194C1006C1A18C54B07D20792D0F1BC
:10DD700054C1F0F148A11922F0F140A1FF4A483402
:10DD800050328BE21DB449E4429A30F148D91A1856
:10DD90006D4A0065F0F148A1016B6EEA032AF0F1CB
:10DDA00048C11A10006AF0F148C1F0F140A1FF4AE1
:10DDB000483450328BE211B449E4419A30F148D9E9
:10DDC0001A18CD4A006C75171A186D4A00650410B0
:10DDD0001A185F41276C6D17F0F140A1FF4AF0F16E
:10DDE00040C110F18899006D1A180041C56706936B
:10DDF00010F168D97664A0E8C0D700A0280200A07E
:10DE00000000000000000000F5643C67D0F158A15C
:10DE10000A5A03611A185F41246C1A183A42006CBE
:10DE2000D0F158A18142D0F198C13EB0483249E0CA
:10DE300030F1689960DA30F1689940830372396093
:10DE4000D0F174A1016AD0F154C1006C1A18C54B0D
:10DE500005D30593D0F174C1F0F168A104D30E236A
:10DE6000D0F158A1FF4A483249E0409A30F148D9F0
:10DE70001A186D4A0065006AF0F148C11A18AC46DC
:10DE8000006570F140990F7203601A185F41166CBB
:10DE90001A183A42006C30F1689940832872036086
:10DEA0001A185F410D6C1A18CD4A006C0493017367
:10DEB0000761D0F158A1FF4AD0F158C17564A0E8BC
:10DEC00070F146A118B454325DE4C8A70F6DACEEF2
:10DED000AF46095D0361A9A7032D1E10065D03610E
:10DEE00055E4A9A505255DE4A09FE19FEDED0B2D6F
:10DEF000F94E035EDE6049E4809A0CB60CB71A1C3A
:10DF000083EAA19AD622D0F158A1FF4A483249E0CB
:10DF1000409A30F148D98F171A185F41276C8B1738
:10DF200038D800A0280200A0000000000000000077
:10DF3000F5641C67D0F157A00A5A03611A185F41B3
:10DF4000246C1A183A42006C30F1689840832872A9
:10DF500003601A185F410D6CD0F157A06142D0F1F7
:10DF600077C039B1483249E130F1689860DA30F170
:10DF70006898408303725E6010F14DA070F144C850
:10DF80001A18CD4A006C016A4BEA70F144C870F16E
:10DF900046A02EB3543259E3A8A60F6C8CED8F45E2
:10DFA000095C036189A6032C4110065C036151E3FF
:10DFB00089A4052459E3809EC19ECDEC0B2CF94D1C
:10DFC000035D306049E3809A22B623B71A1C83EAC6
:10DFD000A19A2822D0F154A0026BD0F174C0006C39
:10DFE0001A18C54B04D20492D0F154C0D0F157A0F6
:10DFF000FF4A483249E1409A30F148D8F0F148A050
:10E00000016B6EEA0B2A006C1A18CD4A04D21A185A
:10E010006D4A00650492F0F148C00C10006AF0F1FE
:10E0200048C0A5171A186D4A006504101A185F41F8
:10E03000276C9D17D0F157A0FF4AD0F157C07564E7
:10E04000A0E80065D8D800A0280200A000650065FF
:10E050000000000000000000E3641C67056A4BEA52
:10E06000D0F174A06CEA032A1A185F411B6C026A93
:10E07000F0F148C0016A70F140D86364A0E800651F
:10E08000E3641C67D0F154A0032A1A185F411A6C8C
:10E09000016AF0F148C0016A70F140D86364A0E8F9
:10E0A000E3641C6750F14C98032A1A185F411C6CFA
:10E0B00050F14C9888A20F6B8CEB022B49A20D22D9
:10E0C000006C1A18E545A46770F146A0543208B4F4
:10E0D00050F1AC981A18B74151E4016A50F154C09C
:10E0E000016A70F140D86364A0E80065280200A0CE
:10E0F000E3641A18AC46006502675C6770F1409AE9
:10E100000472016103281A185F41346C07B38367F6
:10E11000B0671A1C3FE7106E626744A2809B49E417
:10E1200040DB6364A0E8006500D900A0F6643C67AA
:10E13000D0F155A10A5A03611A185F41246C1A18CC
:10E140003A42006C30F168994083287203601A18D3
:10E150005F410D6C1A18CD4A016C70F146A1A9B34C
:10E16000543249E3A8A20F6CACECFF4C065C05618D
:10E1700049A2032A1A185F41276C70F146A1543254
:10E18000A0B349E3609A05D3419A06D21A183A42DD
:10E19000006C30F1689940837B7203601A185F410C
:10E1A0000F6CD0F195A198B08C3249E0006DA1DAE6
:10E1B000014CD0F195C130F1689960DA1A183A42F1
:10E1C000016C1A18AC46006570F1689940837D7245
:10E1D00070F140990861072A30F14899014A30F1FD
:10E1E00048D90068C210ED4A025A03611A185F410B
:10E1F000156C70F1409913726D611A18CD4A016C5B
:10E200001A183A42006C30F1689940833A72036000
:10E210001A185F410A6C1A183A42016C70F146A153
:10E22000543278B349E3809A05936EEC312C419ACD
:10E2300006936EEA2D2A30F1689940830372F0F15B
:10E2400048A10F600E2A50F154A1102AD0F114A158
:10E25000046CD0F194C11A18C54B006CD0F114C1F4
:10E26000EA17027203611A185F411C6CD0F155A1C4
:10E27000FF4A4C3264B349E3409A30F148D91A1846
:10E280006D4A016830F14899FF4A30F148D90E10C3
:10E2900000680C101A186D4A006530F1689980A367
:10E2A000C64C11EC025C1A183A42986730F1689932
:10E2B0004083037253607D7251601A18AC4600654A
:10E2C00070F14099ED4A025AE56070F1489930F1D9
:10E2D00048D944101A183A42006C30F168994083CA
:10E2E0003A7203601A185F410A6C1A183A42016CBC
:10E2F000D0F155A1FF4A4C3243B349E3419A03227E
:10E300001A185F41216CD0F155A1FF4A4C323EB33F
:10E3100049E330F1689961DA30F16899408303721A
:10E320001C607D721A601A18AC46006570F1409945
:10E33000ED4A025A056070F1489930F148D90D1044
:10E340001A186D4A006530F1689980A3C64C11EC2B
:10E35000025C1A183A429867DF17006830F1689932
:10E360004083037202603FF70C2030F168994083CC
:10E37000037203611A185F41106C30F14899014A29
:10E3800004D230F148D92828D0F155A1FF4A4C32A7
:10E390001DB341E34198202230F148D930F168990A
:10E3A00040830372F0F148A10F600E2A50F154A18E
:10E3B000102AD0F114A1046AD0F154C11A18C54B27
:10E3C000006CD0F114C1EA17027203611A185F41A0
:10E3D0001C6C049230F148D9F0F148A1027203613B
:10E3E0001A185F411C6C006AF0F148C1D0F155A1C8
:10E3F000FF4AD0F155C1016A70F140D97664A0E8B6
:10E40000280200A074D800A0F5641A18AC461C6756
:10E4100050F15CD870F14098087203601A185F419F
:10E42000066C70F146A054320CB349E368A20F6A3F
:10E430006CEAF44A11EA035A03601A18AC46006504
:10E44000016904D1006CA467C4671A186F44E467BB
:10E4500070F120D87564A0E8280200A0F6641C675B
:10E46000F0F15098072269A2052B48A2F34A11EA5D
:10E47000025A03611A185F41016CF0F1509850F193
:10E4800058D870F1A6A0B43513B18267B5E11A1857
:10E49000FE42040650F148D81A18AC460065052A19
:10E4A0002C6C1A185F4106D20692F0F158D870F120
:10E4B00046A0235A03611A185F41236C70F1A6A08D
:10E4C00081459434B43591E1B5E11A1C3FE7206EE3
:10E4D0007664A0E8280200A0F4641C67F0F150986C
:10E4E000072269A2052348A2F34A11EA025A0361EE
:10E4F0001A185F41016CF0F1509828A21A184A438B
:10E50000826750F15098F0F150D870F166A00C225B
:10E5100089A2112C88A22EEC0E2C743408B591E53A
:10E52000809CAB9AAEEC072CF0F150D81A181779F2
:10E5300000657464A0E84F9AEA170065280200A0FD
:10E540000D0A284552524F5220256429206C696ECD
:10E550006520256C753A2025730D0A000D0A2845A3
:10E5600058495420256429206C696E6520256C75F6
:10E570003A2025730D0A0000202000000D000065E0
:10E580002A2B2D2F253D3C3E267C5E7E213F282ECA
:10E590000000006564656661756C74006D61696E8C
:10E5A00000000065666F72004E414E004E614E00E5
:10E5B00023696E636C7564652000006503030303C3
:10E5C000000000653C737464696F2E683E0000654E
:10E5D0003C7374646C69622E683E00003C73747214
:10E5E000696E672E683E00003C6D6174682E683E5F
:10E5F000000000653C737464696E742E683E000010
:10E6000074797065646566207369676E6564206CF3
:10E610006F6E67206C6F6E6720696E7420696E7410
:10E620006D61785F743B0D0A74797065646566206E
:10E63000756E7369676E6564206C6F6E67206C6FB2
:10E640006E6720696E742075696E746D61785F7491
:10E650003B0D0A74797065646566207369676E6541
:10E6600064206368617220696E74385F743B0D0AC0
:10E670007479706564656620756E7369676E65642C
:10E6800020636861722075696E74385F743B0D0A8F
:10E6900074797065646566207369676E656420735C
:10E6A000686F727420696E7420696E7431365F749D
:10E6B0003B0D0A7479706564656620756E736967D1
:10E6C0006E65642073686F727420696E742075695A
:10E6D0006E7431365F743B0D0A74797065646566DB
:10E6E000207369676E6564206C6F6E6720696E7455
:10E6F00020696E7433325F743B0D0A7479706564FF
:10E70000656620756E7369676E6564206C6F6E67F1
:10E7100020696E742075696E7433325F743B0D0A24
:10E7200074797065646566207369676E6564206CD2
:10E730006F6E67206C6F6E6720696E7420696E74EF
:10E7400036345F743B0D0A747970656465662075B4
:10E750006E7369676E6564206C6F6E67206C6F6E98
:10E760006720696E742075696E7436345F743B0D72
:10E770000A74797065646566207369676E656420E4
:10E78000696E7420696E747074725F743B0D0A74E4
:10E7900079706564656620756E7369676E6564205F
:10E7A000696E742075696E747074725F743B0D0AC3
:10E7B00003030303000000653C737464626F6F6CB5
:10E7C0002E683E003C6C696D6974732E683E0000D3
:10E7D0003C7374646172672E683E00003C63747918
:10E7E00070652E683E0000653C74696D652E683E5C
:10E7F000000000657479706564656620756E7369E4
:10E80000676E6564206C6F6E6720696E7420746932
:10E810006D655F743B0D0A7479706564656620737D
:10E82000747275637420746D207B0D0A2020696EEC
:10E830007420746D5F7365633B0D0A2020696E74EC
:10E8400020746D5F6D696E3B0D0A2020696E742027
:10E85000746D5F686F75723B0D0A2020696E7420BD
:10E86000746D5F6D6461793B0D0A2020696E7420C0
:10E87000746D5F6D6F6E3B0D0A2020696E7420749D
:10E880006D5F796561723B0D0A2020696E7420749A
:10E890006D5F776461793B0D0A2020696E74207486
:10E8A0006D5F796461793B0D0A2020696E74207474
:10E8B0006D5F69736473743B0D0A7D3B0D0A03033E
:10E8C000030300003C6173736572742E683E0000A0
:10E8D0003C636F6E696F2E683E0000653C67726135
:10E8E00070686963732E683E000000657479706516
:10E8F0006465662073747275637420464F4E545F6E
:10E90000484452207B0D0A2020756E7369676E653E
:10E91000642073686F72742073746172743B0D0AA3
:10E920002020756E7369676E65642073686F7274FA
:10E9300020636861726163746572733B0D0A202005
:10E94000756E7369676E65642063686172207769AC
:10E950006474683B0D0A2020756E7369676E656488
:10E960002063686172206865696768743B0D0A20DE
:10E9700020756E7369676E656420636861722062DA
:10E980006C616E6B4C3B0D0A2020756E7369676E6F
:10E990006564206368617220626C616E6B523B0D2E
:10E9A0000A2020756E7369676E6564206368617202
:10E9B00020626C616E6B543B0D0A2020756E73698A
:10E9C000676E6564206368617220626C616E6B4281
:10E9D0003B0D0A202063686172202A6E616D653BE1
:10E9E0000D0A7D3B0D0A0D0A747970656465662019
:10E9F00073747275637420464F4E54207B0D0A2049
:10EA000020464F4E545F48445220686561646572E9
:10EA10003B0D0A2020756E7369676E65642063681C
:10EA2000617220646566696E6974696F6E735B5D9F
:10EA30003B0D0A7D3B0D0A03030303003C706C6130
:10EA400074666F726D2E683E00000065636F6E73B2
:10EA500074206368617220636F6E7374202A706C17
:10EA60006174666F726D203D2022454C4C4F203101
:10EA700041223B0D0A030303030000653C666174F9
:10EA800066732E683E00006523696E636C7564656D
:10EA9000203C737464696E742E683E0D0A7479703C
:10EAA0006564656620756E7369676E656420696E5E
:10EAB00074202055494E543B0D0A74797065646585
:10EAC0006620756E7369676E656420636861722085
:10EAD000425954453B0D0A7479706564656620752A
:10EAE000696E7431365F74202020202020574F52E9
:10EAF000443B0D0A747970656465662075696E74AF
:10EB000033325F7420202020202044574F52443B52
:10EB10000D0A7479706564656620574F5244202051
:10EB2000202020202020202057434841523B0D0A1E
:10EB300074797065646566206368617220202020A6
:10EB400020202020202054434841523B0D0A747954
:10EB500070656465662075696E7436345F74202054
:10EB60002020202051574F52443B0D0A7479706584
:10EB70006465662051574F524420202020202020D9
:10EB800020204653495A455F743B0D0A74797065DD
:10EB90006465662051574F524420202020202020B9
:10EBA00020204C42415F743B0D0A0D0A7479706558
:10EBB00064656620737472756374204641544653CD
:10EBC000207B0D0A20204259544520202066735F87
:10EBD000747970653B0D0A2020425954452020204D
:10EBE000706472763B0D0A20204259544520202043
:10EBF0006E5F666174733B0D0A20204259544520B4
:10EC0000202077666C61673B0D0A202042595445ED
:10EC10002020206673695F666C61673B0D0A2020C7
:10EC2000574F524420202069643B0D0A2020574F43
:10EC300052442020206E5F726F6F746469723B0DC6
:10EC40000A2020574F52442020206373697A653B85
:10EC50000D0A2020574F52442020207373697A6593
:10EC60003B0D0A20205743484152202A6C666E62B1
:10EC700075663B0D0A202044574F524420206C619A
:10EC800073745F636C73743B0D0A202044574F52BA
:10EC9000442020667265655F636C73743B0D0A20C7
:10ECA0002044574F52442020636469723B0D0A2070
:10ECB0002044574F524420206E5F666174656E7425
:10ECC0003B0D0A202044574F524420206673697A36
:10ECD000653B0D0A20204C42415F742020766F6C0A
:10ECE000626173653B0D0A20204C42415F74202015
:10ECF000666174626173653B0D0A20204C42415F7E
:10ED0000742020646972626173653B0D0A20204C97
:10ED100042415F74202064617461626173653B0DE0
:10ED20000A20204C42415F74202077696E7365632E
:10ED3000743B0D0A20204259544520202077696EEB
:10ED40005B46465F4D41585F53535D3B0D0A7D3B2B
:10ED50000D0A0D0A747970656465662073747275A6
:10ED600063742046464F424A4944207B0D0A2020C6
:10ED70004641544653202A66733B0D0A2020574FC4
:10ED8000524420202069643B0D0A202042595445FA
:10ED9000202020617474723B0D0A20204259544592
:10EDA000202020737461743B0D0A202044574F5279
:10EDB00044202073636C7573743B0D0A2020465306
:10EDC000495A455F74206F626A73697A653B0D0A20
:10EDD0007D3B0D0A0D0A7479706564656620737455
:10EDE000727563742046494C207B0D0A20204646EC
:10EDF0004F424A4944206F626A3B0D0A2020425923
:10EE0000544520202020666C61673B0D0A2020427B
:10EE1000595445202020206572723B0D0A2020465F
:10EE200053495A455F7420667074723B0D0A202066
:10EE300044574F5244202020636C7573743B0D0A75
:10EE400020204C42415F74202020736563743B0D89
:10EE50000A20204C42415F742020206469725F7355
:10EE60006563743B0D0A2020425954452020202A16
:10EE70006469725F7074723B0D0A202044574F52D0
:10EE80004420202A636C74626C3B0D0A7D3B0D0AA2
:10EE90000D0A7479706564656620737472756374A5
:10EEA00020444952207B0D0A202046464F424A49C1
:10EEB00044206F626A3B0D0A202044574F52442081
:10EEC00020647074723B0D0A202044574F52442036
:10EED00020636C7573743B0D0A20204C42415F74B3
:10EEE0002020736563743B0D0A202042595445204D
:10EEF000202A6469723B0D0A202042595445202083
:10EF000020666E5B31325D3B0D0A202044574F5224
:10EF1000442020626C6B5F6F66733B0D0A20206398
:10EF20006F6E7374205443484152202A7061743BC1
:10EF30000D0A7D3B0D0A0D0A7479706564656620C3
:10EF40007374727563742046494C494E464F207B5A
:10EF50000D0A20204653495A455F74206673697A2A
:10EF6000653B0D0A2020574F524420202020666424
:10EF70006174653B0D0A2020574F52442020202009
:10EF80006674696D653B0D0A202042595445202066
:10EF90002020666174747269623B0D0A202054431C
:10EFA000484152202020616C746E616D655B46465D
:10EFB0005F53464E5F425546202B20315D3B0D0A84
:10EFC00020205443484152202020666E616D655BCD
:10EFD00046465F4C464E5F425546202B20315D3BF6
:10EFE0000D0A7D3B0D0A0D0A747970656465662013
:10EFF000737472756374204D4B46535F5041524D8C
:10F00000207B0D0A2020425954452020666D743B18
:10F010000D0A20204259544520206E5F6661743BE2
:10F020000D0A202055494E542020616C69676E3BC3
:10F030000D0A202055494E5420206E5F726F6F7468
:10F040003B0D0A202044574F52442061755F73697D
:10F050007A653B0D0A7D3B0D0A0D0A747970656473
:10F06000656620656E756D2046524553554C54209B
:10F070007B0D0A202046525F4F4B203D20302C0D47
:10F080000A202046525F4449534B5F4552522C0D93
:10F090000A202046525F494E545F4552522C0D0AB9
:10F0A000202046525F4E4F545F52454144592C0D2B
:10F0B0000A202046525F4E4F5F46494C452C0D0AB0
:10F0C000202046525F4E4F5F504154482C0D0A207D
:10F0D0002046525F494E56414C49445F4E414D4592
:10F0E0002C0D0A202046525F44454E4945442C0DC4
:10F0F0000A202046525F45584953542C0D0A2020BF
:10F1000046525F494E56414C49445F4F424A45433F
:10F11000542C0D0A202046525F57524954455F50E7
:10F12000524F5445435445442C0D0A202046525F0B
:10F13000494E56414C49445F44524956452C0D0AAC
:10F14000202046525F4E4F545F454E41424C45444D
:10F150002C0D0A202046525F4E4F5F46494C4553C6
:10F16000595354454D2C0D0A202046525F4D4B46B5
:10F17000535F41424F525445442C0D0A20204652C1
:10F180005F54494D454F55542C0D0A202046525F7F
:10F190004C4F434B45442C0D0A202046525F4E4FA6
:10F1A000545F454E4F5547485F434F52452C0D0A1B
:10F1B000202046525F544F4F5F4D414E595F4F5094
:10F1C000454E5F46494C45532C0D0A202046525F60
:10F1D000494E56414C49445F504152414D4554457A
:10F1E000520D0A7D3B0D0A0303030300C4E5019D94
:10F1F000C0F6029D7CF3029D00000000ED0B029D15
:10F20000D0E5019D9842039DBC40039D0000000095
:10F2100000000000DCE5019DC86E039D2C6D039D80
:10F220000000000000000000E8E5019D5846039D35
:10F230003444039D0000000000000000F4E5019D3F
:10F240005878029D0000000000E6019D00000000CB
:10F25000B8E7019D187F029D00000000000000003B
:10F2600000000000C4E7019D787C029D00000000C2
:10F270000000000000000000D0E7019D0000000039
:10F280000877029D0000000000000000DCE7019DFF
:10F29000000000007075029D0000000000000000EA
:10F2A000E8E7019DA874029D0C74029DF4E7019D9E
:10F2B00000000000C4E8019D000000006C73029D86
:10F2C0000000000000000000D0E8019D00000000E8
:10F2D000FCAE039D0000000000000000DCE8019D82
:10F2E000F0BC029D2CBA029DECE8019DF98B029DB9
:10F2F0003CEA019DD85D029D9C59029D4CEA019D0E
:10F30000FD97029D7CEA019D68AD029D64AA029D65
:10F3100088EA019DED0B029D000000000000000046
:10F32000000000000000000000000000766F69642B
:10F3300000000065636861720000006573686F72A9
:10F3400074000065696E74006C6F6E670000006584
:10F35000666C6F6174000065646F75626C650000B7
:10F36000756E7369676E6564000000657369676E2A
:10F3700065640000636F6E7374000065737461747C
:10F3800069630000656E756D0000006573747275C9
:10F3900063740000756E696F6E000065626F6F6C5C
:10F3A0000000006546494C450000006576615F6CD1
:10F3B00069737400766F6C6174696C650000006538
:10F3C00065787465726E00000000000000000000A7
:10F3D0002CF3019D0400000000000000000000006C
:10F3E0000200000034F3019D040000000000000052
:10F3F00000000000030000003CF3019D0500000038
:10F4000000000000000000000400000044F3019D23
:10F4100003000000000000000000000005000000E4
:10F4200048F3019D040000000000000000000000FF
:10F430000700000050F3019D0500000000000000DF
:10F44000000000000800000058F3019D06000000C5
:10F4500000000000000000001000000060F3019DAB
:10F460000800000000000000000000000001000093
:10F470006CF3019D06000000000000000000000089
:10F480002000000074F3019D050000000000000052
:10F4900000000000800000007CF3019D06000000D9
:10F4A00000000000000000000C00000084F3019D3B
:10F4B0000400000000000000000000000D0000003B
:10F4C0008CF3019D06000000000000000000000019
:10F4D0000E00000094F3019D0500000000000000F4
:10F4E00000000000010000009CF3019D04000000EA
:10F4F00000000000000000000B000000A4F3019DCC
:10F500000400000000000000000000000F000000E8
:10F51000ACF3019D070000000000000000000000A7
:10F52000800000007CF3019D060000000000000048
:10F530000000000000000000B4F3019D080000007E
:10F54000000000000000000000000000C0F3019D6A
:10F5500006000000000000000000000000000000A5
:10F560000000000000000000000000002B2B000045
:10F570002B3D00002B0000652D2D00002D3D0000CF
:10F580002D3E00002D0000652A3D00002A00006588
:10F5900026260000263D0000260000652E2E2E00A7
:10F5A0002E0000652F3D00002F0000653D3D00004E
:10F5B0003D000065213D0000210000653C3C3D0010
:10F5C0003C3D00003C3C00003C0000653E3E3D00F0
:10F5D0003E3D00003E3E00003E0000657C3D0000D8
:10F5E0007C7C00007C0000657E3D00007E000065A4
:10F5F0005E3D00005E000065253D000025000065C1
:10F600003F0000652900006516000000430000006F
:10F610006CF5019D020000009DC5019D01000000E8
:10F62000430000006CF5019D0200000029C6019D09
:10F63000060000002100000070F5019D020000009E
:10F6400085CC019D100000003500000074F5019D7F
:10F6500001000000FDCB019D150000003F000000EF
:10F6600074F5019D01000000B1C9019D1600000064
:10F670004200000078F5019D0200000089C6019D4E
:10F68000010000004200000078F5019D020000002A
:10F6900019C7019D06000000220000007CF5019DB5
:10F6A0000200000051CD019D170000004400000041
:10F6B00080F5019D02000000D9E4019D10000000CA
:10F6C0003600000084F5019D01000000C9CC019DB9
:10F6D000150000003E00000084F5019D01000000BF
:10F6E000FDC9019D070000002300000088F5019D71
:10F6F0000200000025CE019D11000000370000002F
:10F700008CF5019D0100000095CD019D13000000C6
:10F710003C0000008CF5019D0100000079C7019DAF
:10F720000A0000002900000090F5019D0200000081
:10F7300049D3019D030000001D00000094F5019DC8
:10F740000200000075D0019D0C0000002C0000009C
:10F7500098F5019D0100000015D0019D13000000E7
:10F760003D00000098F5019D01000000A5C8019D25
:10F7700001000000190000009CF5019D030000003D
:10F7800085D8019D1700000045000000A0F5019DEF
:10F79000010000005DE4019D07000000250000005D
:10F7A000A4F5019D0200000011CF019D1100000091
:10F7B00039000000A8F5019D0100000069CE019DFF
:10F7C0000D0000002E000000ACF5019D02000000BD
:10F7D00031D4019D020000001A000000B0F5019D27
:10F7E0000100000055CB019D0D0000002D00000020
:10F7F000B4F5019D02000000E1D4019D1400000059
:10F8000040000000B8F5019D010000006DCA019D97
:10F81000040000001F000000BCF5019D0300000073
:10F8200061D2019D0E00000030000000C0F5019D76
:10F830000200000051D6019D0F00000034000000BE
:10F84000C4F5019D0200000001D2019D0E000000E0
:10F8500032000000C8F5019D0100000095D5019D12
:10F86000040000001E000000CCF5019D0300000014
:10F8700005D3019D0E0000002F000000D0F5019D72
:10F8800002000000C9D7019D0F00000033000000F6
:10F89000D4F5019D02000000A5D2019D0E000000DC
:10F8A00031000000D8F5019D010000000DD7019D39
:10F8B000030000001B000000DCF5019D02000000B9
:10F8C00019D1019D0900000028000000E0F5019D0C
:10F8D00002000000BDD3019D0A0000002A000000C4
:10F8E000E4F5019D01000000B9D0019D0500000074
:10F8F00020000000E8F5019D02000000B9CB019D49
:10F900001400000041000000ECF5019D0100000022
:10F9100001CB019D030000001C000000F0F5019DDB
:10F9200002000000BDD1019D0B0000002B00000073
:10F93000F4F5019D010000005DD1019D070000006C
:10F9400024000000F8F5019D02000000D1CF019DC8
:10F950001100000038000000FCF5019D01000000CE
:10F9600055CF019D080000002700000000F6019D12
:10F970000100000011D9019D130000003A000000B1
:10F9800004F6019D0100000075C9019D0000000002
:10F990000000000000000000000000000000000067
:10F9A00069660000656C736500000065646F0000A7
:10F9B0007768696C65000065627265616B0000655F
:10F9C000636F6E74696E75650000006573776974A6
:10F9D000636800006361736500000065726574759B
:10F9E000726E000073697A656F66000074797065E5
:10F9F00064656600676F746F0000006500000000BA
:10FA00000B000000A0F9019D02000000F9D9019D42
:10FA1000000000000C000000A4F9019D040000009B
:10FA200091D8019D000000000D000000A4E5019D9B
:10FA30000300000025DB019D000000000E00000017
:10FA4000ACF9019D0200000009DE019D00000000EC
:10FA50000F000000B0F9019D0500000031DF019D9D
:10FA60000000000010000000B8F9019D0500000032
:10FA700081E0019D0000000011000000C0F9019D1F
:10FA80000800000059E0019D000000001200000085
:10FA9000CCF9019D060000002DE1019D0000000051
:10FAA00013000000D4F9019D040000009DD8019DC1
:10FAB000000000001400000094E5019D0700000014
:10FAC000D9D8019D0000000015000000DCF9019D5F
:10FAD00006000000A1E0019D110000003B000000B5
:10FAE000E4F9019D06000000F1C8019D000000003E
:10FAF0000A000000ECF9019D0700000009E4019DE7
:10FB00000000000016000000F4F9019D0400000050
:10FB1000F1E0019D00000000000000000000000076
:10FB200000000000000000007465726D696E617471
:10FB300065642062792074686520757365720000C1
:10FB400073796E746178206572726F72000000655F
:10FB5000756E657870656374656420656E64206F8A
:10FB60006620636F64650000696E76616C6964206D
:10FB70006E756D6572696320636F6E7374616E7408
:10FB800000000065696E76616C696420636861726B
:10FB9000616374657220636F6E7374616E740000CC
:10FBA000746F6F206C6F6E67206964656E74696630
:10FBB000696572006461746120747970652065788C
:10FBC000706563746564000072657475726E20768A
:10FBD000616C7565206578706563746564000065A7
:10FBE0006964656E746966696572206E616D652011
:10FBF00065787065637465640000006573656D69A0
:10FC0000636F6C6F6E20273B272065787065637487
:10FC100065640000636F6C6F6E20273A272065785B
:10FC20007065637465640000646F75626C65207153
:10FC3000756F746520272227206578706563746569
:10FC400064000065636F6D6D6120272C2720657847
:10FC500070656374656400006F70656E696E67201F
:10FC6000706172656E20272827206578706563743F
:10FC700065640000636C6F73696E67207061726504
:10FC80006E202729272065787065637465640000FD
:10FC90006F70656E696E6720627261636520277B95
:10FCA000272065787065637465640000636C6F730A
:10FCB000696E6720627261636520277D2720657801
:10FCC00070656374656400006F70656E696E6720AF
:10FCD000627261636B657420275B272065787065AD
:10FCE0006374656400000065636C6F73696E672000
:10FCF000627261636B657420275D2720657870658B
:10FD00006374656400000065277B27206F722027DD
:10FD1000222720657870656374656400277D27203D
:10FD20006F722027222720657870656374656400F0
:10FD3000276361736527206F72202764656661758C
:10FD40006C742720657870656374656400000065D5
:10FD50006120636C6F73696E6720277768696C65D3
:10FD60002829272073746174656D656E7420657829
:10FD70007065637465640000756E657870656374A2
:10FD800065642027656C7365272073746174656DE5
:10FD9000656E7400756E65787065637465642027A0
:10FDA00063617365272073746174656D656E74009B
:10FDB000756E657870656374656420276465666137
:10FDC000756C74272073746174656D656E740000C2
:10FDD000756E65787065637465642027627265610D
:10FDE0006B270000756E6578706563746564202705
:10FDF000636F6E74696E756527000065756E657852
:10FE000070656374656420746F6B656E00000065D7
:10FE10006D656D6F727920616C6C6F636174696F71
:10FE20006E206661696C6564000000656475706CC5
:10FE30006963617465642066756E6374696F6E20B2
:10FE40006E616D65000000656475706C6963617456
:10FE50006564207661726961626C65206E616D65B2
:10FE6000000000656475706C696361746564206C82
:10FE70006162656C000000656475706C6963617433
:10FE80006564202764656661756C742720636C6106
:10FE9000757365006475706C696361746564206571
:10FEA0006E756D207B7D20646566696E6974696F0F
:10FEB0006E00006565787072657373696F6E206996
:10FEC0007320746F6F20636F6D706C6578000065D0
:10FED0006D6178696D756D206C6576656C206F66F7
:10FEE000206E657374696E6720726561636865640E
:10FEF000000000656469766973696F6E206279201D
:10FF00007A65726F00000065696D706F7373696266
:10FF10006C65206461746120636F6E7665727469CC
:10FF20006F6E000064617461207479706520696E81
:10FF300076616C696420666F7220746865206F70EA
:10FF400065726174696F6E006E6F7420616C6C6FA6
:10FF5000776564207769746820706F696E74657264
:10FF600020706172616D657465720000746F6F203E
:10FF70006D616E792064696D656E73696F6E730073
:10FF8000746F6F206D616E7920706172616D657440
:10FF900065727320696E20612066756E6374696F87
:10FFA0006E000065746F6F206D616E7920706F73E5
:10FFB000742D6D6F6469666965727300756E6B6E22
:10FFC0006F776E206964656E74696669657200009A
:10FFD000696E76616C696420646174612074797003
:10FFE000652061737369676E6D656E7400000065EE
:10FFF000696E76616C696420706F696E74657220D9
:020000041D02DB
:100000007265666572656E63650000657772697416
:10001000696E6720696E746F20636F6E7374616EB2
:100020007420706F696E7465720000657772697410
:10003000696E6720696E746F20636F6E7374616E92
:100040007420646174610000756E6B6E6F776E2052
:10005000646972656374697665000065756E7265C2
:10006000636F676E697365642073797374656D205F
:100070006C69627261727900756E7265636F676E2A
:10008000697365642023707261676D61206F70749D
:10009000696F6E00756E6B6E6F776E206C61626556
:1000A0006C000065696E76616C696420757365200B
:1000B0006F6620656C6C697073697300756E616240
:1000C0006C6520746F20696E636C756465206C6963
:1000D0006272617279000065617373657274696F31
:1000E0006E206661696C656400000065696E7375F9
:1000F0006666696369656E74207265736F75726395
:1001000065000065FFFFFFFF28FB019D0100000067
:1001100040FB019D0200000050FB019D0300000018
:1001200068FB019D0400000084FB019D05000000A8
:10013000A0FB019D06000000B4FB019D070000002C
:10014000C8FB019D08000000E0FB019D09000000C4
:10015000FCFB019D0A00000014FC019D0B00000047
:1001600028FC019D0C00000044FC019D0D000000D6
:1001700058FC019D0E00000074FC019D0F00000062
:1001800090FC019D10000000ACFC019D11000000DE
:10019000C8FC019D12000000E8FC019D1300000056
:1001A00008FD019D140000001CFD019D15000000CC
:1001B00030FD019D1600000050FD019D170000005C
:1001C00078FD019D1800000094FD019D19000000BC
:1001D000B0FD019D1A000000D0FD019D1B00000034
:1001E000E4FD019D1C000000FCFD019D1D000000C0
:1001F00010FE019D1E0000002CFE019D1F0000004E
:1002000048FE019D2000000064FE019D21000000C9
:1002100078FE019D2200000094FE019D2300000055
:10022000B4FE019D24000000D0FE019D25000000C9
:10023000F4FE019D2600000008FF019D270000003C
:1002400024FF019D2800000048FF019D29000000B7
:100250006CFF019D2A00000080FF019D2B00000023
:10026000A4FF019D2C000000BCFF019D2D0000009B
:10027000D0FF019D2E000000F0FF019D2F00000027
:100280000C00029D300000002C00029D3100000097
:100290004800029D320000005C00029D3300000017
:1002A0007800029D340000009400029D350000009B
:1002B000A400029D36000000BC00029D3700000033
:1002C000D800029D38000000EC00029D00000000F4
:1002D00000000000603088BFE3645C6770F106A234
:1002E000143008B201E2006A49C0046A1A18616752
:1002F00048C040D8C0F7433241D86364A0E80065E5
:10030000280200A0C36408B4226D1A18604B016E65
:1003100005B2609A5C6710F274DA1A185F41006CDB
:100320004364A0E8C80600A0C3640CB40B6D1A189F
:10033000604B016E5C6770F146A2543208B349E32A
:10034000006B69C2056B68C204B3609B659B60DA91
:10035000006B61DA4364A0E8C80600A0280200A090
:10036000C36406B40B6D1A18604B016E03B2409A59
:10037000006B71C24364A0E8C80600A0C3640CB45B
:100380000B6D1A18604B016E5C6770F146A2543217
:1003900008B349E3006B69C2046B68C204B3609B95
:1003A00071A360DA006B61DA4364A0E8C80600A0BC
:1003B000280200A0C3640EB40B6D1A18604B016EC6
:1003C0005C6770F146A254320AB349E3006B69C21C
:1003D000046B68C206B3609B859B639B8EEB015BDD
:1003E000786760DA006B61DA4364A0E8C80600A0B1
:1003F000280200A0F5641C6716B4046D1A18604B3F
:10040000006E70F126A0343113B225E2006A49C1B2
:10041000046A48C1B0F16CA8046A6DEAB0F14CC836
:100420000EB40CB2A09A1A1870FA04D340D9C0F7CF
:10043000433241D9B0F18CA8056A4BEA8CEA046CCE
:1004400004938CEB6DEAB0F14CC87564A0E80065CC
:10045000C80600A0280200A008F1029DE3641C6702
:100460000EB40B6D1A18604B016E1A183A42006CEC
:1004700030F1489860822C730461014A30F148D809
:1004800003101A185F410C6C05B4026D1A18604B0A
:10049000016E6364A0E80065C80600A0F80600A02D
:1004A000E3641C6728B40B6D1A18604B016E1A18B0
:1004B0003A42006C30F1489860822C730461014A22
:1004C00030F148D803101A185F410C6C1FB4026D4C
:1004D0001A18604B016E1A183A42006C30F14898B5
:1004E00060822C730461014A30F148D803101A1855
:1004F0005F410C6C16B4046D1A18604B006E1A182C
:100500003A42006C30F1489860822C730461014AD1
:1005100030F148D803101A185F410C6C0DB4146DFB
:100520001A18604B006E70F186A094340AB291E202
:10053000006A49C4046A48C4006A006B40DC61DC9C
:100540006364A0E8C80600A0F80600A0D00900A0D7
:10055000180700A0280200A0E3640DB4226D1A1849
:10056000604B016E5C6770F106A2143009B201E2C3
:10057000006A49C0046A48C005B21A1828F9809A6E
:1005800040D8C0F7433241D86364A0E8C80600A051
:10059000280200A0E46410B40B6D1A18604B016EC1
:1005A0005C6770F106A214300CB201E2006A49C027
:1005B000046A48C0006A006B40D861D806B2809ACD
:1005C000B067016E1A188C5F040740D8006A41D8E2
:1005D0006464A0E8C80600A0280200A0C3641A183A
:1005E000658100654364A0E8E3641C6730B4006D76
:1005F0001A18604B016E1A183A42006C30F1489894
:1006000060822C730461014A30F148D803101A1833
:100610005F410C6C27B4146D1A18604B006E1A18E9
:100620003A42006C30F1489860822C730461014AB0
:1006300030F148D803101A185F410C6C1EB4146DC9
:100640001A18604B006E1A183A42006C30F1489844
:1006500060822C730461014A30F148D803101A18E3
:100660005F410C6C15B40B6D1A18604B016E70F184
:1006700006A0143012B201E2006A49C0146A48C0F0
:10068000006A006B40D861D80BB2609A09B2409AF8
:1006900058EB0AB2809A06B2A09A12EE1A188C5F32
:1006A000F06740D8006A41D86364A0E8C80600A09B
:1006B000F80600A0D00900A0180700A0280200A09A
:1006C000E3641C6722B4026D1A18604B016E1A189D
:1006D0003A42006C30F1489860822C730461014A00
:1006E00030F148D803101A185F410C6C19B4046D2E
:1006F0001A18604B006E1A183A42006C30F1489894
:1007000060822C730461014A30F148D803101A1832
:100710005F410C6C10B40B6D1A18604B016E70F1D8
:1007200006A014300DB201E2016A49C0026A48C055
:1007300007B2809A07B2A09A07B21A189E65C09AAB
:1007400040D8006A41D86364A0E80065C80600A0EC
:10075000F80600A0D00900A0280200A0E3641C67EE
:1007600017B4046D1A18604B006E1A183A42006CE8
:1007700030F1489860822C730461014A30F148D806
:1007800003101A185F410C6C0EB40B6D1A18604BF5
:10079000016E70F106A014300BB201E2006A49C08C
:1007A000046A48C006B2808206B21A18B065A09AE0
:1007B00040D8C0F7433241D86364A0E8C80600A01F
:1007C000F80600A0280200A0C3641A18D7810065AB
:1007D0004364A0E8E3641C6717B4226D1A18604BE9
:1007E000016E1A183A42006C30F1489860822C73FE
:1007F0000461014A30F148D803101A185F410C6CAB
:100800000EB40B6D1A18604B016E70F106A0143017
:100810000BB201E2006A49C0046A48C006B2809A7D
:1008200006B21A18B965A09A40D8C0F7433241D829
:100830006364A0E8C80600A0F80600A0280200A093
:10084000E3641C6730B4206D1A18604B016E1A18EF
:100850003A42006C30F1489860822C730461014A7E
:1008600030F148D803101A185F410C6C27B4146D8E
:100870001A18604B006E1A183A42006C30F1489812
:1008800060822C730461014A30F148D803101A18B1
:100890005F410C6C1EB4146D1A18604B006E1A1870
:1008A0003A42006C30F1489860822C730461014A2E
:1008B00030F148D803101A185F410C6C15B40B6D59
:1008C0001A18604B016E70F106A0143012B201E2EA
:1008D000006A49C0146A48C0006A006B40D861D8F9
:1008E0000BB2609A09B2409A58EB0AB2809A06B2EB
:1008F000A09A12EE1A18E55FF06740D8006A41D856
:100900006364A0E8C80600A0F80600A0D00900A013
:10091000180700A0280200A0F4640EB40B6D1A188A
:10092000604B016E5C6770F106A214300AB201E2FE
:10093000006A49C0046A48C006B11A188A608099E2
:1009400040D8006A41D81A1841CC91677464A0E875
:10095000C80600A0280200A0E3640DB40B6D1A18AD
:10096000604B016E5C6770F106A2143009B201E2BF
:10097000006A49C0046A48C005B21A186E60809ABD
:1009800040D8006A41D86364A0E80065C80600A0AA
:10099000280200A0E3640DB4226D1A18604B016EAA
:1009A0005C6770F106A2143009B201E2006A49C026
:1009B000046A48C005B21A183662809A40D8006AA4
:1009C00041D86364A0E80065C80600A0280200A022
:1009D000E3641C6717B4226D1A18604B016E1A1875
:1009E0003A42006C30F1489860822C730461014AED
:1009F00030F148D803101A185F410C6C0EB4226D08
:100A00001A18604B016E70F106A014300BB201E2AF
:100A1000006A49C0046A48C006B2809A06B21A1831
:100A2000A462A09A40D8006A41D86364A0E8006537
:100A3000C80600A0F80600A0280200A0E3645C67D6
:100A400070F106A2143007B201E2016A49C00B6AD4
:100A50001A18E3F848C040D8006A41D86364A0E897
:100A6000280200A0E3640DB4026D1A18604B016EF9
:100A70005C6770F106A2143009B201E2016A49C054
:100A8000026A48C005B21A1888EF809A40D8006AF6
:100A900041D86364A0E80065C80600A0280200A051
:100AA000F4641C6732B40B6D1A18604B016E1A188F
:100AB0003A42006C30F1489860822C730461014A1C
:100AC00030F148D803101A185F410C6C29B4056D39
:100AD0001A18604B006E1A183A42006C30F14898B0
:100AE00060822C730461014A30F148D803101A184F
:100AF0005F410C6C20B4046D1A18604B006E70F1ED
:100B000006A01EB114300DE1006A49C3046A48C34F
:100B100019B2C09AA19A027615B416B20D610C2DC5
:100B2000809C839CC09AA19ACBE443EC9867ABED80
:100B300093E540DB81DB171001760D610C2D01E19F
:100B4000609C659BA09A819AA9E363EA786791E328
:100B500040D881D80810809C1A180461A09A01E13D
:100B600040D8006A41D87464A0E80065C80600A0B7
:100B7000F80600A0D00900A0280200A0C36407B4B2
:100B80000B6D1A18604B016E04B2809A1A1804613A
:100B9000006D4364A0E80065C80600A0F5641C670A
:100BA00070F126A0343111B225E2006A49C1046A0D
:100BB00048C1B0F16CA8086A6DEAB0F14CC81A18C7
:100BC000616704D340D9C0F7433241D9086A04931E
:100BD0004CEB072BB0F16CA8096A4BEA6CEAB0F158
:100BE0004CC87564A0E80065280200A0F5641C6785
:100BF00016B117B391671A1841CC04D30449049372
:100C00006AE9F861306730F118491A1841CC9167E8
:100C100021F0186D1A1859CC916730F15898032AB1
:100C20001A185F411D6C30F198980AB51A180C5FBC
:100C3000006E08220D72066030F1989806B51A18F9
:100C40000C5F006E7564A0E8E80800A0FC0800A036
:100C50000CF1029D14F1029DC3641A18404E326CCF
:100C60001A1819510065015204611A18616700656C
:100C7000F7174364A0E80065E3640EB4026D1A1828
:100C8000604B016E5C6770F106A214300AB201E29B
:100C9000016A49C0026A48C006B21A18B2F6809AC0
:100CA00040D8006A1A18168341D86364A0E800652A
:100CB000C80600A0280200A018F0F864006A24D238
:100CC00023D20C04226D1A18604B016EE0F50CB0B3
:100CD0007C6710F14CA3483249E01A1C99E7809ACE
:100CE00024041A1859CCA1422494032C1A185F41E9
:100CF0001D6C249326D39C6710F14CA4483241E02C
:100D000083671A1C45E5A09800682693182B1A18CB
:100D100041CC24041A1841CC23049C6770F146A4EA
:100D2000543280F51CB349E3006B69C2046B68C29E
:100D300000DAC0F7033001DA10F07864A0E82693F7
:100D40004083E52225720861269341832572014B79
:100D500027D323672B6126D33193025B076026914B
:100D6000014960F500B42693A08364123192FE4AD3
:100D7000025A096026910149309311E340F504B508
:100D80002693C08374123192FC4A025A269180F253
:100D900010600149309420F50CB52693C08385126C
:100DA000116B6BEB4CEB20730561014940812D7297
:100DB000F761FB17096B6BEB6CEA2372F660006A54
:100DC0001BD21CD21DD21ED21FD220D29D6780F012
:100DD00044C414D215D216D217D218D219D260F048
:100DE00048C440812A7203610149016B081040A187
:100DF000D04A11EA0A5A02600149F917006B28D358
:100E000040812E720F6141812A7206610249026A95
:100E100028934DEB28D30610014940A1D04A11EA8E
:100E20000A5AFA6140816872036141816872041054
:100E30006C72076141816C720260014907100249BE
:100E400005104C6C8EEA015A586745E1608129D340
:100E500060F414B41A1860F6A36702220149021064
:100E6000696B29D3016A28936CEA3F221A183A4227
:100E7000006C9C6730F1489C60822C730461014ACD
:100E800030F148DC03101A185F410C6C1A18CD4A77
:100E9000016C7C6770F146A320F404B5543249E537
:100EA00088A20F6B8CEBFF4B065B0D6149A20B2AEE
:100EB00024041A1841CC2AD51A1841CC23041A1834
:100EC0005F41276C2A955C6770F186A2943499E59E
:100ED000609E195B0461186A006B40DE61DE89E583
:100EE0001B04FAB51A182CF8C08A026A28936CEA17
:100EF0003E221A183A42006C9C6730F1489C60828E
:100F00002C730461014A30F148DC03101A185F4168
:100F10000C6C1A18CD4A016C7C6770F146A3E8B5D9
:100F2000543249E588A20F6B8CEBFF4B065B0D61D9
:100F300049A20B2A24041A1841CC2AD51A1841CCEC
:100F400023041A185F41276C2A955C6770F186A20A
:100F5000943499E5609E195B0461186A006B40DE69
:100F600061DE89E51404D9B51A182CF8C08A1A1C58
:100F700099E71B0414041A1C99E72AD22A9749E717
:100F800026948FE17DE27D6760F04C830122FF4F64
:100F90009D6740F050840122FF4F23041A1841CC72
:100FA0002AD723042A971A1859CCA2472A972392A2
:100FB000072A1A1841CC24041A185F411D6C2A977D
:100FC00023932794FDE426D7279226948EEA3F2286
:100FD0002794FFF75F842A6F4EEF032740C3014B2E
:100FE00032105D6760F0CC82102683671B051A1CE7
:100FF00045E52AD71B041A1C99E72BD22B934DE306
:101000002A979D6760F0ECC41E1040F050821022B9
:10101000836714051A1C45E52AD614041A1C99E79F
:101020002BD22B934DE32A965D6740F0D0C20B1074
:1010300024041A1841CC2BD31A1841CC23041A18B3
:101040005F412A6C2B932794014C27D4BD1740C3D2
:101050001A183A42006C7C6730F1489B60822C730E
:1010600020F10761014A9C6730F148DC29936E73D7
:1010700058670A2A70F146A4543291B449E400DA60
:10108000C0F7033361DA08101A18CD4A016C040462
:10109000006D1A1C29F1206E8DB41A1860F629957E
:1010A0007C6770F166A326D35222086A9D6758C4F4
:1010B000743483B291E21A18B74104057C6770F169
:1010C00046A354337EB471E426D4A19C809C83B69D
:1010D00083B71A1C83EA2BD32B93052A7FB480B5E0
:1010E000269280DAA1DA3194082C75B469E423944D
:1010F000C09A1A1877FAE19ADB10319201720461F2
:1011000023946FB275E2A310319402740A616CB437
:1011100069E4309311E32395C09A1A182CF8E19AE8
:10112000C710319403740661309211E2239564B2C2
:1011300079E2AC1031940474A0F01B6160B469E4EE
:1011400030942395C09A1A18C465E19AB110299376
:10115000737338612693743259B449E4C09A22D625
:10116000036A4BEA31936CEA022204731F611A1876
:1011700096422204C26780F01C223193052B51B4A1
:101180001A1877FAA2671010319302730661309330
:101190004CB51A182CF811E3071031930473E7616A
:1011A00048B51A18C465309441E0E11731930173D2
:1011B000066003737E61309311E346B5671045B452
:1011C000A6674510239383671A1C99E72BD3FF4A20
:1011D0002B9351E360A4056A4BEA6CEA91EA686BD1
:1011E0006EEA032A42C4696A41C4066A9D6758C40C
:1011F00023938367756D1A1860F62BD32B93052AFA
:1012000083671A1860F6556D0322166A7D6758C306
:10121000269374342AB291E204051A18B7412AD2EF
:101220002A9231930B2B9C6770F166A4743369E2A8
:101230002394A09A1A1877FA00653A103193017333
:101240000A619C6770F1A6A4B4352394B5E21A181C
:101250007EFA00652D10319302730D619C6770F169
:1012600066A4743369E2309311E32395C09A1A1887
:101270002CF800651D10319303730C619C6770F1AD
:10128000C6A4D436309311E32395D9E21A183AF85C
:1012900000650E10319304730C619C6770F166A4B5
:1012A000743369E230942395C09A1A18C4650065B6
:1012B00041E026D12A150065C00900A0280200A03F
:1012C00008F1029D18F1029D2CF1029D30F1029D62
:1012D0003CF1029D00650065000000000000000078
:1012E000C364006C1A182E83A4674364A0E80065E9
:1012F000E3641C670EB4026D1A18604B016E1A1875
:101300003A42006C30F1489860822C730461014AC3
:1013100030F148D803101A185F410C6C04B2809A5F
:101320001A182E83026D6364A0E80065C80600A049
:10133000C3641A1816830065006C1A182E83016D99
:101340001A18168300654364A0E80065E3641C670F
:101350000EB4026D1A18604B016E1A183A42006CF6
:1013600030F1489860822C730461014A30F148D80A
:1013700003101A185F410C6C04B2809A1A182E835D
:10138000036D6364A0E80065C80600A0E3641C6701
:101390000EB40B6D1A18604B016E1A183A42006CAD
:1013A00030F1489860822C730461014A30F148D8CA
:1013B00003101A185F410C6C04B2809A1A182E831D
:1013C000046D6364A0E80065C80600A0E3641C67C0
:1013D0000EB40B6D1A18604B016E1A183A42006C6D
:1013E00030F1489860822C730461014A30F148D88A
:1013F00003101A185F410C6C04B2809A1A182E83DD
:10140000056D6364A0E80065C80600A0E4644B2491
:1014100040840068492204D0506760840B23045A3A
:101420000960014C040655E660C56273F660014A26
:1014300011EAF3171FB51A1CCEEA0404016834221E
:101440001DB51A1CCEEA040403682E221BB51A1C13
:10145000CEEA04040A68282219B51A1CCEEA04044C
:101460000B68222217B51A1CCEEA040432681C222B
:1014700015B51A1CCEEA04043368162213B51A1CDB
:10148000CEEA04040668102211B51A1CCEEA040440
:1014900007680A220FB51A1CCEEA0404015A5867DD
:1014A0004BEA4CE80110006850676464A0E80065EE
:1014B00040F1029D44F1029D48F1029D4CF1029DD4
:1014C00050F1029D54F1029D58F1029D5CF1029D84
:1014D00060F1029DF6641C6734B4226D1A18604BEB
:1014E000016E1A183A42006C30F1489860822C73F1
:1014F0000461014A30F148D803101A185F410C6C9E
:101500002BB4226D1A18604B016E70F146A029B3FE
:10151000543249E3016C89C20B6C88C2006A62676D
:1015200011EB04D3483324B485E3A0991D25014A67
:101530000572F561056B04D3006D70F186A004930C
:1015400005730760082D68311BB525E56099006AB1
:101550000410006BFC17006B4367943415B591E5DC
:1015600060DC41DC7664A0E891671A1859CC2C6DD8
:10157000C099E2260DB2A09A0DB2809A06D51A182B
:10158000038505D60596866706951A181E5FC267FD
:10159000A267D32280991A188A6006D21A1841CC01
:1015A00091670695CA170065C80600A0F80600A056
:1015B000280200A0E80800A0F6641C6732B4226D7F
:1015C0001A18604B016E1A183A42006C30F14898B4
:1015D00060822C730461014A30F148D803101A1854
:1015E0005F410C6C29B4226D1A18604B016E1A18F9
:1015F0003A42006C30F1489860822C730461014AD1
:1016000030F148D803101A185F410C6C20B40B6DF0
:101610001A18604B016E70F146A01EB3543249E3B4
:10162000016C89C20B6C88C219B180991A188A6042
:1016300006D3C09914B2A09A14B2809A05D51A188C
:10164000038504D60496866705951A181E5FC2673F
:10165000A2670693092280991A188A6005D21A187F
:1016600041CC91670595069370F1C6A0032D809932
:10167000006A0210006C4467D435ADE380DB41DBC7
:101680007664A0E8C80600A0F80600A0D00900A073
:10169000280200A000650065A164609C4083207260
:1016A0000261014BFB172D72006F0261014B016F4C
:1016B0004083307202602B720161014BA0A3216A4A
:1016C0004BEAACEA91EA5872006D0261014B016D80
:1016D000C0A34846D84A0A5A0A61006A3025216DDB
:1016E000ABEDACEEBF4E065E2A60006A0C10FD2D1D
:1016F000006A19100846C74806580F605032BF4D9F
:10170000A9E2014B1C23A083C56711EE0846D84807
:101710000A58F0605032D04DF3179F4E065E0F60AE
:1017200050329F4DED17A083D04DC56711EE0A5E74
:10173000066044364C3249E6A9E2014BF41760DCFE
:1017400001274BEA2164A0E8F8644467656787E6EF
:10175000C0F723348EE987E1A3E7C0F703348EE8AE
:1017600083E042EE016C04D40360016DABED04D55F
:1017700062EF016E05D60360016C8BEC05D402E9C3
:101780002461043506D53FE523E0043007D00496F4
:10179000C1E2006A0495B3E0A367149609D20AD3A4
:1017A0001A18205108D70897005709920A93036026
:1017B0000696DDE7041007949DE70595ADE3014A21
:1017C0000496C1E042E9E6602310243406D41FE405
:1017D00007E1243107D10595A5E3006B82670596E3
:1017E000D7E1149609D20AD31A18205108D70897BE
:1017F000005709920A93036006949DE70410079529
:10180000BDE70496C9E2014B059485E162E8E66014
:101810007864A0E8F66464674567066727671094F4
:1018200004D48367C36707D21A18D28506D31094ED
:1018300004D4069383670792A267D0671A18D285EB
:10184000E267109404D406938367B167D0671A18CF
:10185000D285F167109304D390670792A267D0678F
:101860001A18D285F1677664A0E800650CF0F5647B
:1018700025670767A2EF0C610E9204D20A94B16744
:101880000C961A18D285F167014922E8F5600B1011
:101890000E9204D20A94B1670C961A18D285F16799
:1018A000FF4902E9F5607564A0E80065F764256703
:1018B0000667A2EF02602767E567129302EB0360F9
:1018C0005067036712D22BE740DC12930BE341DC35
:1018D000084C04D4086B006D05D5129202EA24610D
:1018E000D167C2EF1F618667B06707D306D61A18A3
:1018F000025108D7015A58670595A43489E211EAC4
:101900000793FF4B91EB06960897032391EA05D2C4
:101910000710049340C3014B04D3086B006D05D539
:10192000014EDF170148D917032305950493A0C37F
:101930007764A0E80EF0F7642667609C6DE507D336
:10194000619C6DE608D36744024B06D3888404D4B7
:10195000086B05D3089322EB4A610F90079302EBC3
:10196000446104936FEEC0F7C236119326230173CE
:1019700008619067B1671A18025109D609964DEEB1
:101980001C101193027308619067B1671A18025115
:1019900009D609964EEE11101193037308619067F2
:1019A000B1671A18025109D609964CEE0610119328
:1019B00004730361016A4EEE11EE90671A1820510C
:1019C000B1670592FF4A91EA05D205220493643279
:1019D00091EA04D208100693608304D30693014B66
:1019E00006D3086B05D30148B9170149B3177764CB
:1019F000A0E80065FB6424674567666707671A947B
:101A0000A2EF056047670567B167266765671B95A5
:101A100002ED0660B0671B901BD5A36764678567FE
:101A200042E81B610AEA1F611B97EAEA0267B8678E
:101A30001A2D22EB0361A3677167256762EC0461CD
:101A400082E90160246783679BE11C9304D3A2674A
:101A5000014E1A181B86E2677E10A2675067056761
:101A6000B1672367656737E30DD55FE00ED737E4CD
:101A700009D51B975FE70BD773E40CD41B9413E4D1
:101A80000FD41B95AAE80360EF400AD701100AD0D3
:101A900006D2006C08D407D406940A9582ED296119
:101AA00007970E949AEF012CE5E812EED9E108951C
:101AB0000B97FAED012FE5E812EC91E107950D97F0
:101AC000F5E507D508950997F5E508D5C2EC03615A
:101AD000A4678667C5671C9504D50695E56710D28F
:101AE0001A181B8611D30697014F06D7119310922F
:101AF000D31703E40C9718EF12EC07D406954BE5C7
:101B0000099758EF12E806921B9442EC2461079261
:101B10000F949AEA012CE5E812EED9E30B925AE809
:101B2000012AE5E812EC91E107920C95A9E207D2AF
:101B3000099241E0C2EC036144678667C2671C9268
:101B400004D20695E5671A181B8611D30692014A3E
:101B500006D21193D8177B64A0E8006508F0F864FA
:101B60002467466707670056CBEB04D32261D8EEA3
:101B700012EB05D30497F8EF12EB06D3049378EB3E
:101B800012EC0695B1E4059682EE0C6131E31196F4
:101B9000D5E7D0670AD20BD31A18205109D7099775
:101BA0000B930A92014B62EAEA60014FE2EAE360BA
:101BB000851061460495ABEC843408D49167119686
:101BC00057E6C7670AD21A1820510BD391670A92B9
:101BD000119655E61A182051D0670A9253E11195D3
:101BE0001A182051D0670A9251E111951A18205104
:101BF000D067006A05D2016A06D20B9300530761D1
:101C00000492FF4A04D20892024A08D206100592B2
:101C1000014A05D20692024A06D24DE3059249E1F5
:101C200007D2119204949DE20794A767D0670BD363
:101C30001A18205109D70595ABE182670997A76764
:101C4000D0671A1820510AD2119604949FE607947F
:101C5000A767D0671A18205109D70A928267099797
:101C6000A7671A182051D067049249E107D2119250
:101C700005949DE20794A767D0671A18205109D7E9
:101C80000495ABE182670997A767D0671A182051BE
:101C90000AD2119605949FE60794A767D0671A1891
:101CA000205109D70A9282670997A7671A1820510D
:101CB000D0670592049482EA0B93A0617864A0E84F
:101CC0001EF0F0642490259190671A1CDCE4B16743
:101CD00014D215D390671A1C7DE6B16716D217D3BC
:101CE00022920152A0F017612393015380F11661F3
:101CF0001A1CA4F36BEC08D209D31A1CA4F3239486
:101D000010D211D308940995C2671A1C83EAE367BD
:101D1000015280F1036022921A1CA4F34BEC06D20C
:101D200007D31A1CA4F3229402672367069407952D
:101D3000C2671A1C83EAE367015280F005600694CB
:101D40000795D0671A1C77CAF16702672367089462
:101D5000099510961A1C77CA11970CD20DD390676B
:101D6000B167D0671A1CA8D8F167026723670C9483
:101D70000D95C4671A1CA8D8E5679067B167C2675C
:101D80001A1CC8CCE3678267A8B6A9B71A1C83EAF5
:101D9000A367015252601A1CA4F320940CD20DD3F5
:101DA0001494159506961A1CA8D8079702672367FE
:101DB000169317928367A26708961A1CA8D80997EA
:101DC0009067B167C2671A1CC8CCE3670C940D9585
:101DD000C2671A1CC8CCE36782671A1C92F2A36719
:101DE0000CD21A1CA4F3219412D213D316938DB2E1
:101DF00017948EEA8367A26706961A1CA8D80797DD
:101E0000026723671494159508961A1CA8D8099799
:101E10009067B167C2671A1CC8CCE3671294139528
:101E2000C2671A1CC8CCE36782671A1C92F2A367C8
:101E30000C94A2671A182051269606947BB67CB79C
:101E40001A1CC8CC07956B17089478B678B71A1C7B
:101E5000C8CC099550172292E0F00022239300533A
:101E6000C0F01C601A1CA4F34BEC0AD20BD32392D3
:101E70001A1CA4F34BEC0ED20FD382676DB66EB76B
:101E80001A1CA8D8A36706D207D366B217934EEBE5
:101E90001AD3149415950A961A1CA8D80B970267A2
:101EA0002367169317928367A26706961A1CA8D811
:101EB00007979067B167C2671A1CC8CCE36782674F
:101EC0001A1C92F2A36710D216931A928367A26724
:101ED0000A961A1CA8D80B970267236714941595C5
:101EE00006961A1CA8D807979067B167C2671A1C94
:101EF000C8CCE36782671A1C92F2A3670CD2FB6C12
:101F000008D44EB24EB306D207D306941A1CDCE4B2
:101F100007950A940B95C2671A1CA8D8E367026755
:101F2000236706941A1C7DE607950E940F95C267E9
:101F30001A1CA8D8E36712D213D314941595D0674E
:101F40001A1CA8D8F16718D219D316931792836771
:101F5000A26712961A1CA8D8139718941995C267ED
:101F60001A1CC8CCE36718D219D316931A92836748
:101F7000A267D0671A1CA8D8F16702672367149478
:101F8000159512961A1CA8D813979067B167C26767
:101F90001A1CC8CCE36712D213D3209310948DE39C
:101FA00010D321920C9365E21A1CA4F3209482674B
:101FB000A36718961A1CC8CC199782671A1C92F24C
:101FC000A36702671A1CA4F321948267A367129681
:101FD0001A1CC8CC139782671A1C92F2A367269426
:101FE00004D41094B167D0671A18D285E2671894A8
:101FF0001A1C92F2199510D212941A1C92F213958F
:102000000CD206940DB60EB71A1CC8CC079506D292
:1020100007D30892FF4A08D27FF7172A7064A0E816
:102020000000008000650065000000000000F03F37
:1020300000000000000000009A9999999999993F31
:1020400018F0F06426670767269206D2279307D315
:1020500028940BD429920ED20056006B0FD3066041
:10206000C0F7E2340FD40224CBE9EBE8015120F1B0
:102070001761015020F11461069407950B961A1C04
:1020800083EA0E9720F10C220B940E9506961A1CEB
:1020900083EA079700520860069307920B9406D4D0
:1020A0000E9407D40BD30ED224941A1CDCE425958D
:1020B00010D211D324941A1C7DE625950AD212D38E
:1020C0001A1CA4F3916714D215D306941A1CDCE4ED
:1020D000079590671AD21A1CA4F31BD316D217D3F4
:1020E00006941A1C7DE607950267236714941595DC
:1020F0001A961A1CA8D81B9782671A1C92F2A3671B
:102100001A1CA4F3826708D209D316941795D067D6
:102110001A1CA8D8F16782671A1C92F2A3671A1CCE
:10212000A4F382670CD20DD31094119508961A1C53
:10213000A8D80997026723670A9312928367A26758
:102140000C961A1CA8D80D979067B167C2671A1C25
:10215000C8CCE36782671A1C92F2A367226762B257
:1021600012934EEB13D30A9313928367A2670896D8
:102170001A1CA8D8099708D209D3109411950C9667
:102180001A1CA8D80D9708940995C2671A1CC8CCC8
:10219000E36782671A1C92F2A36702672A9404D449
:1021A0002094219539E41A18D2855DE506940795A7
:1021B0000B961A1C83EA0E970152209225E218D141
:1021C000219301E319D080F0036006941A1CDCE42B
:1021D00007950267236706941A1C7DE6079508D2C7
:1021E00009D314941595D0671A1CA8D8F167826793
:1021F0001A1C92F2A3671A1CA4F382670267236772
:102200001694179508961A1CA8D8099782671A1C65
:1022100092F2A3671A1CA4F3826708D209D3109420
:102220001195D0671A1CA8D8F1670CD20DD30A9368
:1022300012928367A26708961A1CA8D809970C9473
:102240000D95C2671A1CC8CCE36782671A1C92F20C
:10225000A3670CD20A9313928367A267D0671A1CF4
:10226000A8D8F167026723671094119508961A1C85
:10227000A8D809979067B167C2671A1CC8CCE367F2
:1022800082671A1C92F2A367026720930C9489E379
:10229000219305E32A9404D418941995C267F16731
:1022A0001A18D2851AD21A920F93082B2A9404D4A2
:1022B00020942195C2671A18D285F16706940BB64F
:1022C0000BB71A1CC8CC079506D207D30C916E1712
:1022D0002A9404D48267A367D1671A18D285F0675D
:1022E0007064A0E800000080B81E85EB51B88E3FF6
:1022F0005C6730F260AA30F2C8AAC3EB096030F222
:10230000C49AE14330F2E0CA68336DE680CBA1CBDA
:10231000A0E800657C6730F2C0AB006A0D2630F2A1
:10232000449BFF4E31EE30F2C0CBC836C9E2608A22
:1023300060DC418A40DD016AA0E800650CF0F564CC
:102340001A1802513C6702670C924AE880F0056057
:102350000A940B951A1820510FEE0A941A1802517C
:102360000B950A940B95D0671A18205104D2049249
:102370000EEA7322006A30F240C9716730F2044BF2
:1023800083671A1841CC04D31A18C3CB00654A32AC
:1023900030F248C9A26731ED049383671A1859CC0B
:1023A000A83530F2449959225D67948AB68A1A1882
:1023B000BC8800650A041A18C5880B0548220A94CF
:1023C0000B951A1820510C960A9401540D61FF4C7C
:1023D0001A1802510B950EEA072A0A94FF4CB1EC29
:1023E0005D671A18BC88B68A0A9470F150A942EC4D
:1023F0000D60014C1A1802510B950EEA072A0A9437
:10240000014CB1EC5D671A18BC88B68A0B95015572
:102410000D610A941A180251FF4D0EEA072A0B9516
:10242000FF4D5D67948A1A18BC88B1ED0B95D0F109
:1024300040A942EDBF600A941A180251014D0EEAFC
:10244000B92A0B95014D5D67948AB1EDB0179C6771
:1024500030F2044C1A1841CC00657564A0E80065A0
:10246000FC641C92A0F014224082A0F011220467A8
:1024700025678667A76713D61A1CDCE412D70CD22F
:102480000DD31396129786671A1C7DE6A76710D2A4
:1024900011D3006A07D2016C06D41C92608280F0CE
:1024A000172320730361014A1CD2F717216C8BECB0
:1024B0008CEB43730861014A1CD21A18A6851C04D0
:1024C00007D2016A0A1044730361014A1CD2E31760
:1024D0004E730561014A1CD2006A06D2DE174673AC
:1024E0000861014A1CD29067B1671A18CF88079615
:1024F000D4174D736D61014A1CD21A18A6851C04AD
:10250000C2671C93A08320750361014B1CD3F9178C
:102510002C75C361014B1CD31C041A18A68513D655
:10252000139686671A1CA4F312D208D209D3129507
:102530001A1CA4F385670ED20FD30C940D95089640
:102540001A1CA8D809970AD20BD31093119283674B
:10255000A2670E961A1CA8D80F970A940B95C2670B
:102560001A1CC8CCE36782671A1C92F2A3670AD2CE
:10257000109319B211948EEA8367A26708961A1C09
:10258000A8D8099708D209D30C940D950E961A1C59
:10259000A8D80F9708940995C2671A1CC8CCE3679E
:1025A00082671A1C92F2A3670A948DE049E10694AF
:1025B0000C24079404D49067B167C367E26713D211
:1025C0001A18D28512D312931392036722676517E4
:1025D0007C64A0E800000080FB641C67446770F125
:1025E000749825A388A385E169A365E131E909D140
:1025F00090F170A0032B016B90F170C0F0F072A00D
:102600000622052B70F1749885A31B2C2212015B06
:102610007867F0F072C0D0F1CA8890F170A090F1A4
:10262000AE88099498EB12EFFDE5016C8BEC04D4B5
:10263000866779E6FF4F1A181B8610D21092E22A9D
:102640000812C0ABC2EA00F2046181AB91E682EAF3
:10265000E0F11F60B0F1ACA8046CACEC5B2C0D6C2D
:102660004EEC032CD0F18AC8F4110A72266190F165
:1026700090A0099298EA12EA90F16EA86DE2B1EB8F
:1026800090F16EC80996D8EC49E3D0F180A842ECED
:10269000C0F11F60026A4CED052D90F1BC981A182C
:1026A000E05012EC90F150A0099358EB12EA90F12F
:1026B0006EA84BE390F14EC8CC11097205611A184F
:1026C0007689206C206A8B17086C4EEC232CD0F195
:1026D0006A8890F150A0F0F0D0A8D8EA12EDA2EBF1
:1026E0000661D8EA12EC8FE3D0F16AC80210D0F18B
:1026F0008AC8D0F18A8890F1AE88D9E4099378EA43
:1027000012EFFDE590F11C9804D0FF4E1A181B86BD
:10271000FF4F9F118743094CCBE2C4A30C2EFF4A05
:10272000C1420426C0A4014ED1E4F91741440AD2A3
:1027300080A40DD405100DD6D8EA12EA49E40AD2D5
:1027400090F150A0D0F18A88E6A30D96DDE7C7A3EB
:10275000CDE778EA12EB71E470F170A882EB0B60C0
:10276000006BD0F16AC8099358EB12EC90F16EA897
:102770006DE490F16EC8099378EA12EA90F16E88E0
:102780004DE3D0F140A862EA1260026A4CED052DDB
:1027900090F1BC981A18E05012EC90F150A00993F7
:1027A00058EB12EA90F16EA84BE390F14EC8D0F1CD
:1027B0002A8890F14E880ED270F1949866A41B235B
:1027C00090F190A078EC12EED9E1099258EC12EF5A
:1027D0000E93FDE390F19C9804D49167A367FF4E9C
:1027E0001A181B86FF4F90F190A070F1B49866A55F
:1027F00078EC12EB65E1D0F12AC8006A0FD20F9392
:102800000D9242EBE0F01B6090F16E88006A70F16F
:102810009498A8A4A2EA90F1F0A090F1BC98F9E1F4
:102820001160FDE304D59167A367FF4EFF4F10D2FF
:102830001A181B8611D390F190A011938DE310927A
:10284000014AE51785A4F8EC12EFFDE304D5916782
:10285000A367FF4EFF4F1A181B8611D3006A0BD2D5
:1028600008D21193089531ED70F1D49885A6089699
:1028700082EEA0F00360076ECCED0A960CD6162D02
:10288000014E0CD60A96A0A6A4350BD5D0F1AA8885
:1028900022ED0C60CF44CF36024E0C92DBE2A0A6B4
:1028A000095C036181A6803495E5A432026C0B9526
:1028B000ACEC46360AD6752490F1F0A0F9E1FDE3C0
:1028C00070F1989804D49167A367FF4EFF4F10D220
:1028D0001A181B8611D390F1B0A0025D10921193CB
:1028E000606170F1F89800575C61089628260A9498
:1028F000016ECEECCCEC4CEC22240B948CEE1F2E13
:10290000B9E104D1B7E3014D05D506D79167A367B7
:10291000FF4E1A187D86E36790F190A09BE104D1E9
:10292000119391E3FF4C05D470F1B89806D59167E7
:10293000A367014E1A187D86E3671193109270F118
:10294000D49885A6FF4C089582ED2B60066C4CEC64
:1029500004742761046C0B924CEC232C90F1D0A0F2
:10296000DDE3FF4FDBE104D105D370F1989806D485
:102970009167A767014E1A187D8611D390F190A038
:10298000119395E3EF4599E104D191E5FE4C05D40F
:1029900070F1B89806D59167A7671A187D86FF4E23
:1029A000119390F190A08DE30892014A08D20B9206
:1029B00046320BD20A920C940AD45417006A70F172
:1029C000B49889A582EA90F1F0A01460F9E1FDE3E2
:1029D00090F19C9804D49167A367FF4EFF4F10D2EB
:1029E0001A181B8611D390F190A011938DE31092C9
:1029F000014AE5170F92014A0FD2E5E1001770F185
:102A0000949867A41B2390F190A078EC12EED9E182
:102A1000099258EC12EF0E93FDE390F19C9804D4C8
:102A20009167A367FF4E1A181B86FF4F90F190A085
:102A300070F1B49867A578EC12EB65E1D0F12AC883
:102A400070F1549867A246A249E30D9369E2F0F051
:102A500050C87B64A0E80065C364006B5C6710F23B
:102A600074DA04B41A1828F900654364A0E8006514
:102A7000705F039DC364006B5C6710F274DA04B48A
:102A80001A1828F900654364A0E800659C5F039D5F
:102A9000F46424670567006B5C6710F274DA0AB4AB
:102AA0001A1870FAB16702204080052A07B41A1874
:102AB00028F90065041006B41A1870FAB067516757
:102AC0007464A0E8A45F039DBC5F039DE85F039D61
:102AD00008F0F964006A0BD20AD209D208D207D2F0
:102AE0000A04FF6D1A1859CC014D0904FF6D1A181C
:102AF00059CC014D08041A1859CC2C6D07041A182A
:102B000059CC2C6D0B04FF6D1A1859CC014D0B9448
:102B100003241A18AF60FF6D1A18C3CB00654A3240
:102B2000443041E0006A06D206920A2212941A1832
:102B300060F63A6D0A940E221A1C45E512950D10A6
:102B400000F10158F3618048804806041A1859CCF6
:102B5000B067EA171A18AF60FF6D13941A1860F681
:102B60003A6D099404221A1C45E5139503101A18AE
:102B7000AF60FF6D0A936A23099468240692662267
:102B800008936423079262221A189160006544B486
:102B900009951A180C5F016E079413951A181E5F99
:102BA0000A6E22671A188A600794006B0CD32029DA
:102BB0001A1891600A9422671B2A39B40A951A18C8
:102BC0000C5F016E2267142A089412951A181E5F72
:102BD000016E22670D2A08941A1804610C95226769
:102BE000072A08940695D0671A188C5F0507226794
:102BF0001A188A6008940C930DE30CD305922722CF
:102C00001A291A18916009942267152A24B4099583
:102C10001A180C5F016E22670E2A079413951A1872
:102C20001E5F326E2267072A0794069505961A18CA
:102C3000E55F040722671A188A600794059203EA81
:102C40000661052904936EEAB32201101169089305
:102C500002230792032A1A18968A00650B94082407
:102C60001A18916000650EB40B951A180C5F016E6E
:102C70001A1841CC06041A1841CC0B041A1841CC7E
:102C80000A041A1841CC09041A1841CC08041A186D
:102C900041CC070451677964A0E80065040A00A0EC
:102CA0000EF0F564256787671A1C45E5A6670D9445
:102CB0001A1860F63A6D0D942F6D1A18F4FA04D2B2
:102CC00002670D941A18F4FA5C6D0496C3E801606B
:102CD000066743E8016002670220014801100D9079
:102CE0000A204080082A1A1C99E70D940D9351E39D
:102CF0001A1C45E5B16790671A1860F62A6D052A17
:102D000090671A1860F63F6D50221A1C99E7916778
:102D1000014A5DE090671A1C99E704D7049787671A
:102D2000B0671A1810F8C142E267006A80873B2436
:102D30002E7423602A740A61014FB06780811B24BE
:102D40002E741960014980C00148F7173F74A140F3
:102D500078670C2B808106242E740460014F014992
:102D600080C00910818780C0024F0510014F80C0CC
:102D70008081012401490567D91790670D2A014810
:102D8000014F2E6DA0C404102E74614104602367AE
:102D90008081FA2C01102367014A91EA026C4EEC03
:102DA000C52C80C00210F82AF3170D927564A0E8B4
:102DB0001EF0F0640567006915D114D115041A18C6
:102DC00059CC306D14041A1859CC186D90671A1824
:102DD00060F62C6D17D20E2220C2014A17D217932B
:102DE0004083207204611793014B17D3F817022A0E
:102DF000006B17D3006A13D21304FF6D1A1859CC55
:102E0000014D3C67D0F004491A1841CC9167916795
:102E1000FF6D1A1859CC014D1594E0F11324149646
:102E2000E0F110262293E0F10D231394E0F10A243F
:102E3000DC67D0F0C49EE0F105261A18AF60FF6D84
:102E400090671A18F4FA2F6D90675C6D1A18F4FAEF
:102E50001BD222671B9363EA016023670621006A85
:102E600040C11A1899609067014190671A1860F67E
:102E70003A6D0D2290671A1891601BD2EDB4B067BD
:102E80001A180C5F016E22671B930143052A2294D6
:102E90001A18AF60FF6D0069209344730661E6B4B1
:102EA0001A1CCEEAB067012A40C04080052AE3B56B
:102EB0001A188161159422671229408007221594FF
:102EC000149522961A18C261F067082A20934C7351
:102ED0000661DBB41A1870FA229501102267D5B288
:102EE00012D2006A006B10D211D3006B18D319D321
:102EF00016D320F111294080042214926982082BF4
:102F00002B1115941A18A0611495F7222267241129
:102F100020934C73A0F0036168A2066C6CEC00F186
:102F20000F2C106C6CEC05241994014C19D4446DD1
:102F30000D101696014E16D61094C09AD5E483ED66
:102F400098671196D1E410D511D42D6D016C6CECFD
:102F50002D6E0124526E026C6CEC2D6F0124486FB3
:102F6000046C2C6589676CEC2C652D6C0C6589678D
:102F70000224536C0C65206C8CEB2D6C0123416C8E
:102F800062AA43AA2A65486704D205D4623486340B
:102F9000A0F71C4C06D476340F6A0A6548674CECDF
:102FA00007D41F6C8CEB08D3896782336E3309D347
:102FB00096323F6B6CEAA3B41A1870FA0AD21493D3
:102FC00048A3106C8CEA05229FB41A1870FA0065A9
:102FD00004109EB41A1870FAA09B14956745024B12
:102FE0000C028083102C006C80C299B40C051A1856
:102FF00070FA1BD31B9340832E721C61014B1495F6
:10300000154D0C020F102E74EE60C7450A4EC3EB2F
:10301000EA60014B80C2014AE417A3EB0560014B53
:1030200080C2014A8083F92C006B60C289B41A18EF
:1030300070FA0C0588B41A1828F900651893135B08
:103040007F61146A5BEB012AE5E810EA792A1A1815
:103050008567006581B369836EEA722A7D102093CB
:103060004473608011616C23239306237CB4229502
:10307000C7421A1870FA024E1693014B16D31494D5
:103080001A183662094C5B10209452741F61582341
:103090001693014B16D317934E239067A742024D08
:1030A0005C67D0F0E49A1A18288BC36722672393D1
:1030B00007236CB422951496094E1A1870FAE26729
:1030C0001494094C1A18A462B167391020944374FF
:1030D000376136231693014B16D317932C23906731
:1030E000A742024D5C67D0F0E49A1A18288BC36798
:1030F0002267239307235BB422951496094E1A186E
:1031000070FAE2671494094C1A18B48AB1671F2A3E
:10311000408016221594149522961A18C261F06701
:103120000069152A18936AE90B6015941A18B5619D
:1031300014950149F6171A189D8A00650110072A8F
:103140006080006A042315941A18B56114951893C9
:10315000014B18D32267CD161A189B611594209342
:103160004C731E613D2940B4169510961A1870FADA
:103170001997229410051A18DA6112062267302A6C
:10318000129265AA109498EB12EB46AA58EB37B44A
:103190001A1870FA12ED30B41A1828F900652610C2
:1031A0002093447305611C29239331B41F2313100A
:1031B00020935273076117931223122923932DB47E
:1031C00015230910209343730A61179308230829D4
:1031D00023930C2328B41A1870FA169507100621A9
:1031E0002393042391671A18A48A006D1A1891601A
:1031F000139410B413951A180C5F016E1A18996085
:1032000013940510239303231A18968A00651A183D
:1032100041CC14041A1841CC15041A1841CC1304DB
:103220009C67D0F0044C1A1841CC00657064A0E88B
:10323000040A00A0F05F039DF45F039DF85F039D07
:103240000C60039D3060039D4060039D4C60039DB6
:103250005460039D5C60039DF00900A06060039DC5
:103260006860039D7860039DA860039DC060039D16
:10327000DC60039DF860039DFE64040104674080E8
:10328000207202610148FB1740F30222006A47D90D
:103290008741154CFF6D1A1859CC014D87990524AB
:1032A000006DFF6E1A1C29F1014E60F610B4B06774
:1032B0001A184BF6046E80F0122A044840802072DF
:1032C00002610148FB1740F618B486D9B0671A1896
:1032D0000C5F016EC26708220D72066040F604B5ED
:1032E0001A18A48A82671413006B65D964D98741C0
:1032F000094C01F0006D73D91A1859CCD2D97399C1
:1033000060D961D962D963D90F6A40C1D299449911
:103310003E2200F614B41A1870FA00659067B1677F
:1033200001F0006F1A18BA63C4998741094C1A1842
:1033300041CC53D97399272B8699B0671A180C5F23
:10334000016E1D2A9067A7410D4DC7411A18DA6119
:10335000114E152A869945AC659959EB10EB12ED83
:1033600046AC78EA12EE59ED12EA10EB79E680F5F8
:10337000C03642324A324DEEA0F218260F10826754
:10338000A0F508B5BE128367A0F504B5BA121A18E5
:10339000968AD2D9D299A0F2092E0E6E80F514B475
:1033A0001A1870FAB06760A0216A4BEA4CEB91EBF7
:1033B000497380F21B6161A04CEB91EB467380F284
:1033C000156162A06CEA91EA537280F20F6143804A
:1033D0003A7280F20B611A18BA660065871240F5DE
:1033E00018B4B0671A184BF6056E0E2240F50CB4EF
:1033F000B0671A184BF6026E072240F504B4B067A6
:103400001A184BF6026E4A2A6140C08041806872E9
:10341000016A0161046A41E340802072026101484F
:10342000FB171C2290671A1860F63A6D48D90D22D6
:103430001A18916090670E2AE0F404B4B0671A1865
:103440000C5F016E072A089901481A189960906765
:1034500040F20C228267E0F40CB5531287991A24CB
:10346000FF6D1A18AF60D2D9D2990368CEE8052053
:10347000C0F414B41A1870FA0065C0F410B41A1825
:1034800070FAA79920F21220C0F404B41A1828F98F
:1034900000652C121A18968A00652812A0F414B43C
:1034A000B0671A184BF6036EA340072A40852072B6
:1034B0000261014DFB17446C0E1080F41CB4B06720
:1034C0001A184BF6036EA3400B2A40852072026146
:1034D000014DFB17526CC7991A186C8B016F0612BD
:1034E00060F418B4B0671A184BF6046EA440072AAB
:1034F000408520720261014DFB17436CEC1760F4AC
:1035000000B4B0671A184BF6036EA340072A408533
:1035100020720261014DFB174C6CDD1740F404B4BE
:10352000B0671A184BF6056E112A054840802072C4
:1035300002610148FB17FAB4B0671A180C5F016EFC
:10354000C0F11D2A1A1861629067D01100F418B4F6
:10355000B0671A184BF6056E112A05484080207294
:1035600002610148FB17EEB4B0671A180C5F016ED8
:10357000C0F10B2A1A1836629067B811FBB4B06715
:103580001A184BF6046E6440A0F00A2A4083207299
:103590000261014BFB17006A45D944D987410D4CA4
:1035A000FF6D014D1A1859CC73D98741094C1A186F
:1035B00059CC2C6D7399859980F00624449980F03C
:1035C000032283671A1860F63A6D73991022836795
:1035D0001A18916052D9D2B47399A3671A180C5F64
:1035E000016E0267F2996147006C88D9152A8499A7
:1035F000A3671A181E5F016E0267006B68D90C2A58
:10360000DBB41A1870FA016D016B68D9051068995E
:1036100052238099FF5C4F614E2800D98499A59967
:10362000FF6E1A188C5FF167026765996AD98099F5
:103630008DE36BD96A998B998AEBE960006B69D944
:103640001A1819510065015214611A186167006552
:1036500091EA49D91A1819510065015204611A18E2
:1036600061670065F717C3B2498269996EEAE82A73
:10367000031089992074E960BEB2498269996EEAA3
:10368000052ABDB41A1828F9006515108A9960A496
:10369000122383671A18F9FA73D973990A730761A9
:1036A0006899014B68D9B5B41A1870FAA3676A997A
:1036B000014B6AD9BF171A188A608499082090674D
:1036C0001A18A48A006D03101A18968A006587419B
:1036D0001A1841CC0D4C87411A1841CC094C0611DF
:1036E000A7B4B0671A184BF6056EE0F01C2A05481F
:1036F0004080207202610148FB17006A45D944D915
:103700009CB385AB056A5BEC012AE5E812EA31EA75
:103710004AD95D6751D94A99074A4E324C329D6762
:1037200053E4BC6504024DD98A9998EC12EA50D949
:1037300087410D4C12ED1A1859CC73D98741094CA9
:103740001A1859CC2C6D6599A0F01F238499A0F00C
:103750001C2490671A1860F63A6D0D2290671A18AB
:10376000916052D96EB4B0671A180C5F016E48D9D7
:10377000F29901470B2A8499B0671A181E5F016EEF
:1037800048D9042A7FB41A1870FA006D006B6FD9FB
:103790006CD9689980F00F2B689960D98499A599A4
:1037A000D0991A188C5FF16748D965996ED98099BC
:1037B000FF4C89D94999014A7722006C8BD91A1894
:1037C00019510065015214611A186167006591EA88
:1037D0004BD91A1819510065015204611A18616712
:1037E0000065F71763B349838B998EEAE82A0310C3
:1037F0006B992073E9605FB449846B996EEA052A7E
:103800005DB41A1828F9006556104F99014A0267ED
:1038100011E86E99A0A36D998F9989E3A0C26E9962
:10382000014B59B41A1870FA6ED96999032B016BC0
:103830006BD904106A9963E8FA6031106A9963E8F9
:103840000E6052B41A1870FA006541408D990DE46B
:10385000206C80C3006B6BD9026711E8EF174CB482
:103860001A1870FA00656D998D998BE311EA03EAD5
:103870000C6080A3205C02617F7401612E6C1A18B9
:10388000F9FA73D97399014BEF176C990DE36CD961
:1038900000686B9904233FB41A1870FAAC996999BF
:1038A000FF4B69D90FD986176C99052380997099B8
:1038B00063EC7FF70E601A188A6084996899082370
:1038C00088991A18A48A006D03101A18968A006540
:1038D00087411A1841CC0D4C87411A1841CC094C2C
:1038E0007199BB6503101A189D8A006587411A18E3
:1038F00041CC154C28B41A1828F9006509108267C4
:1039000026B51A18A48A0065F117826724B5F9173D
:10391000B9657C64A0E800651461039D040A00A0F9
:103920001C61039D2C61039D3461039D5061039DC7
:103930006C61039D9461039D9C61039DA061039D47
:10394000A461039DC861039DD061039D5C60039DDC
:10395000E461039DE861039DEC61039DF461039DB7
:10396000F861039D0062039D0862039D1062039D40
:10397000F00900A01C62039D2862039D3062039D34
:103980003862039D4462039D4C62039D5062039D17
:103990005862039D6462039D6862039D8462039D77
:1039A000C3640CB4006D1A18604B016E5C6770F153
:1039B00046A2543208B349E3006B69C2156B68C272
:1039C00004B3609B659B60DA006B61DA4364A0E836
:1039D000C80600A0280200A0C3640EB4006D1A1827
:1039E000604B016E5C6770F146A254320AB349E342
:1039F000006B69C2046B68C206B3609B859B639BC6
:103A00008EEB015B786760DA006B61DA4364A0E8F3
:103A1000C80600A0280200A0C3640CB4006D1A18E8
:103A2000604B016E5C6770F146A2543208B349E303
:103A3000006B69C2156B68C204B3609B639B60DA5C
:103A4000006B61DA4364A0E8C80600A0280200A069
:103A5000C3640CB4006D1A18604B016E5C6770F1A2
:103A600046A2543208B349E3006B69C2046B68C2D2
:103A700004B3609B71A360DA006B61DA4364A0E871
:103A8000C80600A0280200A0E3641C6722B4006DF1
:103A90001A18604B016E1A183A42006C30F14898BF
:103AA00060822C730461014A30F148D803101A185F
:103AB0005F410C6C19B4226D1A18604B016E1A1814
:103AC0003A42006C30F1489860822C730461014ADC
:103AD00030F148D803101A185F410C6C10B4126D05
:103AE0001A18604B006E70F106A014300DB201E29E
:103AF000006A49C00C6A48C007B2809A07B2A09A0F
:103B000007B21A181E5FC0A240D8006A41D8636489
:103B1000A0E80065C80600A0F80600A0D00900A033
:103B2000280200A0E3640DB4006D1A18604B016E0A
:103B30005C6770F106A2143009B201E2006A49C064
:103B40000C6A48C005B21A188A60809A40D8006A88
:103B500041D86364A0E80065C80600A0280200A060
:103B6000E3641C672DB4006D1A18604B016E1A18BF
:103B70003A42006C30F1489860822C730461014A2B
:103B800030F148D803101A185F410C6C24B4006D52
:103B90001A18604B016E1A183A42006C30F14898BE
:103BA00060822C730461014A30F148D803101A185E
:103BB0005F410C6C1BB4146D1A18604B006E1A1820
:103BC0003A42006C30F1489860822C730461014ADB
:103BD00030F148D803101A185F410C6C12B4146D00
:103BE0001A18604B016E70F106A014300FB201E29A
:103BF000006A49C00C6A48C008B2809A08B2A09A0C
:103C000008B2C09A08B21A188C5FE09A40D8006ACD
:103C100041D86364A0E80065C80600A0F80600A0CB
:103C2000D00900A0180700A0280200A0E3641C67C8
:103C30002DB4006D1A18604B016E1A183A42006CD0
:103C400030F1489860822C730461014A30F148D801
:103C500003101A185F410C6C24B4006D1A18604BE5
:103C6000016E1A183A42006C30F1489860822C7349
:103C70000461014A30F148D803101A185F410C6CF6
:103C80001BB4146D1A18604B006E1A183A42006C7F
:103C900030F1489860822C730461014A30F148D8B1
:103CA00003101A185F410C6C12B4146D1A18604B93
:103CB000016E70F106A014300FB201E2006A49C033
:103CC0000C6A48C008B2809A08B2A09A08B2C09A9A
:103CD00008B21A18E55FE09A40D8006A41D86364D8
:103CE000A0E80065C80600A0F80600A0D00900A062
:103CF000180700A0280200A0E3641C6717B4006D39
:103D00001A18604B016E1A183A42006C30F148984C
:103D100060822C730461014A30F148D803101A18EC
:103D20005F410C6C0EB4156D1A18604B006E70F18B
:103D300006A014300BB201E2006A49C00C6A48C008
:103D400006B2809A06B21A180461A09A40D8006A96
:103D500041D86364A0E80065C80600A0F80600A08A
:103D6000280200A0E3640DB4006D1A18604B016EC8
:103D70005C6770F106A2143009B201E2006A49C022
:103D80000C6A48C005B21A181662809A40D8006AB8
:103D900041D86364A0E80065C80600A0280200A01E
:103DA000E3640DB4006D1A18604B016E5C6770F12E
:103DB00006A2143009B201E2006A49C00C6A48C088
:103DC00005B21A186E60809A40D8006A41D86364C0
:103DD000A0E80065C80600A0280200A0E3641C67F4
:103DE00022B4006D1A18604B016E1A183A42006C2A
:103DF00030F1489860822C730461014A30F148D850
:103E000003101A185F410C6C19B4156D1A18604B29
:103E1000006E1A183A42006C30F1489860822C7398
:103E20000461014A30F148D803101A185F410C6C44
:103E300010B4126D1A18604B006E70F106A01430A9
:103E40000DB201E2006A49C00C6A48C007B2809A0C
:103E500007B2A09A07B21A187463C0A240D8006AC9
:103E600041D86364A0E80065C80600A0F80600A079
:103E7000D00900A0280200A0E3641C6722B4026DF0
:103E80001A18604B016E1A183A42006C30F14898CB
:103E900060822C730461014A30F148D803101A186B
:103EA0005F410C6C19B4046D1A18604B006E1A183F
:103EB0003A42006C30F1489860822C730461014AE8
:103EC00030F148D803101A185F410C6C10B4006D23
:103ED0001A18604B016E70F106A014300DB201E2A9
:103EE000016A49C0026A48C007B2809A07B2A09A24
:103EF00007B21A189E65C09A40D8006A41D8636418
:103F0000A0E80065C80600A0F80600A0D00900A03F
:103F1000280200A0E3641C6717B4026D1A18604BF6
:103F2000006E1A183A42006C30F1489860822C7387
:103F30000461014A30F148D803101A185F410C6C33
:103F40000EB4006D1A18604B016E70F106A01430AB
:103F50000BB201E2006A49C0046A48C006B280821E
:103F600006B21A18B065A09A40D8C0F7433241D8BB
:103F70006364A0E8C80600A0F80600A0280200A01C
:103F8000E3641C6717B4026D1A18604B016E1A18AF
:103F90003A42006C30F1489860822C730461014A07
:103FA00030F148D803101A185F410C6C0EB4006D44
:103FB0001A18604B016E70F106A014300BB201E2CA
:103FC000006A49C0046A48C006B2809A06B21A184C
:103FD000B965A09A40D8C0F7433241D86364A0E8DD
:103FE000C80600A0F80600A0280200A0E3641C6731
:103FF0000EB4006D1A18604B016E1A183A42006C2C
:1040000030F1489860822C730461014A30F148D83D
:1040100003101A185F410C6C04B2809A1A182E8390
:10402000046D6364A0E80065C80600A0E3641C6733
:1040300017B4006D1A18604B016E1A183A42006CE2
:1040400030F1489860822C730461014A30F148D8FD
:1040500003101A185F410C6C0EB4226D1A18604BD5
:10406000016E70F106A014300BB201E2006A49C083
:104070000C6A48C006B2809A06B21A188161A09AEA
:1040800040D8006A41D86364A0E80065C80600A073
:10409000F80600A0280200A0E3640DB4006D1A1811
:1040A000604B016E5C6770F106A2143009B201E248
:1040B000006A49C00C6A48C005B21A189B61809A10
:1040C00040D8006A41D86364A0E80065C80600A033
:1040D000280200A0E3641C6717B4006D1A18604B37
:1040E000016E1A183A42006C30F1489860822C73C5
:1040F0000461014A30F148D803101A185F410C6C72
:104100000EB4006D1A18604B016E70F106A01430E9
:104110000BB201E2006A49C00C6A48C006B2809A3C
:1041200006B21A18A061A09A40D8006A41D8636408
:10413000A0E80065C80600A0F80600A0280200A0BC
:10414000E3641C672DB4006D1A18604B016E1A18D9
:104150003A42006C30F1489860822C730461014A45
:1041600030F148D803101A185F410C6C24B4006D6C
:104170001A18604B016E1A183A42006C30F14898D8
:1041800060822C730461014A30F148D803101A1878
:104190005F410C6C1BB4226D1A18604B016E1A182B
:1041A0003A42006C30F1489860822C730461014AF5
:1041B00030F148D803101A185F410C6C12B4226D0C
:1041C0001A18604B016E70F106A014300FB201E2B4
:1041D000006A49C00C6A48C008B2809A08B2A09A26
:1041E00008B2C09A08B21A18C261E09A40D8006AB0
:1041F00041D86364A0E80065C80600A0F80600A0E6
:10420000D00900A0180700A0280200A0E3641C67E2
:1042100017B4006D1A18604B016E1A183A42006C00
:1042200030F1489860822C730461014A30F148D81B
:1042300003101A185F410C6C0EB4006D1A18604B15
:10424000016E70F106A014300BB201E2006A49C0A1
:104250000C6A48C006B2809A06B21A18B561A09AD4
:1042600040D8006A41D86364A0E80065C80600A091
:10427000F80600A0280200A0E3641C6717B4226DB2
:104280001A18604B016E1A183A42006C30F14898C7
:1042900060822C730461014A30F148D803101A1867
:1042A0005F410C6C0EB4006D1A18604B016E70F11A
:1042B00006A014300BB201E2006A49C00C6A48C083
:1042C00006B2809A06B21A18C961A09A40D8006A4C
:1042D00041D86364A0E80065C80600A0F80600A005
:1042E000280200A0E3640DB4226D1A18604B016E21
:1042F0005C6770F106A2143009B201E2006A49C09D
:104300000C6A48C005B21A183662809A40D8006A12
:1043100041D86364A0E80065C80600A0280200A098
:10432000E3641C6717B4226D1A18604B016E1A18EB
:104330003A42006C30F1489860822C730461014A63
:1043400030F148D803101A185F410C6C0EB4226D7E
:104350001A18604B016E70F106A014300BB201E226
:10436000006A49C00C6A48C006B2809A06B21A18A0
:10437000A462A09A40D8006A41D86364A0E80065AE
:10438000C80600A0F80600A0280200A0E3641C678D
:1043900022B4226D1A18604B016E1A183A42006C52
:1043A00030F1489860822C730461014A30F148D89A
:1043B00003101A185F410C6C19B4126D1A18604B77
:1043C000006E1A183A42006C30F1489860822C73E3
:1043D0000461014A30F148D803101A185F410C6C8F
:1043E00010B4126D1A18604B006E70F106A01430F4
:1043F0000DB201E2006A49C00C6A48C007B2809A57
:1044000007B2A0A207B21A18E762C0A240D8006A99
:1044100041D86364A0E80065C80600A0F80600A0C3
:10442000D00900A0280200A0E3641C6717B4226D25
:104430001A18604B016E1A183A42006C30F1489815
:1044400060822C730461014A30F148D803101A18B5
:104450005F410C6C0EB4006D1A18604B016E70F168
:1044600006A014300BB201E2006A49C00C6A48C0D1
:1044700006B2809A06B21A18FC62A09A40D8006A66
:1044800041D86364A0E80065C80600A0F80600A053
:10449000280200A0E3640DB4226D1A18604B016E6F
:1044A0005C6770F106A2143009B201E2006A49C0EB
:1044B0000C6A48C005B21A186162809A40D8006A36
:1044C00041D86364A0E80065C80600A0280200A0E7
:1044D000E3640DB4226D1A18604B016E5C6770F1D5
:1044E00006A2143009B201E2006A49C00C6A48C051
:1044F00005B21A189960809A40D8006A41D863645E
:10450000A0E80065C80600A0280200A0E3640DB47E
:10451000226D1A18604B016E5C6770F106A21430B0
:1045200009B201E2006A49C00C6A48C005B21A1813
:104530009160809A40D8006A41D86364A0E8006521
:10454000C80600A0280200A0E3641C6717B4026D2F
:104550001A18604B016E1A183A42006C30F14898F4
:1045600060822C730461014A30F148D803101A1894
:104570005F410C6C0EB4146D1A18604B006E70F134
:1045800006A014300BB201E2006A49C00C6A48C0B0
:1045900006B2809A06B21A18AF60A09A40D8006A94
:1045A00041D86364A0E80065C80600A0F80600A032
:1045B000280200A0E3641C6722B4006D1A18604B47
:1045C000016E1A183A42006C30F1489860822C73E0
:1045D0000461014A30F148D803101A185F410C6C8D
:1045E00019B4226D1A18604B016E1A183A42006C09
:1045F00030F1489860822C730461014A30F148D848
:1046000003101A185F410C6C10B4126D1A18604B2D
:10461000006E70F106A014300DB201E2006A49C0CC
:104620000C6A48C007B2809A07B2A09A07B21A185B
:104630000C5FC0A240D8006A41D86364A0E800655E
:10464000C80600A0F80600A0D00900A0280200A01B
:10465000E3641C672DB4226D1A18604B016E1A18A2
:104660003A42006C30F1489860822C730461014A30
:1046700030F148D803101A185F410C6C24B4006D57
:104680001A18604B016E1A183A42006C30F14898C3
:1046900060822C730461014A30F148D803101A1863
:1046A0005F410C6C1BB4006D1A18604B016E1A1838
:1046B0003A42006C30F1489860822C730461014AE0
:1046C00030F148D803101A185F410C6C12B4146D05
:1046D0001A18604B006E70F106A014300FB201E2A0
:1046E000006A49C00C6A48C008B2809A08B2A09A11
:1046F00008B2C09A08B21A18BA63E09A40D8006AA1
:1047000041D86364A0E80065C80600A0F80600A0D0
:10471000D00900A0180700A0280200A0E3641C67CD
:1047200022B4226D1A18604B016E1A183A42006CBE
:1047300030F1489860822C730461014A30F148D806
:1047400003101A185F410C6C19B4156D1A18604BE0
:10475000016E1A183A42006C30F1489860822C734E
:104760000461014A30F148D803101A185F410C6CFB
:1047700010B4006D1A18604B026E70F106A0143070
:104780000DB201E2006A49C00C6A48C007B2809AC3
:1047900007B2A09A07B21A18DA61C09A40D8006A24
:1047A00041D86364A0E80065C80600A0F80600A030
:1047B000D00900A0280200A0E3641C6722B4226D87
:1047C0001A18604B016E1A183A42006C30F1489882
:1047D00060822C730461014A30F148D803101A1822
:1047E0005F410C6C19B4026D1A18604B016E1A18F7
:1047F0003A42006C30F1489860822C730461014A9F
:1048000030F148D803101A185F410C6C10B4156DC4
:104810001A18604B016E70F106A014300DB201E25F
:10482000006A49C00C6A48C007B2809A07B2A09AD1
:1048300007B21A181163C09A40D8006A41D863645D
:10484000A0E80065C80600A0F80600A0D00900A0F6
:10485000280200A0E3640DB4226D1A18604B016EAB
:104860005C6770F106A2143009B201E2006A49C027
:104870000C6A48C005B21A183863809A40D8006A9A
:1048800041D86364A0E80065C80600A0280200A023
:10489000280200A0C807000000000000F00900A0E6
:1048A00050CD00000000000040D700A080000000B4
:1048B000000000003C0000A010000000000000000C
:1048C0004C0000A00400000000000000C0D700A0C1
:1048D0005001000000000000C0EA00A050000000ED
:1048E00001000000000000000000000000000000C7
:1048F000000000000000000020E000A022E000A076
:1049000021E000A032E000A00110000042E000A081
:10491000C2E000A082E000A002E100A04040000050
:1049200000E000A010E000A008E000A018E000A057
:1049300000000000500000A0200000000000000067
:1049400000E000A0440100000000000000DE00A024
:104950000002000000000000700000A01000000035
:1049600000000000000000A00400000001000000A2
:1049700000A6039D800000A00400000000000000CD
:10498000040000A004000000010000000000009DE1
:10499000080000A0080000000100000080000000E6
:1049A00001000000840000A00800000000000000DA
:1049B00010EB00A04C00000001000000010000000E
:1049C000020000000300000000000000E001000001
:1049D000400100000300000011820000E40000001C
:1049E00030000000190000001C000000206088BF9B
:1049F000206188BF206288BF206288BF206288BF94
:104A0000206288BF206288BF100000A01400000050
:104A10000100000001000000FFFFFFFF0A0000008E
:104A200000960000000008008C0000A02400000098
:104A30000000000010D900A05C030000000000008E
:104A40002CED00A01400000000000000B00000A049
:104A50000400000000000000B40000A004000000FA
:104A600000000000A4EC00A02800000000000000EE
:104A7000B80000A02800000000000000240000A0F2
:104A8000080000000100000001000000010000001B
:104A9000E00000A00400000000000000E40000A00E
:104AA0000C000000000000004CEC00A02C000000F6
:104AB0000100000000000000FFFFFFFF00000000F9
:104AC00000000000000000000000000000000000E6
:104AD00000000000000000000000000000000000D6
:104AE000240200A004000000000000001CEC00A054
:104AF000300000000100000000000000FFFFFFFF89
:104B000000000000000000000000000000000000A5
:104B10000000000000000000000000000000000095
:104B200000000000010000005CEB00A04C00000051
:104B30000100000000000000FFFFFFFF0000000078
:104B40000000000000000000000000000000000065
:104B50000000000000000000FFFFFFFF0000000059
:104B60000000000000000000000000000000000045
:104B70000000000000000000000000000000000035
:104B800040ED00A014000000000000006CEA00A04E
:104B9000540000000100000000000000FFFFFFFFC4
:104BA0000000000000000000000000000000000005
:104BB00000000000000000000000000000000000F5
:104BC000000000005543540055435400000000000D
:104BD000FFFFFFFF000000000000000000000000D9
:104BE0000000000000000000000000000CEA00A02F
:104BF00060000000000000002C0000A00800000081
:104C0000010000009CEA00A098EA00A078EC00A057
:104C10002C0000000100000000000000FFFFFFFF6B
:104C20000000000000000000000000000000000084
:104C30000000000000000000000000000000000074
:104C40000000000010ED00A01C00000000000000AB
:104C500050E100A01004000001000000FFFFFFFF72
:104C600000200000000000000000000058E100A04B
:104C700058E100A060E100A060E100A068E100A0B0
:104C800068E100A070E100A070E100A078E100A060
:104C900078E100A080E100A080E100A088E100A010
:104CA00088E100A090E100A090E100A098E100A0C0
:104CB00098E100A0A0E100A0A0E100A0A8E100A070
:104CC000A8E100A0B0E100A0B0E100A0B8E100A020
:104CD000B8E100A0C0E100A0C0E100A0C8E100A0D0
:104CE000C8E100A0D0E100A0D0E100A0D8E100A080
:104CF000D8E100A0E0E100A0E0E100A0E8E100A030
:104D0000E8E100A0F0E100A0F0E100A0F8E100A0DF
:104D1000F8E100A000E200A000E200A008E200A08C
:104D200008E200A010E200A010E200A018E200A03B
:104D300018E200A020E200A020E200A028E200A0EB
:104D400028E200A030E200A030E200A038E200A09B
:104D500038E200A040E200A040E200A048E200A04B
:104D600048E200A050E200A050E200A058E200A0FB
:104D700058E200A060E200A060E200A068E200A0AB
:104D800068E200A070E200A070E200A078E200A05B
:104D900078E200A080E200A080E200A088E200A00B
:104DA00088E200A090E200A090E200A098E200A0BB
:104DB00098E200A0A0E200A0A0E200A0A8E200A06B
:104DC000A8E200A0B0E200A0B0E200A0B8E200A01B
:104DD000B8E200A0C0E200A0C0E200A0C8E200A0CB
:104DE000C8E200A0D0E200A0D0E200A0D8E200A07B
:104DF000D8E200A0E0E200A0E0E200A0E8E200A02B
:104E0000E8E200A0F0E200A0F0E200A0F8E200A0DA
:104E1000F8E200A000E300A000E300A008E300A087
:104E200008E300A010E300A010E300A018E300A036
:104E300018E300A020E300A020E300A028E300A0E6
:104E400028E300A030E300A030E300A038E300A096
:104E500038E300A040E300A040E300A048E300A046
:104E600048E300A050E300A050E300A058E300A0F6
:104E700058E300A060E300A060E300A068E300A0A6
:104E800068E300A070E300A070E300A078E300A056
:104E900078E300A080E300A080E300A088E300A006
:104EA00088E300A090E300A090E300A098E300A0B6
:104EB00098E300A0A0E300A0A0E300A0A8E300A066
:104EC000A8E300A0B0E300A0B0E300A0B8E300A016
:104ED000B8E300A0C0E300A0C0E300A0C8E300A0C6
:104EE000C8E300A0D0E300A0D0E300A0D8E300A076
:104EF000D8E300A0E0E300A0E0E300A0E8E300A026
:104F0000E8E300A0F0E300A0F0E300A0F8E300A0D5
:104F1000F8E300A000E400A000E400A008E400A082
:104F200008E400A010E400A010E400A018E400A031
:104F300018E400A020E400A020E400A028E400A0E1
:104F400028E400A030E400A030E400A038E400A091
:104F500038E400A040E400A040E400A048E400A041
:104F600048E400A050E400A050E400A058E400A0F1
:104F700058E400A060E400A060E400A068E400A0A1
:104F800068E400A070E400A070E400A078E400A051
:104F900078E400A080E400A080E400A088E400A001
:104FA00088E400A090E400A090E400A098E400A0B1
:104FB00098E400A0A0E400A0A0E400A0A8E400A061
:104FC000A8E400A0B0E400A0B0E400A0B8E400A011
:104FD000B8E400A0C0E400A0C0E400A0C8E400A0C1
:104FE000C8E400A0D0E400A0D0E400A0D8E400A071
:104FF000D8E400A0E0E400A0E0E400A0E8E400A021
:10500000E8E400A0F0E400A0F0E400A0F8E400A0D0
:10501000F8E400A000E500A000E500A008E500A07D
:1050200008E500A010E500A010E500A018E500A02C
:1050300018E500A020E500A020E500A028E500A0DC
:1050400028E500A030E500A030E500A038E500A08C
:1050500038E500A040E500A040E500A048E500A03C
:1050600048E500A050E500A050E500A0E8EB00A056
:105070003400000000000000F00000A00400000068
:105080000000000008E700A0D400000001000000BC
:105090006CE700A088E700A0A4E700A068E700A0F4
:1050A000ACE800A0010000000000000000000000CB
:1050B00000000000000000000000000000000000F0
:1050C00000000000000000000000000000000000E0
:1050D00000000000000000000000000000000000D0
:1050E00000000000000000000000000000000000C0
:1050F00000000000FFFFFFFFFFFFFFFF00000000B8
:1051000040000000091000000000000020EC039D9A
:10511000FFFFFFFF00000000000000000000000093
:10512000021001000000000020EC039DFFFFFFFFC4
:10513000000000000000000000000000020002006B
:105140000000000020EC039DFDFFFFFF00000000B9
:10515000000000000000000000000000000000004F
:1051600000000000ACE800A0880000000000000083
:10517000340000A0040000000100000008E700A0C7
:10518000F0EC00A020000000010000000000000082
:10519000FFFFFFFF00000000000000000000000013
:1051A000000000000000000000000000F4DD00A08E
:1051B0000400000000000000DCE700A0D0000000B8
:1051C00001000000B81AAC59000000000F1BC7CA4C
:1051D000350000003CA4BCE41D170000F7542A066B
:1051E000688006002C1B1D111111110136C1545588
:1051F000555555157A030000000000800714690614
:1052000000000000FC2F8C7B0400000036B018CAA0
:105210004F0200007D5EC1000DD00000862D862D5E
:10522000D8822D00E20255555555550598000000CD
:10523000000000402004000000000080463B31BA1E
:10524000FFFFFFFFF0AAFB5404000000387505FDC6
:10525000D0FFFFFFCC76C93ED6010000D1E4D25387
:10526000D8EDFFFF79370B5854B300009EF1FC22B4
:10527000A210F9FF60DCF1EEAA594500490BE627C0
:105280007DD227FD2023AAAAAAAAAA2AAAFDFFFF47
:10529000FFFFFF7F54DD00A0A00000000100000020
:1052A000EB9A847F04010000B19F87A0E70A000009
:1052B00068A8D10B0F800000D85538111A0C0500D2
:1052C000FAE36F1F02B12B00A000A1A9B62A3B018F
:1052D000703DBDC735C21A07D5A87F82FFBDBF1E6E
:1052E000EEEBE8E8FB0BB958FC0200000000008080
:1052F0007115D87F49FFFFFF3966CAD2EE0A000058
:10530000E5D02D442580FFFF35C837FC1A0C050079
:1053100097357778024FD4FFEAB4F7A0B62A3B015D
:1053200006DF7047CA3DE5F8F7075282FFBDBF1E92
:1053300026E01A1704F446A761FFFFFFFFFFFF7F77
:105340006CDC00A0E8000000010000007F91B61BAB
:10535000C582520EDE22E6A4CD1049125962D6DF74
:105360009F9999199F17F6A9AAAAAA2A0D060000C3
:1053700000000080AC79CFD1F71772B1FE030000B6
:10538000C293DCA689104B93FE030000A76C36394C
:10539000D150A4F0FD0300006FDFA8C0DED1D7BF5D
:1053A000FD030000C293DCA689104B93FD030000AF
:1053B0007A1BCF56E4699FD4FC030000F2DE233F42
:1053C0001174BC88FC0300004534D0F1ACC52C84BA
:1053D000FB030000000000000000000000000000CF
:1053E000502F9757713B38F1FB030000610DD1D46A
:1053F0003CBE7FE4FC030000E813F6E2105E0CA361
:10540000FD030000965FC2FC651F99CFFD030000FD
:105410009B653778FD7A94F8FD030000F0810682E1
:10542000F3FA428FFE03000023739533427FECA012
:10543000FE03000060E500A0A801000001000000DC
:10544000398EE3388EE3380EB76DDBB66DDBB6ED23
:105450009A9999999999991955555555555555D5DB
:1054600000000000000000800000000000000000BC
:10547000000000004225B14BDDADEAFFF90300005A
:10548000374EEF67B9DDAAFFFA0300006074881792
:1054900030C170BFFB030000336E7B61D5D4ADFE1D
:1054A000FB030000C36213334677B79EFC03000082
:1054B0003411D8725EDACBBDFC03000023100593D3
:1054C00094BA86DCFC03000015EB0664C9AFDBFA76
:1054D000FC03000031C18B5F18AD5F8CFD03000041
:1054E0006A5E5E3FB8B9139BFD030000DA4E6A8E18
:1054F000CA6C85A9FD0300007484F7260FCAB0B7F3
:10550000FD0300006E2BD950CA6992C5FD0300004F
:10551000B6E51F611E7627D3FD030000687C4F7639
:105520004AA66DE0FD030000467BDA0D2B3863EDE3
:10553000FD0300005CBEA0A05AE806FAFD030000CF
:105540002A7E86D9A6F42B83FE030000B54795DE9C
:10555000DFEC2A89FE0300009B9FF5F75E5D008F5C
:10556000FE030000F6867184C972AC94FE0300004D
:1055700020DABD71E6802F9AFE030000EDA1B7F49A
:10558000C4FD899FFE0300002409F734197DBCA4E3
:10559000FE030000C8F53048DCABC7A9FE030000DD
:1055A00080C0D8B4384CACAEFE0300009136041F66
:1055B000C9316BB3FE030000749E31C22B3E05B8A7
:1055C000FE03000081F28AE9EA5D7BBCFE03000075
:1055D000406652ACB885CEC0FE03000054BD8FBFFC
:1055E000FAAFFFC4FE03000034E900A07000000021
:1055F00001000000B5B4BF57000000008E6586337F
:10560000CAFFFFFF54B7D5E31D170000A76A63F96F
:10561000977FF9FF6D1E171111111101CC28AAAA4D
:10562000AAAAAAEA5705000000000080B628DE6E8C
:1056300004000000F9704940B0FDFFFF9966C6FC08
:105640000CD00000FD604DD3277DD2FF815841551D
:1056500055555505BFB80000000000C03D010000D1
:1056600000000080A8EB00A0400000000100000046
:1056700027D72A0439C1FFFF41EE608ABFF15B00E2
:10568000F11C9BFC406894EF0000000000000080CB
:10569000B0DDCB3B692BF9FFA4E74AB3D1F6FC029E
:1056A0008BE1F05196BDE9C4EDFEFFFFFFFFFF7FE8
:1056B000F8DD00A00400000001000000010000006F
:1056C000A4E900A06800000001000000470D48F2B6
:1056D00065B0E1036D0CFFB3CD653EFE58FC59E7A4
:1056E000AAC946026C931DAB55FDEC00F0A3DB008C
:1056F000AFC58801EB1B9CD68F08C8010C2C50F657
:105700002DB83802BE95A22F6F16DD02CB8B6179C2
:10571000368EE3039AFBAB246EDBB6053DF9669645
:10572000999999097D235D555555551568FFFFFFDA
:10573000FFFFFF7FCCEC00A0240000000000000071
:10574000380000A00400000001000000020000007A
:1057500000000000222222222222222222222222B1
:105760007265736574000065762C760064656C6103
:10577000795F6D7300000065762C756C0000006524
:105780007365745F74696D65720000653A766F6960
:1057900064207365745F74696D657228756E7369D2
:1057A000676E6564206C6F6E672C20766F6964206D
:1057B000282A662928766F69642929007370694F41
:1057C00070656E00692C692C692C692C6900006574
:1057D000737069436C6F7365000000656900006554
:1057E000737069427974650075632C692C75630068
:1057F000737069426C6F636B00000065762C692CD6
:1058000075632A2C7A000065693263496E697400F9
:10581000762C69006932635374617274000000650C
:1058200069326352657053746172740069326353F4
:10583000746F700069326353656E6400692C756320
:1058400000000065693263526563760075632C69F8
:1058500000000065636F6D4F70656E00692C692CE8
:10586000692C692C692C6900636F6D436C6F7365DB
:1058700000000065636F6D5065656B00692C690001
:10588000636F6D4275666600636F6D5478000065E6
:10589000762C692C692C75632A000065636F6D5244
:1058A00078000065692C692C692C75632A000065F5
:1058B000636F6D527843616C6C0000653A766F6976
:1058C0006420636F6D527843616C6C28696E742C30
:1058D00020766F696420282A662928766F696429F2
:1058E000290000657365744B62644C61796F75744F
:1058F00000000065762C63006765744B62644C6140
:10590000796F757400000065632C760073657442CE
:10591000726B436F6465000067657442726B436F1E
:10592000646500006265657000000065736F756EE8
:1059300064000065762C692C69000065696E6974E5
:10594000566964656F000065676574566D6F6465C0
:1059500000000065692C76004872657300000065E0
:105960005672657300000065636C65617253637203
:1059700065656E00736574506978656C000000653C
:10598000762C692C692C6900676574506978656CA0
:1059900000000065692C692C69000065F18C029D8E
:1059A0006057029D050000006857029D000000003E
:1059B000398D029D6C57029D080000007857029DAA
:1059C000000000007D8D029D8057029D09000000AF
:1059D0008C57029D000000000D8F029DBC57029D58
:1059E00007000000C457029D00000000C58F029D03
:1059F000D057029D08000000DC57029D0000000007
:105A00002190029DE057029D07000000E857029D8B
:105A100000000000A590029DF057029D08000000C4
:105A2000FC57029D000000005D95029D0858029DF4
:105A3000070000001058029D00000000A195029D83
:105A40001458029D080000006857029D00000000E5
:105A5000AD95029D2058029D0B0000006857029DE5
:105A600000000000B995029D2C58029D070000001F
:105A70006857029D00000000C595029D3458029DA4
:105A8000070000003C58029D000000000996029D9E
:105A90004458029D070000004C58029D0000000081
:105AA0006191029D5458029D070000005C58029DC0
:105AB000000000008992029D6858029D08000000C5
:105AC000DC57029D00000000F992029D7458029D6F
:105AD000070000007C58029D000000005193029DC9
:105AE0008058029D070000007C58029D00000000C5
:105AF000A993029D8858029D050000009058029DC0
:105B0000000000006D94029D9C58029D050000005D
:105B1000A458029D00000000398E029DB058029DDD
:105B200009000000BC58029D00000000F98C029D95
:105B3000E458029D0C000000F458029D0000000093
:105B4000318C029DF858029D0C0000000859029DFE
:105B500000000000198D029D0C59029D0A000000F2
:105B6000F458029D00000000598C029D1859029DB6
:105B70000A0000000859029D00000000A197029D44
:105B80002459029D040000006857029D0000000097
:105B9000AD97029D2C59029D050000003459029DCD
:105BA000000000004996029D3C59029D090000003A
:105BB0001058029D00000000CD8C029D4859029DA6
:105BC000080000005459029D00000000858C029DD1
:105BD0005859029D040000005459029D0000000025
:105BE000A98C029D6059029D040000005459029D39
:105BF000000000006596029D6859029D0B000000A0
:105C00001058029D00000000AD96029D7459029D3F
:105C1000080000008059029D000000002D97029DA1
:105C20008859029D080000009459029D0000000060
:105C30000000000000000000000000000000000064
:105C40000000000042415345410000654241534578
:105C500042000065424153454300006542415345BF
:105C600044000065424153454500006542415345AB
:105C7000460000654241534547000065414E53458B
:105C80004C000065414E53454C434C5200000065AA
:105C9000414E53454C53455400000065414E534519
:105CA0004C494E56000000655452495300000065AF
:105CB00054524953434C5200545249535345540093
:105CC00054524953494E5600504F525400000065FB
:105CD000504F5254434C5200504F5254534554006D
:105CE000504F5254494E56004C4154004C4154437D
:105CF0004C5200004C415453455400004C4154490F
:105D00004E5600004F4443004F4443434C52000062
:105D10004F444353455400004F4443494E560000FE
:105D2000434E505500000065434E5055434C5200C1
:105D3000434E505553455400434E5055494E56001E
:105D4000434E504400000065434E5044434C5200C3
:105D5000434E504453455400434E5044494E560020
:105D6000434E434F4E000065434E434F4E434C520B
:105D700000000065434E434F4E53455400000065FC
:105D8000434E434F4E494E5600000065434E454E2C
:105D900000000065434E454E434C5200434E454E75
:105DA00053455400434E454E494E5600434E5354BE
:105DB00041540000434E53544154434C520000653B
:105DC000434E53544154534554000065434E53547D
:105DD0004154494E56000065206088BF0000000015
:105DE000140100000000000000000000000000009E
:105DF0000000000000000000445C029D050000005F
:105E0000206188BF000000001401000000000000B5
:105E10000000000000000000000000000000000082
:105E20004C5C029D05000000206288BF000000005D
:105E3000140100000000000000000000000000004D
:105E40000000000000000000545C029D05000000FE
:105E5000206288BF00000000140100000000000064
:105E60000000000000000000000000000000000032
:105E70005C5C029D05000000206288BF00000000FD
:105E800014010000000000000000000000000000FD
:105E90000000000000000000645C029D050000009E
:105EA000206288BF00000000140100000000000014
:105EB00000000000000000000000000000000000E2
:105EC0006C5C029D05000000206288BF000000009D
:105ED00014010000000000000000000000000000AD
:105EE0000000000000000000745C029D050000003E
:105EF000F8FFFFFFFFFFFFFF14000000000000009D
:105F00000000000000000000000000000000000091
:105F10007C5C029D05000000F9FFFFFFFFFFFFFF13
:105F2000140000000000000000000000000000005D
:105F30000000000000000000845C029D08000000DA
:105F4000FAFFFFFFFFFFFFFF14000000000000004A
:105F50000000000000000000000000000000000041
:105F6000905C029D08000000FBFFFFFFFFFFFFFFAA
:105F7000140000000000000000000000000000000D
:105F800000000000000000009C5C029D0800000072
:105F9000FCFFFFFFFFFFFFFF1400000000000000F8
:105FA00000000000000000000000000000000000F1
:105FB000A85C029D04000000FDFFFFFFFFFFFFFF44
:105FC00014000000000000000000000000000000BD
:105FD0000000000000000000B05C029D070000000F
:105FE000FEFFFFFFFFFFFFFF1400000000000000A6
:105FF00000000000000000000000000000000000A1
:10600000B85C029D07000000FFFFFFFFFFFFFFFFDE
:10601000140000000000000000000000000000006C
:106020000000000000000000C05C029D07000000AE
:10603000000000000000000014000000000000004C
:106040000000000000000000000000000000000050
:10605000C85C029D04000000010000000000000078
:10606000140000000000000000000000000000001C
:106070000000000000000000D05C029D070000004E
:1060800002000000000000001400000000000000FA
:106090000000000000000000000000000000000000
:1060A000D85C029D07000000030000000000000013
:1060B00014000000000000000000000000000000CC
:1060C0000000000000000000E05C029D07000000EE
:1060D00004000000000000001400000000000000A8
:1060E00000000000000000000000000000000000B0
:1060F000E85C029D030000000500000000000000B5
:10610000140000000000000000000000000000007B
:106110000000000000000000EC5C029D0600000092
:106120000600000000000000140000000000000055
:10613000000000000000000000000000000000005F
:10614000F45C029D06000000070000000000000053
:10615000140000000000000000000000000000002B
:106160000000000000000000FC5C029D0600000032
:106170000800000000000000140000000000000003
:10618000000000000000000000000000000000000F
:10619000045D029D030000000900000000000000F3
:1061A00014000000000000000000000000000000DB
:1061B0000000000000000000085D029D06000000D5
:1061C0000A000000000000001400000000000000B1
:1061D00000000000000000000000000000000000BF
:1061E000105D029D060000000B0000000000000092
:1061F000140000000000000000000000000000008B
:106200000000000000000000185D029D0600000074
:106210000C0000000000000014000000000000005E
:10622000000000000000000000000000000000006E
:10623000205D029D040000000D0000000000000031
:10624000140000000000000000000000000000003A
:106250000000000000000000285D029D0700000013
:106260000E0000000000000014000000000000000C
:10627000000000000000000000000000000000001E
:10628000305D029D070000000F00000000000000CC
:1062900014000000000000000000000000000000EA
:1062A0000000000000000000385D029D07000000B3
:1062B00010000000000000001400000000000000BA
:1062C00000000000000000000000000000000000CE
:1062D000405D029D0400000011000000000000006D
:1062E000140000000000000000000000000000009A
:1062F0000000000000000000485D029D0700000053
:106300001200000000000000140000000000000067
:10631000000000000000000000000000000000007D
:10632000505D029D07000000130000000000000007
:106330001400000000000000000000000000000049
:106340000000000000000000585D029D07000000F2
:106350001400000000000000140000000000000015
:10636000000000000000000000000000000000002D
:10637000605D029D050000001500000000000000A7
:1063800014000000000000000000000000000000F9
:106390000000000000000000685D029D0800000091
:1063A00016000000000000001400000000000000C3
:1063B00000000000000000000000000000000000DD
:1063C000745D029D0800000017000000000000003E
:1063D00014000000000000000000000000000000A9
:1063E0000000000000000000805D029D0800000029
:1063F0001800000000000000140000000000000071
:10640000000000000000000000000000000000008C
:106410008C5D029D040000001900000000000000D7
:106420001400000000000000000000000000000058
:106430000000000000000000945D029D07000000C5
:106440001A0000000000000014000000000000001E
:10645000000000000000000000000000000000003C
:106460009C5D029D070000001B0000000000000072
:106470001400000000000000000000000000000008
:106480000000000000000000A45D029D0700000065
:106490001C000000000000001400000000000000CC
:1064A00000000000000000000000000000000000EC
:1064B000AC5D029D060000001D0000000000000011
:1064C00014000000000000000000000000000000B8
:1064D0000000000000000000B45D029D0900000003
:1064E0001E0000000000000014000000000000007A
:1064F000000000000000000000000000000000009C
:10650000C05D029D090000001F00000000000000A7
:106510001400000000000000000000000000000067
:106520000000000000000000CC5D029D090000009A
:10653000000000000000000000000000000000005B
:10654000000000000000000000000000000000004B
:106550000000000000000000203F3F3F0D000065EC
:106560000D0A0A3E3E3E204552524F523A20556E89
:1065700061626C6520746F20616C6C6F636174651F
:10658000206D656D6F72790D0A0000656966733A5A
:106590002F242E6B6579000070617373776F7264BE
:1065A0003A20202020080808000000652533645C9C
:1065B000200000652533643A200000650D0A507202
:1065C000657373206B657920746F20636F6E7469D7
:1065D0006E75652E2E2E20000D20202020202020DC
:1065E00020202020202020202020202020202020AB
:1065F00020200D0025730D0A000000650D0A5E6362
:10660000616E63656C0D0A000D0A00003E3E3E207F
:106610003C4374726C2D5A3E20486973746F7279D2
:10662000202020202020202020203C4374726C2D2C
:106630004E3E204E657874206C696E65206F722026
:10664000616464206E6577003E3E3E203C43747278
:106650006C2D4C3E20436C6561722066756C6C201D
:106660006C696E6520203C4374726C2D593E20434A
:106670006C65617220746F20656E64206F66206C9B
:10668000696E65003E3E3E203C4374726C2D563E62
:1066900020436C6561722073637265656E202020F3
:1066A00020202020202020202020202020202020EA
:1066B00020202020202020202020202020202000FA
:1066C0003E3E3E20272E2720617420737461727431
:1066D000206F662061206C696E65206D61726B733E
:1066E000206120636F6D6D616E64206C696E652042
:1066F0002020202020202020202020003E3E3E2060
:1067000027402720726570726573656E74732074FC
:1067100068652063757272656E74206C696E6520A1
:106720004E202020202027232720736F7572636559
:10673000206C696E65204E003E3E3E2027212720BA
:10674000697320746865206E756D626572206F666E
:10675000206C696E657320696E636C20637572725C
:10676000656E7420616E6420746F207468652065A6
:106770006E6420002E4B20636E74727920202053AB
:106780006574206B6579626F617264206C61796FEA
:106790007574202855532C20554B2C2044452C2013
:1067A00046522920202020202020202020202000A8
:1067B0002E5E20636F646520202020536574206B5B
:1067C0006579626F61726420627265616B20636FCC
:1067D0006465202864656661756C74203329202007
:1067E0002020202020202020202020002E4E20703D
:1067F000772C207068202050616765207769647469
:1068000068202831322D3939392063686172732943
:1068100020616E64206865696768742028322B20C7
:106820006C696E65732920002E5420776964746842
:106830002020205441422077696474682028312D3B
:106840003830292020202020202020202020202017
:106850002020202020202020202020202020202038
:10686000202020002E7E20202020202020202045B7
:1068700071756976616C656E7420746F203C446537
:106880006C3E20202020202020202E5C20204E65E1
:1068900077206C696E65203C456E7465723E000021
:1068A0002E2A20636F756E742020205265706561FA
:1068B000742074686520666F6C6C6F77696E6720F2
:1068C000636D6420666F7220737065632764206E49
:1068D000756D6265722074696D6573002E607465F4
:1068E00078746020202020496E736572742074785B
:1068F000742061742074686520637572736F7220F0
:10690000706F7320696E207468652063757272659C
:106910006E74206C696E65002E58205B68706F7312
:106920005D2020506C61636520637572736F722007
:106930006174207370656320706F73207769746869
:10694000696E207468652063757272656E74206C60
:10695000696E65002E5B4A5D205B3C206F72203EB5
:106960005D205B6E756D6265725D20204A756D708D
:1069700020746F206C696E652F707265762F6E655E
:1069800078743B20272E4A27206C617374204E00B8
:106990002E4C205B5B505D636F756E745D204C699F
:1069A0007374206E657874204E206C696E65732058
:1069B0006F7220756E74696C20454F46205B6F7056
:1069C00074696F6E2050617573655D002E50205B99
:1069D0005B505D636F756E745D204C6973742070DD
:1069E000726576696F7573204E206C696E657320D1
:1069F0006F722066726F6D20737461727420202034
:106A00005B50617573655D002E49205B636F756E29
:106A1000745D20496E7365727420626C616E6B20C8
:106A20006C696E65732E204F6E65206C696E6520F3
:106A30006966205B636E745D206973206D69737392
:106A4000696E67002E44205B636F756E745D204431
:106A5000656C657465206C696E65732E204F6E6C75
:106A600079207468652063757272656E7420776929
:106A70007468206E6F20706172616D65746572005C
:106A80002E53205B6C696E655D2020536574207306
:106A90006F75726365206C696E6520666F72206326
:106AA0006F707920616E64206D6F7665206F7073F2
:106AB00020202020202E4820202E3F002E43205B27
:106AC000636F756E745D20436F7079206C696E65BD
:106AD000732066726F6D20736F7572636520746FBB
:106AE0002063757272656E742E2044656661756CE4
:106AF00074206E756D3D31002E4D205B636F756E99
:106B0000745D204D6F7665206C696E6573206672CA
:106B10006F6D20736F7572636520746F206375727B
:106B200072656E742E2044656661756C74206E7596
:106B30006D3D31002E46205B6074657874605D2089
:106B400020536574207465787420666F72206669BE
:106B50006E643B20772F6F20706172616D2C206412
:106B60006F2066696E64203C4374726C2D463E0053
:106B70002E52205B6074657874605D2020536574CC
:106B8000207465787420666F72207265706C616322
:106B9000653B20772F6F2C2066696E6426726570C6
:106BA0006C20203C4374726C2D523E002E452066B2
:106BB000696C6520202020457865637574652063C5
:106BC0006F6D6D616E64207363726970742066729C
:106BD0006F6D2066696C6500202020202020202019
:106BE0002020202020202020000000652E3D205B5A
:106BF00066696C655D202052756E20736F757263D7
:106C00006520696E206D656D6F7279206F722066E8
:106C1000726F6D2066696C65202020202020202066
:106C200020202020202020002E4F2066696C652027
:106C30002020204F70656E20746578742066696C22
:106C4000652020202E572066696C652020577269C8
:106C5000746520202E412066696C6520204170708B
:106C6000656E64002E2F696E6974206472763A2016
:106C70002020496E697469616C697365206472696A
:106C8000766520202E2F6C6F636B20707764202038
:106C9000204C6F636B206163636573732020200059
:106CA0002E2F646972205B706174685D5B6D617327
:106CB0006B5D20204C6973742066696C65732E20AF
:106CC00043616E20646F2077696C646361726473E2
:106CD00020273F27616E6420272A27002E2F636814
:106CE000646972205B6472763A5D5B706174685DA2
:106CF00020204368616E6765206472697665206153
:106D00006E642F6F72206469723B2053686F772026
:106D100063757272656E74002E2F6D6B64697220DC
:106D20007061746820204D616B65206E657720640A
:106D300069722020202020202E2F726D646972201D
:106D400070617468202052656D6F766520656D7086
:106D5000747920002E2F64656C206D61736B202088
:106D6000202044656C6574652066696C657320201D
:106D7000202020202E2F72656E20206D61736B5FA6
:106D80006F6C64202C206D61736B5F6E65772000E3
:106D90002E2F636F7079206D61736B2C206D617382
:106DA0006B202020436F70792066696C65732E20FC
:106DB000537570706F7274732077696C646361725D
:106DC000647320272A272C20273F27002E2F6C6949
:106DD00073742066696C652020204C69737420747C
:106DE0006578742066696C65202020202E2F626CE7
:106DF0006973742066696C6520204C697374206225
:106E0000696E2066696C65002E2F64617465205977
:106E1000594D4D44442053657420646174652020AD
:106E200020202020202020202E2F74696D652048EE
:106E3000484D4D5353205365742074696D65203A55
:106E4000323468002E2F6C736C20203C6C69623EDB
:106E500020204C69737420636F6E73747320262036
:106E600066756E637320696E20432E696D706C20A9
:106E700073797374656D206C696272617279200038
:106E80002E2F7265736574202020202020205379D6
:106E90007374656D20726573657420202020202036
:106EA00020202020202020202020202020202020E2
:106EB0002020202020202020202020000700006506
:106EC0002533643A2025730D0A0000650D0A5E63C0
:106ED000616E63656C0D00000D00006500000065CB
:106EE0000D0A3E3E3E2050616765207769647468F4
:106EF0002069732073657420746F20257520636882
:106F00006172616374657273000000650D0A3E3E34
:106F10003E20506167652068656967687420697301
:106F20002073657420746F20257520636861726119
:106F300063746572730000650D0A3E3E3E20546125
:106F400062756C6174696F6E20776964746820691A
:106F5000732073657420746F2025752063686172D7
:106F600061637465727300000D0A3E3E3E20446505
:106F700066696E6564206025736020746F206669A1
:106F80006E6400000D0A3E3E3E20446566696E65F3
:106F900064206025736020746F207265706C61637B
:106FA000650000650D0A3E3E3E2060257360207737
:106FB0006173206E6F7420666F756E6400000065EB
:106FC0000D0A3E3E3E2057726974696E6720746FE9
:106FD0002066696C652060257360202E2E2E2000AF
:106FE0000A0000650D0A3E3E3E20256C75206C6946
:106FF0006E65732C20256C7520627974657320771B
:1070000072697474656E0D0A000000650D0A3E3EDB
:107010003E2052656164696E672066726F6D2066FE
:10702000696C652060257360202E2E2E000000659F
:107030000D0A3E3E3E20256C75206C696E65732CF2
:1070400020256C7520627974657320726561640017
:107050002C20256C75206279746573207472696DBB
:107060006D6564000D0A3E3E3E204578656375748B
:10707000696E6720636F6D6D616E64207363726902
:1070800070742066696C652060257360202E2E2E3A
:10709000200D0A000D0A3E3E3E2048494E543A203B
:1070A00055736520636F6D6D616E64202E48206698
:1070B0006F722068656C700D0A000065204672656D
:1070C00065206D656D6F72793A20256C7520627947
:1070D0007465730D0A00006543757272656E7420E5
:1070E00074696D653A2025730D0000650364000026
:1070F0002E2E2E2E2046696C65206E616D653A201D
:10710000602573600D0A00002E2E2046696E6420F3
:10711000737472696E673A20602573600D0A00000F
:107120005265706C61636520737472696E673A2092
:10713000602573600D0A0000256C75206C696E6512
:10714000732C20256C752062797465730D0A0A0012
:107150002A000065766F696400000065424F4F4C5D
:1071600000000065636861720000006573686F72FB
:1071700074000065696E74006C6F6E6700000065D6
:107180006C6F6E67206C6F6E67000065666C6F6178
:1071900074000065646F75626C6500006C6F6E67EB
:1071A00020646F75626C650046494C4500000065BF
:1071B00073697A655F740000636F6E7374000065B5
:1071C000756E7369676E6564000000652E2E2E0073
:1071D00074696D655F7400007374727563742074F4
:1071E0006D00006520000065557365202E3F206608
:1071F0006F7220696E666F726D6174696F6E0D0AD1
:107200000A0000652E4600002E5200000D25730076
:107210002F6C6F636B0000652F72657365740000DF
:107220000D0A3E3E3E20526573657474696E672E8A
:107230002E2E20002F646174650000652F74696D27
:10724000650000652F6C736C000000650D0A5E63BD
:10725000616E63656C000065636F6E73742000007F
:10726000756E7369676E656420000065766F69648A
:1072700020000065424F4F4C20000065636861723A
:107280002000006573686F7274200000696E7420BE
:10729000000000656C6F6E67200000656C6F6E67A4
:1072A000206C6F6E67200000666C6F6174200000B8
:1072B000646F75626C6520006C6F6E6720646F751B
:1072C000626C65200000006546494C452000006561
:1072D00076615F6C69737420000000655B25645DF6
:1072E00000000065203D2022257322002573280020
:1072F0002C20000029000065257328290000006566
:10730000750F0000415B1B00481B0000720F00005E
:10731000425B1B00501B00007D0F00007E355B1B95
:10732000491B00007A0F00007E365B1B511B0000DA
:10733000910F0000504F1B003B1B00000600000097
:1073400012000000000000000D0A25730000006517
:107350006173736572740000762C2E006572726F13
:1073600072000065762C692C43632A0059CB029D7C
:107370005073029D060000005873029D000000003B
:10738000EDD2029D5C73029D050000006473029DB6
:1073900000000000000000000000000000000000ED
:1073A0000000000000000000636C6F636B0000656C
:1073B000756C2C760000006574696D6500000065D1
:1073C000742C742A000000656469666674696D65D2
:1073D00000000065642C742C740000656D6B74698A
:1073E0006D650000742C6D2A000000656173637484
:1073F000696D6500632A2C436D2A00006374696D12
:1074000065000065632A2C43742A00006DD1029D3B
:10741000A873029D05000000B073029D00000000EB
:1074200039D2029DB873029D04000000C073029D12
:107430000000000095D1029DC873029D0800000065
:10744000D473029D00000000FDD1029DDC73029DFB
:1074500006000000E473029D0000000075D2029D4A
:10746000EC73029D07000000F473029D0000000011
:10747000B1D2029DFC73029D050000000474029DC0
:1074800000000000000000000000000000000000FC
:107490000000000000000000434C4F434B535F507E
:1074A00045525F5345430000E80300000000000020
:1074B0003400000000000000000000000000000098
:1074C00000000000000000009874029D0E00000003
:1074D00000000000000000000000000000000000AC
:1074E000000000000000000000000000000000009C
:1074F0000000000000000000746F6C6F7765720080
:10750000692C6900746F7570706572006973616CC5
:107510006E756D006973616C706861006973626C8F
:10752000616E6B006973636E74726C006973646979
:1075300067697400697367726170680069736C6F62
:107540007765720069737570706572006973707227
:10755000696E7400697370756E637400697373701B
:107560006163650069737864696769740000006528
:1075700005D1029DF874029D070000000075029D70
:107580000000000039D1029D0475029D0700000033
:107590000075029D0000000075CD029D0C75029DD6
:1075A000070000000075029D0000000025CD029D2F
:1075B0001475029D070000000075029D0000000088
:1075C000D9CD029D1C75029D070000000075029D2B
:1075D0000000000021CE029D2475029D07000000DE
:1075E0000075029D0000000069CE029D2C75029D71
:1075F000070000000075029D00000000B1CE029D52
:107600003475029D070000000075029D0000000017
:1076100041CF029D3C75029D070000000075029D50
:107620000000000089CF029D4475029D0700000004
:107630000075029D00000000F9CE029D4C75029D70
:10764000070000000075029D00000000D1CF029DE0
:107650005475029D070000000075029D00000000A7
:107660004DD0029D5C75029D070000000075029DD3
:1076700000000000A1D0029D6475029D080000007A
:107680000075029D000000000000000000000000E6
:1076900000000000000000000000000076615F7341
:1076A00074617274000000653A766F6964207661D7
:1076B0005F73746172742876615F6C6973742C20D7
:1076C000704E290076615F656E6400003A766F69DE
:1076D000642076615F656E642876615F6C6973749F
:1076E0002900006576615F61726700003A74797005
:1076F000652076615F6172672876615F6C6973747B
:107700002C20747970652900CDCA029D9C76029D5B
:1077100008000000A876029D0000000081CA029DBA
:10772000C476029D06000000CC76029D0000000099
:10773000B1CB029DE476029D06000000EC76029D2E
:107740000000000000000000000000000000000039
:107750000000000000000000494E544D41585F4DAC
:10776000494E0000494E544D41585F4D415800006C
:1077700055494E544D41585F4D415800494E545063
:1077800054525F4D494E0000494E545054525F4D83
:107790004158000055494E545054525F4D415800D5
:1077A000494E54385F4D494E00000065494E5438EB
:1077B0005F4D41580000006555494E54385F4D41BA
:1077C00058000065494E5431365F4D494E00006502
:1077D000494E5431365F4D415800006555494E546D
:1077E00031365F4D41580000494E5433325F4D49A8
:1077F0004E000065494E5433325F4D4158000065DC
:1078000055494E5433325F4D41580000494E54366D
:10781000345F4D494E000065494E5436345F4D414A
:107820005800006555494E5436345F4D41580000AC
:1078300053495A455F4D4158000000655054524429
:107840004946465F4D494E00505254444946465FB2
:107850004D415800006500650000000000000080F8
:1078600024000000000000000000000000000000F4
:1078700000000000000000005877029D0A00000090
:10788000FFFFFFFFFFFFFF7F24000000000000005C
:1078900000000000000000000000000000000000E8
:1078A0006477029D0A000000FFFFFFFFFFFFFFFF5C
:1078B0003400000000000000000000000000000094
:1078C00000000000000000007077029D0B00000027
:1078D00000000080FFFFFFFF240000000000000008
:1078E0000000000000000000000000000000000098
:1078F0007C77029D0A000000FFFFFF7F0000000070
:107900002400000000000000000000000000000053
:1079100000000000000000008877029D0A000000BF
:10792000FFFFFFFF00000000340000000000000027
:107930000000000000000000000000000000000047
:107940009477029D0B00000080FFFFFFFFFFFFFF09
:107950002200000000000000000000000000000005
:107960000000000000000000A077029D0800000059
:107970007F00000000000000220000000000000066
:1079800000000000000000000000000000000000F7
:10799000AC77029D08000000FF000000000000001E
:1079A00032000000000000000000000000000000A5
:1079B0000000000000000000B877029D09000000F0
:1079C0000080FFFFFFFFFFFF23000000000000001A
:1079D00000000000000000000000000000000000A7
:1079E000C477029D09000000FF7F00000000000036
:1079F0002300000000000000000000000000000064
:107A00000000000000000000D077029D0900000087
:107A1000FFFF000000000000330000000000000035
:107A20000000000000000000000000000000000056
:107A3000DC77029D0A00000000000080FFFFFFFFCE
:107A40002500000000000000000000000000000011
:107A50000000000000000000E877029D090000001F
:107A6000FFFFFF7F00000000250000000000000075
:107A70000000000000000000000000000000000006
:107A8000F477029D09000000FFFFFFFF00000000E7
:107A900035000000000000000000000000000000B1
:107AA00000000000000000000078029D0A000000B5
:107AB0000000000000000080260000000000000020
:107AC00000000000000000000000000000000000B6
:107AD0000C78029D09000000FFFFFFFFFFFFFF7F02
:107AE0002600000000000000000000000000000070
:107AF00000000000000000001878029D090000004E
:107B0000FFFFFFFFFFFFFFFF260000000000000057
:107B10000000000000000000000000000000000065
:107B20002478029D0A000000FFFFFFFF0000000014
:107B30003400000000000000000000000000000011
:107B400000000000000000003078029D08000000E6
:107B500000000080FFFFFFFF240000000000000085
:107B60000000000000000000000000000000000015
:107B70003C78029D0B000000FFFFFF7F000000002B
:107B800024000000000000000000000000000000D1
:107B900000000000000000004878029D0B0000007B
:107BA00000000000000000000000000000000000D5
:107BB00000000000000000000000000000000000C5
:107BC0000000000000000000434841525F42495459
:107BD0000000006553434841525F4D494E00006527
:107BE00053434841525F4D41580000655543484159
:107BF000525F4D4158000065434841525F4D494E28
:107C000000000065434841525F4D41580000006547
:107C1000534852545F4D494E00000065534852543A
:107C20005F4D41580000006555534852545F4D4127
:107C300058000065494E545F4D494E00494E545F0F
:107C40004D41580055494E545F4D41580000006564
:107C50004C4F4E475F4D494E000000654C4F4E471C
:107C60005F4D415800000065554C4F4E475F4D41F8
:107C70005800006500650065080000000000000075
:107C800032000000000000000000000000000000C2
:107C90000000000000000000C87B029D08000000FA
:107CA00080FFFFFFFFFFFFFF220000000000000039
:107CB00000000000000000000000000000000000C4
:107CC000D47B029D090000007F000000000000003E
:107CD0002200000000000000000000000000000082
:107CE0000000000000000000E07B029D0900000091
:107CF000FF00000000000000320000000000000053
:107D00000000000000000000000000000000000073
:107D1000EC7B029D0900000080FFFFFFFFFFFFFFDB
:107D20002200000000000000000000000000000031
:107D30000000000000000000F87B029D0800000029
:107D40007F00000000000000220000000000000092
:107D50000000000000000000000000000000000023
:107D6000047C029D080000000080FFFFFFFFFFFF72
:107D700023000000000000000000000000000000E0
:107D80000000000000000000107C029D08000000C0
:107D9000FF7F000000000000230000000000000042
:107DA00000000000000000000000000000000000D3
:107DB0001C7C029D08000000FFFF00000000000086
:107DC0003300000000000000000000000000000080
:107DD0000000000000000000287C029D0900000057
:107DE00000000080FFFFFFFF2400000000000000F3
:107DF0000000000000000000000000000000000083
:107E0000347C029D07000000FFFFFF7F00000000A0
:107E1000240000000000000000000000000000003E
:107E200000000000000000003C7C029D07000000F4
:107E3000FFFFFFFF00000000340000000000000012
:107E40000000000000000000000000000000000032
:107E5000447C029D0800000000000080FFFFFFFF3F
:107E600025000000000000000000000000000000ED
:107E70000000000000000000507C029D080000008F
:107E8000FFFFFF7F00000000250000000000000051
:107E900000000000000000000000000000000000E2
:107EA0005C7C029D08000000FFFFFFFF0000000057
:107EB000350000000000000000000000000000008D
:107EC0000000000000000000687C029D0900000026
:107ED00000000000000000000000000000000000A2
:107EE0000000000000000000000000000000000092
:107EF000000000000000000074727565000000655D
:107F0000545255450000006566616C73650000655C
:107F100046414C5345000065010000000000000090
:107F2000320000000000000000000000000000001F
:107F30000000000000000000F87E029D0400000028
:107F400001000000000000003200000000000000FE
:107F50000000000000000000000000000000000021
:107F6000007F029D040000000000000000000000EF
:107F700032000000000000000000000000000000CF
:107F80000000000000000000087F029D05000000C6
:107F900000000000000000003200000000000000AF
:107FA00000000000000000000000000000000000D1
:107FB000107F029D0500000000000000000000008E
:107FC00000000000000000000000000000000000B1
:107FD00000000000000000000000000000000000A1
:107FE0007C67B0F18CAB026A8DEAB0F14CCBA0E8B3
:107FF0005C67B0F18CAA036B6BEB8CEBB0F16CCAD5
:10800000A0E80065C36407B4006D1A18604B016EE8
:1080100004B2609A5C6770F174DA4364A0E80065AA
:10802000C80600A0E4641C6732B4046D1A18604BE3
:10803000006E1A183A42006C30F1489860822C7336
:108040000461014A30F148D803101A185F410C6CE2
:1080500029B4046D1A18604B006E1A183A42006C6D
:1080600030F1489860822C730461014A30F148D89D
:1080700003101A185F410C6C20B4046D1A18604B81
:10808000006E1A183A42006C30F1489860822C73E6
:108090000461014A30F148D803101A185F410C6C92
:1080A00017B4046D1A18604B006E1A183A42006C2F
:1080B00030F1489860822C730461014A30F148D84D
:1080C00003101A185F410C6C0EB4046D1A18604B43
:1080D000006E08B2809A08B2A09A08B2C09A08B29C
:1080E000E09A08B2409A1A18D28504D26464A0E8D3
:1080F000C80600A0F80600A0D00900A0180700A03C
:1081000080D700A0E4641C6732B4046D1A18604B79
:10811000006E1A183A42006C30F1489860822C7355
:108120000461014A30F148D803101A185F410C6C01
:1081300029B4046D1A18604B006E1A183A42006C8C
:1081400030F1489860822C730461014A30F148D8BC
:1081500003101A185F410C6C20B4046D1A18604BA0
:10816000006E1A183A42006C30F1489860822C7305
:108170000461014A30F148D803101A185F410C6CB1
:1081800017B4046D1A18604B006E1A183A42006C4E
:1081900030F1489860822C730461014A30F148D86C
:1081A00003101A185F410C6C0EB4046D1A18604B62
:1081B000006E08B2809A08B2A09A08B2C09A08B2BB
:1081C000E09A08B2409A1A18058604D26464A0E8BE
:1081D000C80600A0F80600A0D00900A0180700A05B
:1081E00080D700A0E4641C6732B4046D1A18604B99
:1081F000006E1A183A42006C30F1489860822C7375
:108200000461014A30F148D803101A185F410C6C20
:1082100029B4046D1A18604B006E1A183A42006CAB
:1082200030F1489860822C730461014A30F148D8DB
:1082300003101A185F410C6C20B4046D1A18604BBF
:10824000006E1A183A42006C30F1489860822C7324
:108250000461014A30F148D803101A185F410C6CD0
:1082600017B4046D1A18604B006E1A183A42006C6D
:1082700030F1489860822C730461014A30F148D88B
:1082800003101A185F410C6C0EB4046D1A18604B81
:10829000006E08B2809A08B2A09A08B2C09A08B2DA
:1082A000E09A08B2409A1A181B8604D26464A0E8C7
:1082B000C80600A0F80600A0D00900A0180700A07A
:1082C00080D700A0E4641C6732B4006D1A18604BBC
:1082D000016E1A183A42006C30F1489860822C7393
:1082E0000461014A30F148D803101A185F410C6C40
:1082F00029B4046D1A18604B006E1A183A42006CCB
:1083000030F1489860822C730461014A30F148D8FA
:1083100003101A185F410C6C20B4046D1A18604BDE
:10832000006E1A183A42006C30F1489860822C7343
:108330000461014A30F148D803101A185F410C6CEF
:1083400017B4046D1A18604B006E1A183A42006C8C
:1083500030F1489860822C730461014A30F148D8AA
:1083600003101A185F410C6C0EB4046D1A18604BA0
:10837000006E08B2809A08B2A09A08B2C09A08B2F9
:10838000E09A08B2409A1A182B8604D26464A0E8D6
:10839000C80600A0F80600A0D00900A0180700A099
:1083A00080D700A0E3641C6727B4006D1A18604BE7
:1083B000016E1A183A42006C30F1489860822C73B2
:1083C0000461014A30F148D803101A185F410C6C5F
:1083D0001EB4046D1A18604B006E1A183A42006CF5
:1083E00030F1489860822C730461014A30F148D81A
:1083F00003101A185F410C6C15B4046D1A18604B09
:10840000006E1A183A42006C30F1489860822C7362
:108410000461014A30F148D803101A185F410C6C0E
:108420000CB4046D1A18604B006E07B2809A07B244
:10843000A09A07B2C09A07B21A184D86E09A6364F0
:10844000A0E80065C80600A0F80600A0D00900A0BA
:10845000180700A0E5641C6749B4046D1A18604B46
:10846000006E1A183A42006C30F1489860822C7302
:108470000461014A30F148D803101A185F410C6CAE
:1084800040B4046D1A18604B006E1A183A42006C22
:1084900030F1489860822C730461014A30F148D869
:1084A00003101A185F410C6C37B4046D1A18604B36
:1084B000006E1A183A42006C30F1489860822C73B2
:1084C0000461014A30F148D803101A185F410C6C5E
:1084D0002EB4046D1A18604B006E1A183A42006CE4
:1084E00030F1489860822C730461014A30F148D819
:1084F00003101A185F410C6C25B4046D1A18604BF8
:10850000006E1A183A42006C30F1489860822C7361
:108510000461014A30F148D803101A185F410C6C0D
:108520001CB4046D1A18604B006E1A183A42006CA5
:1085300030F1489860822C730461014A30F148D8C8
:1085400003101A185F410C6C13B4046D1A18604BB9
:10855000006E0BB2809A0BB2A09A0BB2C09A0BB20B
:10856000E09A0BB2409A04D20AB2409A05D20AB2FB
:10857000409A1A187D8606D26564A0E8C80600A055
:10858000F80600A0D00900A0180700A080D700A01E
:10859000A0D700A060D700A0E3641C6727B4046DD7
:1085A0001A18604B006E1A183A42006C30F1489865
:1085B00060822C730461014A30F148D803101A1804
:1085C0005F410C6C1EB4046D1A18604B006E1A18D3
:1085D0003A42006C30F1489860822C730461014A81
:1085E00030F148D803101A185F410C6C15B4046DB3
:1085F0001A18604B006E1A183A42006C30F1489815
:1086000060822C730461014A30F148D803101A18B3
:108610005F410C6C0CB4046D1A18604B006E07B20D
:10862000809A07B2A09A07B2C09A07B21A18D786E2
:10863000E09A6364A0E80065C80600A0F80600A000
:10864000D00900A0180700A0F6641C673FB4046DB1
:108650001A18604B006E1A183A42006C30F14898B4
:1086600060822C730461014A30F148D803101A1853
:108670005F410C6C36B4046D1A18604B006E1A180A
:108680003A42006C30F1489860822C730461014AD0
:1086900030F148D803101A185F410C6C2DB4046DEA
:1086A0001A18604B006E1A183A42006C30F1489864
:1086B00060822C730461014A30F148D803101A1803
:1086C0005F410C6C24B4046D1A18604B006E1A18CC
:1086D0003A42006C30F1489860822C730461014A80
:1086E00030F148D803101A185F410C6C1BB4086DA8
:1086F0001A18604B006E1A183A42006C30F1489814
:1087000060822C730461014A30F148D803101A18B2
:108710005F410C6C12B4046D1A18604B006E0BB202
:10872000809A0BB2A09A0BB2C09A0BB2E09A0BB22D
:10873000009A219A04D005D109B2409A1A183087BC
:1087400006D27664A0E80065C80600A0F80600A07E
:10875000D00900A0180700A080D700A0A0D700A0D3
:10876000F8641C6758B4046D1A18604B006E1A1830
:108770003A42006C30F1489860822C730461014ADF
:1087800030F148D803101A185F410C6C4FB4046DD7
:108790001A18604B006E1A183A42006C30F1489873
:1087A00060822C730461014A30F148D803101A1812
:1087B0005F410C6C46B4046D1A18604B006E1A18B9
:1087C0003A42006C30F1489860822C730461014A8F
:1087D00030F148D803101A185F410C6C3DB4046D99
:1087E0001A18604B006E1A183A42006C30F1489823
:1087F00060822C730461014A30F148D803101A18C2
:108800005F410C6C34B4086D1A18604B006E1A1876
:108810003A42006C30F1489860822C730461014A3E
:1088200030F148D803101A185F410C6C2BB4086D56
:108830001A18604B006E1A183A42006C30F14898D2
:1088400060822C730461014A30F148D803101A1871
:108850005F410C6C22B4086D1A18604B006E1A1838
:108860003A42006C30F1489860822C730461014AEE
:1088700030F148D803101A185F410C6C19B4046D1C
:108880001A18604B006E10B2809A10B2A09A10B203
:10889000C09A10B2E09A10B2009A219A04D005D181
:1088A0000EB2009A219A06D007D10DB2009A219AF1
:1088B00008D009D10BB2409A1A1810880AD27864ED
:1088C000A0E80065C80600A0F80600A0D00900A036
:1088D000180700A080D700A0A0D700A060D700A0F4
:1088E00040D700A0E4641C6728B4046D1A18604BDC
:1088F000006E1A183A42006C30F1489860822C736E
:108900000461014A30F148D803101A185F410C6C19
:108910001FB4046D1A18604B006E1A183A42006CAE
:1089200030F1489860822C730461014A30F148D8D4
:1089300003101A185F410C6C16B4086D1A18604BBE
:10894000006E1A183A42006C30F1489860822C731D
:108950000461014A30F148D803101A185F410C6CC9
:108960000DB4046D1A18604B006E08B2809A08B2FC
:10897000A09A08B2C09AE19A07B2409A1A181889C8
:1089800004D26464A0E80065C80600A0F80600A050
:10899000D00900A0180700A0F4641C67B0F12CA84F
:1089A000066A2DEAB0F14CC80BB4046D1A18604B7E
:1089B000006E09B21A187689809AB0F16CA8076A1D
:1089C0004BEA6CEA066B6CE92DEAB0F14CC87464B2
:1089D000A0E80065C80600A0E3641C671CB4046D31
:1089E0001A18604B006E1A183A42006C30F1489821
:1089F00060822C730461014A30F148D803101A18C0
:108A00005F410C6C13B4046D1A18604B006E1A1899
:108A10003A42006C30F1489860822C730461014A3C
:108A200030F148D803101A185F410C6C0AB4046D79
:108A30001A18604B006E06B2809A06B2A09A06B26F
:108A40001A18CF88C09A6364A0E80065C80600A021
:108A5000F80600A0D00900A0E3641C671A183A4287
:108A6000006C30F148986082296A4EEB0A230EB4FC
:108A7000046D1A18604B006E0BB2409AD0F14AC8D0
:108A80000E1070F146A0543208B449E4D0F18A883F
:108A900080DAC0F7833481DA69C2046B68C2636428
:108AA000A0E80065C80600A0280200A0E3641C67D7
:108AB0001A183A42006C30F148986082296A4EEBED
:108AC0000A230EB4046D1A18604B006E0BB2409A64
:108AD00090F14EC80E1070F146A0543208B449E42B
:108AE00090F18E8880DAC0F7833481DA69C2046B32
:108AF00068C26364A0E80065C80600A0280200A060
:108B0000E3641C671A183A42006C30F1489860829E
:108B1000296A4EEB0A230DB4046D1A18604B006EDF
:108B20000AB2409A90F150C00C1070F146A0543235
:108B300007B449E490F190A080DA61DA69C2046B6D
:108B400068C26364A0E80065C80600A0280200A00F
:108B5000E3641C671A183A42006C30F1489860824E
:108B6000296A4EEB0A230EB4046D1A18604B006E8E
:108B70000BB2409A70F158D80E1070F146A05432E2
:108B800008B449E470F1989880DAC0F7833481DA48
:108B900069C2046B68C26364A0E80065C80600A0EF
:108BA000280200A0E3641C671A183A42006C30F1F6
:108BB00048986082296A4EEB0A230EB4046D1A1895
:108BC000604B006E0BB2409A90F15CD80E1070F1C1
:108BD00046A0543208B449E490F19C9880DAC0F77A
:108BE000833481DA69C2046B68C26364A0E80065FB
:108BF000C80600A0280200A0E3645C6750F1109A48
:108C00000F2020F044A00B7202600F98F91706B4F1
:108C1000A8981A184BF60B6EF82A04B360D841D8FE
:108C20006364A0E8D0B7029DE01A039DA0E8006548
:108C30005C6770F146A2543206B349E306B368A3F9
:108C400060DA006B61DA69C2026B20E868C2006515
:108C5000280200A0F00900A05C6770F146A254321F
:108C600007B349E307B3698360DAC0F7633361DAB6
:108C7000006B69C2026B20E868C20065280200A090
:108C8000F00900A07C6770F146A3543206B449E4B1
:108C900070F170AB60DA006B61DA69C2046B20E8D6
:108CA00068C20065280200A07C6770F146A35432B8
:108CB00006B449E4D0F160AB60DA006B61DA69C2F6
:108CC000046B20E868C20065280200A07C6770F190
:108CD00046A3543206B449E4B0F174A360DA006BE1
:108CE00061DA69C2046B20E868C20065280200A04E
:108CF000C3641A18EEF40065C36406B4026D1A1852
:108D0000604B006E03B2609A03B268C24364A0E88D
:108D1000C80600A0F00900A0C36406B4026D1A18CA
:108D2000604B006E03B2609A03B269C24364A0E86C
:108D3000C80600A0F00900A0E36410B4156D1A186D
:108D4000604B006E1A183D5300650CB3009B01E2A6
:108D50001A183D53006543E804601A18A2410065E3
:108D6000F7171A183D53006503EA04601A18A24168
:108D70000065F7176364A0E8C80600A0F4641C67E8
:108D80002BB4156D1A18604B006E1A183A42006C1D
:108D900030F1489860822C730461014A30F148D860
:108DA00003101A185F410C6C1A18AC460065226754
:108DB00070F14098027217600572016103291A1858
:108DC0005F41016C1A183A42006C30F16898408398
:108DD000297203601A185F410E6C30F14898014AFD
:108DE00030F148D8061070F146A0543211B349E36F
:108DF000209A006A626711EB4834503597E50EB44B
:108E000095E5A19D04670725014A0572F3611A18CB
:108E10005F41386C056B683270334FE36DE022DBE5
:108E200003B2409A41DB40DB7464A0E8C80600A0AE
:108E3000280200A0880600A0F4641C6731B4046D09
:108E40001A18604B006E1A183A42006C30F14898BC
:108E500060822C730461014A30F148D803101A185B
:108E60005F410C6C28B4046D1A18604B006E1A1820
:108E70003A42006C30F1489860822C730461014AD8
:108E800030F148D803101A185F410C6C1A18AC4620
:108E90000065226770F140980272176005720161E7
:108EA00003291A185F41016C1A183A42006C30F11C
:108EB00068984083297203601A185F410E6C30F184
:108EC0004898014A30F148D8061070F146A0543253
:108ED0000EB349E3209A0BB2809A6F4483EB9867F4
:108EE000A19AFF4DB1E460DA81DA8DEB062B50F0E8
:108EF00038D805B2409A50F054D87464A0E80065A0
:108F0000C80600A0F80600A0280200A0F4641C67B0
:108F100029B4046D1A18604B006E1A183A42006C9E
:108F200030F1489860822C730461014A30F148D8CE
:108F300003101A185F410C6C20B4046D1A18604BB2
:108F4000006E1A183A42006C30F1489860822C7317
:108F50000461014A30F148D803101A185F410C6CC3
:108F600017B4046D1A18604B006E13B2609A8F43E9
:108F700063EC7867A19AFF4DADE380DA61DA70F1B6
:108F800026A091EC0DB2A0A2086E0DB21A188A515B
:108F9000E09A0CB3343125E340D9C0F7433241D9CC
:108FA00070F146A0543249E3006B69C2046B68C299
:108FB0007464A0E8C80600A0F80600A0D00900A0CC
:108FC000280200A0F4641C6714B4046D1A18604BE6
:108FD000006E12B2609A8F4363EC7867A19AFF4DDE
:108FE000ADE380DA61DA70F126A091EC006DC5671F
:108FF0001A188A51E5670AB3343125E340D9C0F71E
:10900000433241D970F146A0543249E3006B69C242
:10901000046B68C27464A0E8C80600A0280200A01F
:10902000F4641C671DB4046D1A18604B006E1A18A6
:109030003A42006C30F1489860822C730461014A16
:1090400030F148D803101A185F410C6C14B4156D38
:109050001A18604B006E11B2609A8F4363EC786708
:10906000A19AFF4DADE380DA61DA70F126A091ECB0
:109070000BB21A18BD51A09A0AB3343491E340DC04
:10908000006A41DC70F186A094348DE349C3156A0F
:1090900048C37464A0E80065C80600A0F80600A0F4
:1090A000280200A0F5641C672BB4046D1A18604BED
:1090B000006E1A183A42006C30F1489860822C73A6
:1090C0000461014A30F148D803101A185F410C6C52
:1090D00022B4126D1A18604B016E1A183A42006CD5
:1090E00030F1489860822C730461014A30F148D80D
:1090F00003101A185F410C6C19B4146D1A18604BE8
:10910000006E15B2609A8F4363EC7867A19AFF4DA9
:10911000ADE380DA61DA11B3209BC26710B06198C9
:10912000015312618086A0A11A18BD5104D640C116
:1091300060984F4363EA78678198FF4C8DE340D88D
:1091400061D801490496EA17022B4098EB2A75640E
:10915000A0E80065C80600A0F80600A0D00900A09D
:10916000F5641C6743B4046D1A18604B006E1A183E
:109170003A42006C30F1489860822C730461014AD5
:1091800030F148D803101A185F410C6C3AB4046DE2
:109190001A18604B006E1A183A42006C30F1489869
:1091A00060822C730461014A30F148D803101A1808
:1091B0005F410C6C31B4046D1A18604B006E1A18C4
:1091C0003A42006C30F1489860822C730461014A85
:1091D00030F148D803101A185F410C6C28B4046DA4
:1091E0001A18604B006E1A183A42006C30F1489819
:1091F00060822C730461014A30F148D803101A18B8
:109200005F410C6C1FB4046D1A18604B006E19B2EC
:10921000609A8F4363EC7867A19AFF4DADE380DAE3
:1092200061DA44676DEA042A50F058D850F054D8F7
:1092300070F126A013B2A0AA11B2C09A0EB2E09AA1
:109240000EB2409A04D21A18245A11EC0EB33431DB
:1092500025E340D9C0F7433241D970F146A05432DA
:1092600049E3006B69C2046B68C27564A0E80065DD
:10927000C80600A0F80600A0D00900A0180700A0AA
:1092800080D700A0280200A0F6641C6719B4046D02
:109290001A18604B006E17B2609A8F4363EC7867C0
:1092A000A19AFF4DADE380DA61DA44676DEA042AE2
:1092B00050F058D850F054D870F166A0006904D12D
:1092C00011ECB167D167F1671A18245A06D30AB4B2
:1092D000069374336DE440DBC0F7433241DB70F139
:1092E00046A0543249E429C2046B68C27664A0E8FF
:1092F000C80600A0280200A0F4641C6713B4046D23
:109300001A18604B006E11B2609A8F4363EC786755
:10931000A19AFF4DADE380DA61DA70F126A01A1848
:10932000715A11EC0AB3343491E340DCC0F7433294
:1093300041DC70F146A0543249E3006B69C2046B12
:1093400068C27464A0E80065C80600A0280200A0F6
:10935000F4641C6713B4046D1A18604B006E11B2EC
:10936000609A8F4363EC7867A19AFF4DADE380DA92
:1093700061DA70F126A01A187D5A11EC0AB3343460
:1093800091E340DCC0F7433241DC70F146A0543237
:1093900049E3006B69C2046B68C27464A0E80065AD
:1093A000C80600A0280200A0F4641C672DB4046D58
:1093B0001A18604B006E1A183A42006C30F1489847
:1093C00060822C730461014A30F148D803101A18E6
:1093D0005F410C6C24B4046D1A18604B006E1A18AF
:1093E0003A42006C30F1489860822C730461014A63
:1093F00030F148D803101A185F410C6C1BB4126D81
:109400001A18604B006E17B2809A6F4483EB98670E
:10941000A19AFF4DB1E460DA81DA8DEB22671D2B52
:1094200011B3809BA19B4F4483EAF867CF45D9E7EE
:1094300040DBC1DB01550F610CB080A140981A18C8
:10944000F85AA0826098414363EA786781988DE377
:1094500040D861D8E517012DEF2C7464A0E80065B1
:10946000C80600A0F80600A0D00900A0F5641C679B
:1094700037B4046D1A18604B006E1A183A42006C2B
:1094800030F1489860822C730461014A30F148D869
:1094900003101A185F410C6C2EB4046D1A18604B3F
:1094A000006E1A183A42006C30F1489860822C73B2
:1094B0000461014A30F148D803101A185F410C6C5E
:1094C00025B4126D1A18604B006E21B2809A6F4459
:1094D00083EB9867A19AFF4DB1E460DA81DA6DEC15
:1094E0000069262C1BB2809AA19ACF4483EEEF45E7
:1094F0007867FDE3C0DAE1DA01550260192D18241E
:1095000013B21A18715A80A20052126112B2A09AB4
:109510008145A3ECD867619A79E680DAC1DA0CB2AA
:1095200080A21A185F5A04D5049540C50149DA177C
:1095300070F146A0543209B449E420DA006B61DAD4
:1095400069C2046B68C27564A0E80065C80600A023
:10955000F80600A0D00900A0280200A0F4641C674F
:109560000EB4046D1A18604B006E70F126A00BB299
:109570001A18454E809A0AB3343491E340DCC0F7A0
:10958000433241DC70F146A0543249E3006B69C2BA
:10959000046B68C27464A0E8C80600A0280200A09A
:1095A000C3641A18644E00654364A0E8C3641A18C3
:1095B000974E00654364A0E8C3641A18B84E00656E
:1095C0004364A0E8F4641C670EB4126D1A18604B73
:1095D000006E70F126A00BB21A18DA4E80A20AB300
:1095E000343491E340DCC0F7433241DC70F146A0F3
:1095F000543249E3006B69C2046B68C27464A0E82A
:10960000C80600A0280200A0F4641C670DB4046D15
:109610001A18604B006E70F126A00AB21A18124F89
:10962000809A09B3343491E340DC006A41DC70F184
:1096300086A094348DE349C3126A48C37464A0E8D9
:10964000C80600A0280200A0C36406B4046D1A185E
:10965000604B006E03B21A183D5080A24364A0E82C
:10966000C80600A0E4641C670FB4046D1A18604BB0
:10967000006E0DB2809A0DB28EEA03224244045A63
:1096800004601A180B5000650B1070F1D0A8D0F1CF
:10969000E0A804D4006CA467FF4E1A181B86FF4F85
:1096A0006464A0E8C80600A0FFFFFF7FE3641C67B6
:1096B0001CB4046D1A18604B006E1A183A42006C04
:1096C00030F1489860822C730461014A30F148D827
:1096D00003101A185F410C6C13B4046D1A18604B18
:1096E000006E1A183A42006C30F1489860822C7370
:1096F0000461014A30F148D803101A185F410C6C1C
:109700000AB4046D1A18604B006E06B2809A06B255
:10971000A09A06B21A182051C09A6364A0E80065A6
:10972000C80600A0F80600A0D00900A0F4641C67D9
:1097300019B4046D1A18604B006E1A183A42006C86
:1097400030F1489860822C730461014A30F148D8A6
:1097500003101A185F410C6C10B4046D1A18604B9A
:10976000006E70F126A00CB2809A0CB21A18025149
:10977000A09A0BB3343491E340DCC0F7433241DCB0
:1097800070F146A0543249E3006B69C2046B68C2B1
:109790007464A0E8C80600A0F80600A0280200A093
:1097A000C3641A18AA4F00654364A0E8E3641C6709
:1097B00011B4046D1A18604B006E1A183A42006C0E
:1097C00030F1489860822C730461014A30F148D826
:1097D00003101A185F410C6C08B4046D1A18604B22
:1097E000006E05B2809A05B21A184B4FA09A6364B6
:1097F000A0E80065C80600A0F80600A05C6750F06D
:109800006C9A0B2B06B350F06CDA626750F00C4B7D
:1098100030F1909A81DB30F170DAA0E82D8C029D56
:109820005C67006B70F070DA70F06CDA70F068DA18
:1098300070F074DAA0E8006506B250A25632016BEF
:109840006CEA024A4C3204B349E304B320E860DA1C
:10985000FCEA00A000DE00A08400080088339034F9
:1098600091E309B291E251A440324032846C8DEA16
:1098700006B4A243AC35B5E440DD034B6C3371E470
:1098800020E840DCC0EA00A000DE00A008B390A3FE
:109890009632016DACEA024A4C3206B549E5C86D14
:1098A000A0DA206A4EEC20E890C30065FCEA00A034
:1098B00000DE00A0F56435B760A7026A6DEA40C714
:1098C00033B3006A50C333B152C120F046C120F017
:1098D0005AC131B09067006D606E05D31A1C29F132
:1098E00004D70593809B2DB24CEC81D82CB5A0D821
:1098F000829B4CEC83D8A2D8819B4CEC85D829B4B0
:1099000084D8639B4CEB67D886D865994CEB69D8B3
:1099100020F0A4A1A035A035886E6567CDEB68D88E
:1099200067994CEB6BD8C86C8DEDAAD866994CEB57
:109930006DD820F0A5A1A035A035ACD868994CEB26
:109940006FD8AED86A994CEB71D820F0B8A1A03589
:10995000A035ADEED0D86C994CEB73D8ADEC92D865
:109960006B994CEB75D820F099A18034803494D851
:109970006D994CEB77D896D8049760A7036A4BEAA9
:109980006CEA40C77564A0E8505288BFFCEA00A0AA
:10999000C0EA00A000DE00A0FFFFFF1F800008005B
:1099A00000000800C364E467C56707B270A2206CBA
:1099B0008CEB0223839A0110819A1A1C3FE7A76758
:1099C0004364A0E8FCEA00A00FB252A2026B6CEA6A
:1099D000172A0EB670A67635016FECED024DAC3548
:1099E0000BB7F5E541CD086A6CEA80348034022279
:1099F000C86A0110886A4DEC80DD286A4EEB70C69B
:109A0000A0E80065C0EA00A0FCEA00A000DE00A01B
:109A1000F6645C67E467656726670667095E01614F
:109A2000086803EB0160036723EBD86770F0D8C2C6
:109A3000906711EC0C248767B06707D206D304D671
:109A40001A1869A605D705970496069307921DE78D
:109A500070F0F0DA63E9016071670FE370F068DAC3
:109A6000042B0326016B70F079C206B390A3086A39
:109A70008DEA50C31A1872A690677664A0E8006554
:109A8000FCEA00A0F56445B280A2026B8DEB60C2D7
:109A900060A2036C8BEC8CEB60C2006F40B3E0DB28
:109AA00040B3E0DB80A2016B6DEC80C23EB208697E
:109AB00020DA20DA20DA20DAFF6C80DA3BB280DAB2
:109AC0003BB23CB48CEA4234FE6E8CEE3AB5C0DD5B
:109AD000823411EC39B580DD00F6423238B440DC16
:109AE00038B09067A767406E05D31A1C29F104D7D8
:109AF00040A005936DEA40C080A0116A4BEA8CEA51
:109B000040C040A02DEA40C080A0046A4DEC80C057
:109B100080A0036DABEDACEC80C090A06DEC90C06C
:109B2000B0A0106C8DEDB0C0B0A02DEDB0C0B0A055
:109B30004DEDB0C0B0A0036ECBEECCEDB0C020F0C8
:109B4000A0A06DED20F0A0C020F0A0A0ADEC20F012
:109B500080C020F080A08DE920F020C020F080A0FF
:109B60008DEA20F040C020F040A0CCEA20F040C0B8
:109B700015B20497E0DA5C6770F0FCC270F0FAC2CC
:109B80001A182DA605D311B280A205938DEB1A18D1
:109B900008A660C27564A0E8505288BF105288BF02
:109BA000305288BF005288BF205288BF00DE00A01C
:109BB000FFFFFF1F705288BFC05288BFD05288BFBE
:109BC000005388BF605288BF805088BF5C6770F0C8
:109BD0005AA2A0E88832903491E206B291E252A4EF
:109BE000206B6CEA022220E8439C20E8419C00653F
:109BF000C0EA00A05C6770F05AA22522B16413B6D7
:109C00008833903489E349E652A202684CE80E6535
:109C1000192822435637016ECCEFFDE1EC370CB624
:109C2000D9E701CE086F4CEFA035A0350227C86FE9
:109C30000110886FEDEDA0DE91E3686799E3286B72
:109C40006EEA52C63164A0E8C0EA00A000DE00A0BF
:109C50008833903491E308B291E252A45632016CF9
:109C60008CEA49E3024A4C3204B349E340A220E8BB
:109C70005E320065C0EA00A000DE00A04F44025A38
:109C8000FF6A0E60C364883390324DE306B26DE222
:109C9000B2A3026AADEA1A1817A652C3006A436457
:109CA000A0E80065C0EA00A08832903491E204B2D6
:109CB00091E272A46633016A20E86CEAC0EA00A06F
:109CC0008833903491E309B291E252A45232016E8A
:109CD000CCEA0222829C0110809C80DD49E34C3258
:109CE00003B349E320E842A2C0EA00A000DE00A0DE
:109CF0008833903491E308B291E252A45232016C5D
:109D00008CEA49E34C3205B349E340A25E3220E8D5
:109D10008EEA0065C0EA00A000DE00A0B16412B6C1
:109D20008833903481E301E652A05235016FECEDA7
:109D3000046F2267ECE9096526670CB6BDE3B0A0A5
:109D40000867EC37F9E6A035A035C86F0128886FA1
:109D5000EDEDA0DE8DE379E114692EEA52C631649F
:109D6000A0E80065C0EA00A000DE00A04F44025A4F
:109D7000FF6A1360883590336DE509B26DE2D2A3B6
:109D8000016ACDEA52C307B3943491E3846A40DC9C
:109D9000014DAC35ADE340DB006AA0E8C0EA00A0AD
:109DA00000DE00A0F7643C6780F50CB4409C0168BD
:109DB0000CEA09221A18255300651A18A1A6006595
:109DC00060F518B200DA60F510B3409B806C8CEA45
:109DD0000F2260F50CB2D0A2036DABEDACEED0C299
:109DE00020F0C0A2CCED20F0A0C240F510B280DA85
:109DF00040F504B4409C086C8CEA80F2062240F5E1
:109E000004B04098F06DACEAE0F1022A40988CEA88
:109E1000C0F11E2A40984A32016C8CEA11EA20F502
:109E200008B34C3249E340A24A320F6DACEA0D72DE
:109E300040F11A614098046C8CEA00F510B00222DF
:109E4000C2980110C09840A65E3270F040C190A048
:109E50009632016DACEA026D012A036DAC35E0F477
:109E600008B3B5E3A0A5BE350D25026D012A036D2B
:109E7000AC35C0F414B2B5E2C0F414B240DD206BCE
:109E80006EEC90C070F088990C2470F05499062202
:109E9000006C70F0A49940EA08D608961A1808A633
:109EA000006580A6606A8CEA00F10F2A80F414B580
:109EB000409D046C8CEA022202980110009841A097
:109EC0000672386140A08072E0F01F6142A083A05A
:109ED00080344DEC823291EA11EC0172086160F439
:109EE00014B266A0C7A0C0368267A0A22110027279
:109EF0000D61E0F00F2C60F400B2809A62A4A3A47C
:109F0000A03546A0C7A0C0366DED7910037204617C
:109F10001A1807F50405041090671A18225304054F
:109F20000052C0F0176166A0C7A0C0360494A267B3
:109F30006DEE661005720761016A70F05CC142A0A7
:109F400070F05BC1BE1009720D6102A01A181753A0
:109F500090671A182DA600651A1823A6006570F0E0
:109F60001AC1BB100872076146A0C7A0C03691672E
:109F700070F01A4C43102C2A60A01F6A6CEA062A63
:109F80001A1818530065DD6748CE1C100272A0F045
:109F9000016144A065A060334DEB0F6C8CEA035A5D
:109FA00080F018604834503249E4ECB449E452A2DD
:109FB000806C8CEB01234632016B6CEA7D6750C3E9
:109FC000006A51C346A0C7A0C0360404026D171032
:109FD0000B72076184A01A181A53A2A00052716074
:109FE00079100A7211611A181B5384A09D6750C41E
:109FF0000052706146A0C7A0C0360404016D4DEE4A
:10A000001A1884A600656910036B6BEB4CEB0173A7
:10A010005C6180A01F6B8CEB02735C6182A063A00B
:10A0200060338DEB572B64A00F6C6CEC035C5260BB
:10A03000806DABEDACEB0372096104231A181FA706
:10A04000006537101A185BA700653310C3B5883256
:10A05000903491E291E5122371A460336033A242FF
:10A06000AC35B9B6B5E660DD034A4C3249E660DA94
:10A0700072A40B6A4BEA6CEA52C41B10D2A4D2330E
:10A08000016DACEBB0A4A037E03775E2AC31AEB5F2
:10A0900025E5886DEDEDA0D9016DAEEB69E24C329E
:10A0A000A9B349E3C86DEDEDA0DA066A4BEA4CEEC0
:10A0B000D2C4A1A0036C8EED84A0015D1A181953BF
:10A0C000B8671A1823A6006508101A181E53866769
:10A0D000005203601A180EA60065A1B280A2216B7F
:10A0E0006BEB8CEB60C26910097267600172626190
:10A0F00094B3409B4A328CEA11EA4C3292B449E460
:10A1000081AAE0F31F6A8CEA70F080A101740B61F0
:10A1100070F054990422016C70F0A499C0EA1A18E6
:10A1200008A600654A1070F06C994723026711E891
:10A1300070F0A89906D5F06703ED0160E567C76781
:10A1400011EE07D67FB4409C046C8CEA7FB5836720
:10A150000222A29D0110A09DC7671A1C3FE708D7E5
:10A160000897E9E270F04CD90693FFE370F0E8D964
:10A1700008580161222F079303EB08601A180EA6F6
:10A18000006570F05499CB22006CC61770F054999A
:10A190000A2270F0A49940EA016C005204601A1877
:10A1A0000EA6006503101A1823A60065006A70F059
:10A1B00054D903101A180EA6006562B4409C4A32A6
:10A1C000016B6CEA4C3260B545E566B240D99A1035
:10A1D0005CB6409EF06C8CEA4C2A809E086DACEC1C
:10A1E000482470F09CA1062470F0BBA15EB4A0DCF2
:10A1F00070F05CC170F0689923230367095B01610B
:10A20000086870F050998267B06708D21A1869A67A
:10A2100009D309930FE370F068D9089209E270F04E
:10A2200050D90A2B506711EA0872066170F058A1E4
:10A230000322016A70F059C11A1872A69067621061
:10A2400070F059A10822006C1A1872A609D309935C
:10A2500070F079C10A1070F040A1542A70F054993E
:10A26000042270F0A49940EA016C1A1808A600654F
:10A27000491034B3809B92340F6A4CEC11EC4224A9
:10A28000809B92344CEC11EC03543C60809B086D35
:10A29000ACEC32B51A24809B92344CEC11EC88362D
:10A2A000903491E695E592A5026DACEC0724809B75
:10A2B00092344CEC1A1817A611EC2410809B92349F
:10A2C0004CEC1A181D5311EC1D10809B92344CEC71
:10A2D00011EC8836903491E695E5B2A5016CACECB2
:10A2E0000B24609B72334CEB11EB17B47435B5E45F
:10A2F000846A40DD42DD0610809B92344CEC1A18D3
:10A300001C5311EC086B0DB260DA0BB3409B046870
:10A310000CEA05221A182453006508B200DA13B2B9
:10A32000609A086C8CEB0423609AEF4C8CEB60DA3B
:10A330007764A0E8005288BF005288BF005388BFEE
:10A34000405288BF00DE00A0FCEA00A00000080028
:10A3500048A6039D000000A0C0EA00A0505288BF9C
:10A3600080000800605288BF401088BF8832903457
:10A3700091E204B291E272A4016A20E86CEA0065FD
:10A38000C0EA00A0E3641A1808A61C6770F0D4D8CD
:10A3900070F08CD870F0A8D870F0E4D86364A0E8AE
:10A3A000C3647C67456770F0D4DB70F0E4DB1A1897
:10A3B00084A6C2674364A0E8665F6F70656E0000A4
:10A3C0003A46524553554C5420665F6F70656E286F
:10A3D00046494C202A2C20636F6E737420544348E6
:10A3E0004152202A2C20425954452900665F636C53
:10A3F0006F7365003A46524553554C5420665F636F
:10A400006C6F73652846494C202A2900665F726587
:10A41000616400003A46524553554C5420665F72C1
:10A420006561642846494C202A2C20766F69642097
:10A430002A2C2055494E542C2055494E54202A2967
:10A4400000000065665F7772697465003A465245A0
:10A4500053554C5420665F77726974652846494CA1
:10A46000202A2C20636F6E737420766F6964202A13
:10A470002C2055494E542C2055494E54202A290051
:10A48000665F6C7365656B003A46524553554C5494
:10A4900020665F6C7365656B2846494C202A2C202A
:10A4A0004653495A455F742900000065665F74721F
:10A4B000756E6361746500003A46524553554C54BD
:10A4C00020665F7472756E636174652846494C201E
:10A4D0002A290000665F73796E6300003A46524590
:10A4E00053554C5420665F73796E632846494C205F
:10A4F0002A290000665F657870616E64000000655F
:10A500003A46524553554C5420665F657870616EEB
:10A51000642846494C202A2C204653495A455F74EA
:10A520002C20425954452900665F6765747300000A
:10A530003A5443484152202A665F67657473285431
:10A5400043484152202A2C20696E742C2046494CE5
:10A55000202A2900665F7075746300003A696E7482
:10A5600020665F707574632854434841522C20461E
:10A57000494C202A29000065665F707574730000DD
:10A580003A696E7420665F7075747328636F6E73BA
:10A5900074205443484152202A2C2046494C202AFA
:10A5A00029000065665F7072696E74660000006560
:10A5B0003A696E7420665F7072696E7466284649E7
:10A5C0004C202A2C20636F6E7374205443484152F0
:10A5D000202A2C202E2E2E2900000065665F74652F
:10A5E0006C6C00003A4653495A455F7420665F74AC
:10A5F000656C6C2846494C202A290000665F656F0F
:10A60000660000653A696E7420665F656F6628466D
:10A61000494C202A29000065665F73697A6500004D
:10A620003A4653495A455F7420665F73697A6528D4
:10A6300046494C202A290000665F6572726F7200DD
:10A640003A696E7420665F6572726F722846494C73
:10A65000202A2900665F6F70656E6469720000656C
:10A660003A46524553554C5420665F6F70656E6490
:10A67000697228444952202A2C20636F6E7374201B
:10A680005443484152202A2900000065665F636CEC
:10A690006F736564697200003A46524553554C54D5
:10A6A00020665F636C6F7365646972284449522049
:10A6B0002A290000665F7265616464697200006542
:10A6C0003A46524553554C5420665F726561646446
:10A6D000697228444952202A2C2046494C494E464A
:10A6E0004F202A2900000065665F66696E6466690E
:10A6F000727374003A46524553554C5420665F6657
:10A70000696E64666972737428444952202A2C2049
:10A7100046494C494E464F202A2C20636F6E737475
:10A72000205443484152202A2C20636F6E737420BA
:10A730005443484152202A2900000065665F66693B
:10A740006E646E65787400003A46524553554C5419
:10A7500020665F66696E646E65787428444952208D
:10A760002A2C2046494C494E464F202A2900006594
:10A77000665F7374617400003A46524553554C54F9
:10A7800020665F7374617428636F6E737420544322
:10A79000484152202A2C2046494C494E464F202AF7
:10A7A00029000065665F756E6C696E6B0000006560
:10A7B0003A46524553554C5420665F756E6C696E2F
:10A7C0006B28636F6E7374205443484152202A29CA
:10A7D00000000065665F72656E616D650000006572
:10A7E0003A46524553554C5420665F72656E616D12
:10A7F0006528636F6E7374205443484152202A2C9D
:10A8000020636F6E7374205443484152202A2900FC
:10A81000665F63686D6F64003A46524553554C5409
:10A8200020665F63686D6F6428636F6E7374205475
:10A8300043484152202A2C20425954452C20425949
:10A8400054452900665F7574696D65003A46524546
:10A8500053554C5420665F7574696D6528636F6E3F
:10A860007374205443484152202A2C20636F6E7326
:10A87000742046494C494E464F202A290000006565
:10A88000665F6D6B646972003A46524553554C548D
:10A8900020665F6D6B64697228636F6E73742054F9
:10A8A00043484152202A2900665F63686469720048
:10A8B0003A46524553554C5420665F63686469724A
:10A8C00028636F6E7374205443484152202A290034
:10A8D000665F636864726976650000653A46524552
:10A8E00053554C5420665F636864726976652863CB
:10A8F0006F6E7374205443484152202A290000652A
:10A90000665F676574637764000000653A46524588
:10A9100053554C5420665F676574637764285443CD
:10A92000484152202A2C2055494E542900000065E8
:10A93000665F6D6F756E74003A46524553554C54C0
:10A9400020665F6D6F756E74284641544653202A09
:10A950002C20636F6E7374205443484152202A2C7C
:10A960002042595445290000665F6D6B66730000F4
:10A970003A46524553554C5420665F6D6B667328BA
:10A98000636F6E7374205443484152202A2C204236
:10A990005954452C2044574F52442C20766F6964FB
:10A9A000202A2C2055494E5429000065665F6765B2
:10A9B00074667265650000653A46524553554C54BD
:10A9C00020665F6765746672656528636F6E737471
:10A9D000205443484152202A2C2044574F524420AF
:10A9E0002A2C204641544653202A2A29000000657B
:10A9F000665F6765746C6162656C00003A4652453B
:10AA000053554C5420665F6765746C6162656C28B1
:10AA1000636F6E7374205443484152202A2C205493
:10AA200043484152202A2C2044574F5244202A297F
:10AA300000000065665F7365746C6162656C0000A0
:10AA40003A46524553554C5420665F7365746C61A9
:10AA500062656C28636F6E737420544348415220C2
:10AA60002A290000893A029DB8A3029D0600000031
:10AA7000C0A3029D00000000253B029DECA3029DA7
:10AA800007000000F4A3029D00000000613B029D4E
:10AA90000CA4029D0600000014A4029D000000000A
:10AAA0002D3C029D44A4029D070000004CA4029D81
:10AAB00000000000F93C029D80A4029D07000000F8
:10AAC00088A4029D00000000653D029DACA4029D8B
:10AAD0000A000000B8A4029D00000000A13D029DF4
:10AAE000D4A4029D06000000DCA4029D000000002A
:10AAF000DD3D029DF4A4029D0800000000A5029D1A
:10AB000000000000793E029D28A5029D060000007D
:10AB100030A5029D00000000153F029D54A5029D36
:10AB2000060000005CA5029D00000000813F029D20
:10AB300078A5029D0600000080A5029D000000008F
:10AB4000ED3F029DA4A5029D08000000B0A5029D56
:10AB500000000000A139029DDCA5029D0600000056
:10AB6000E4A5029D00000000D939029DFCA5029DCC
:10AB70000500000004A6029D00000000193A029D95
:10AB800018A6029D0600000020A6029D00000000FD
:10AB9000513A029D38A6029D0700000040A6029D82
:10ABA000000000002D40029D54A6029D09000000F7
:10ABB00060A6029D000000009940029D8CA6029DA7
:10ABC0000A00000098A6029D00000000D540029DEA
:10ABD000B4A6029D09000000C0A6029D000000006E
:10ABE0004141029DE8A6029D0B000000F4A6029DD3
:10ABF000000000000D42029D3CA7029D0A000000DB
:10AC000048A7029D000000007942029D70A7029DA6
:10AC10000600000078A7029D00000000E542029DAA
:10AC2000A4A7029D08000000B0A7029D000000003C
:10AC30002143029DD4A7029D08000000E0A7029DC9
:10AC4000000000008D43029D10A8029D0700000037
:10AC500018A8029D000000002944029D44A8029DFE
:10AC6000070000004CA8029D000000009544029DD2
:10AC700080A8029D0700000088A8029D0000000037
:10AC8000D144029DA8A8029D07000000B0A8029D23
:10AC9000000000000D45029DD0A8029D09000000A3
:10ACA000DCA8029D000000004945029D00A9029D0C
:10ACB000080000000CA9029D00000000B545029D9F
:10ACC00030A9029D0700000038A9029D0000000085
:10ACD0005146029D68A9029D0600000070A9029DD0
:10ACE000000000001D47029DACA9029D0900000064
:10ACF000B8A9029D00000000B947029DF0A9029D7D
:10AD00000A000000FCA9029D000000005548029DB9
:10AD100034AA029D0A00000040AA029D0000000023
:10AD20000000000000000000000000000000000023
:10AD30000000000046465F4D494E5F5353000065DA
:10AD400046465F4D41585F535300006546465F538A
:10AD5000464E5F425546000046465F4C464E5F42B7
:10AD600055460000006500658000000000000000FE
:10AD7000340000000000000000000000000000009F
:10AD8000000000000000000034AD029D090000003A
:10AD90000008000000000000340000000000000077
:10ADA00000000000000000000000000000000000A3
:10ADB00040AD029D090000000C00000000000000F2
:10ADC000340000000000000000000000000000004F
:10ADD00000000000000000004CAD029D0A000000D1
:10ADE000FF00000000000000340000000000000030
:10ADF0000000000000000000000000000000000053
:10AE000058AD029D0A000000000000000000000094
:10AE10000000000000000000000000000000000032
:10AE20000000000000000000000000000000000022
:10AE300084F0FF646667276780F410905D6780F494
:10AE400054AA40F40CD2E2324232EFF7106C8CEA92
:10AE50008AEA3861866760F400D31A1C83EAA76720
:10AE600060F40093092240F40C9304D360F4189426
:10AE700021F108B5036E1A10836721F118B621F18C
:10AE800018B71A1C83EAB1670052086040F40C94AA
:10AE900004D460F4189401F108B5071040F40C953F
:10AEA00004D560F41894E1F01CB5046E80F40C979E
:10AEB0001A18FBF30065226502B200EA41670065DB
:10AEC00093B7029D414016222850006A40F414D2E4
:10AED0005867162ADF4A80F408948CEA47720661A4
:10AEE00001F0006A40F40C95ACEA0922D94840F41C
:10AEF00014D00510006A40F414D2066801102768C7
:10AF0000006A9D6759C4006A20F410D2C0F722324B
:10AF1000006D40F418D5062281F00CB24EE92D6A7E
:10AF200040F418D2836720F408061A1C16EBB167A8
:10AF3000226740F408D3860340F410D340F4109500
:10AF400020F418D520F4089220F40C9340F400D299
:10AF500040F404D3826741F01CB641F01CB71A1CC0
:10AF600083EAA367362240F4009440F4049541F04C
:10AF70000CB641F00CB71A1C77CA0065826720F442
:10AF800008061A1C16EBA36720F400D220F404D3A1
:10AF9000826721F010B621F010B71A1CC8CCA36745
:10AFA000826701F018B601F018B71A1CA8D8A36779
:10AFB00082671A1C92F2A367304A40F4109440C48E
:10AFC00020F41092014A20F410D2FF4C40F410D427
:10AFD000B51780F40893477320F208604853066061
:10AFE0004573A0F00F6046730C60241380F408943E
:10AFF00066740760677400F21960657400F31A6183
:10B00000A11020F4109500F01A02132540F400D28C
:10B0100020F41893014B20F418D300F2190320F404
:10B02000189463EC0D6020F41894608460C2014AA7
:10B03000ED17306ABD675AC500F01B0340F400D31A
:10B04000072801F0006A40F40C948CEA60F31222A5
:10B0500040F40095014D20F418D52E6A40F4009379
:10B0600040C340F4089540F70CB640F70CB71A1CE3
:10B0700083EA91675022392040F4089520F71CB6E6
:10B0800020F71CB71A1CA8D89167826720F4000625
:10B090001A1C16EBA36740F408D320F41894014C53
:10B0A00040F400D420F4009420F404951A1C92F289
:10B0B0002267304A20F4189540C5FF48916740F454
:10B0C0000895E0F610B6E0F610B70A201A1C83EADD
:10B0D000006520F3182240F4009320F418D3CC1715
:10B0E0001A1C83EA00652022041020F4189440F40E
:10B0F00000D440F40092FF4A04D2006A05D291675E
:10B1000040F4089500F01A071A1854F1C26720F4A9
:10B1100018D200680D1020F4189540F400D500F006
:10B120001A0220F418D2041000F01A0420F418D4E3
:10B1300040F400920DE26AEA80F20060306C80C256
:10B14000014AF917006D40F41CD520F410924B22EF
:10B1500040F41092014A40F410946184BD677AC5AE
:10B16000082801F0006C40F40C936CEC00F01B0319
:10B170000C242E6B9D677BC4070307104467A3EC68
:10B180002860808480C3FF48014B40F400D300F264
:10B1900019058142F328A3EC00F01A0520F418D514
:10B1A0001C6000F610B140F40093FF4B04D34182C1
:10B1B00005D200F604B520F4100600F01A071A189C
:10B1C00054F1916720F418D2E0F50CB340F408D3A1
:10B1D000041000F01A0420F418D420F41092FF4A4E
:10B1E00020F410D2671040F40895C0F508B6C0F5F9
:10B1F00008B71A1C83EA91674722016A4BEA20F4D8
:10B2000010D240F40895A0F514B6A0F514B71A1C96
:10B21000A8D89167826720F400061A1C16EBA36772
:10B22000226740F408D320F4009220F4049320F421
:10B2300018D220F41CD3826760F518B660F518B7F1
:10B240001A1C83EAA367042A20F41092FF4AD71736
:10B2500020F4189420F41C951A1C92F20065304AD0
:10B260007D675AC3062801F0006A40F40C948CEA0A
:10B270005B222E6ABD675BC5070240F400D200F076
:10B280001A0320F418D31610306A9D675AC40B288D
:10B2900001F0006A40F40C95ACEA00F01B0340F4A6
:10B2A00000D340F21E222E6A9D675BC4070540F45E
:10B2B00000D5571240F40895E0F418B6E0F418B73A
:10B2C0001A1C83EA91675F224C2040F40895E0F451
:10B2D0000CB6E0F40CB71A1CA8D89167826720F46A
:10B2E00000061A1C16EBA367226740F408D340F44B
:10B2F0000092014A40F400D220F4009420F4049516
:10B300001A1C92F2FF48304A40F40093FFF75FC3E3
:10B310001E2040F4089580F41CB680F41CB71A1C5B
:10B3200083EA9167D22A2F1040F4089580F404B67E
:10B3300080F404B71A1C83EA916700F2092200F036
:10B340001A0420F418D400F01B0540F400D540F492
:10B35000089560F400B660F400B71A1C83EA9167A0
:10B36000112240F40092FF4A04D2006A05D240F450
:10B37000089520F4100620F418971A1854F19167D4
:10B3800020F418D2006840F4009201E20AEA046056
:10B39000306B60C2014AFA1740F41C92152201F08A
:10B3A000006A40F40C936CEA0F2A20F4189403EC22
:10B3B0000460FF4840803072F86040802E72B867A9
:10B3C000015D586743E0014820F4109280F408932F
:10B3D00060C0005282402B6B02604BEA2D6B61C053
:10B3E0000A521E6100F41C03C367FF4B0A6DBAEAE0
:10B3F000012DE5E810EF304FE0C3BAEA012DE5E892
:10B4000012EA0A52F260304AFFF75FC34F436467A3
:10B41000C3EA00F11360608260C4014C014AF7176F
:10B42000306B60C46244304A41C40811012801688D
:10B4300020F4109242E81561032200F01A0219105C
:10B4400040F40895DBB6DCB71A1C83EA9167292221
:10B4500040F40895DDB6DEB71A1C83EA9167005206
:10B460002060FF4880F40894FE4C80F408D4016DFD
:10B470006A1640F410950DE520F418948FE340F41B
:10B4800000D36267014C20F418D400F2190420F4B0
:10B49000189583ED0D6020F41894608460C2014A11
:10B4A000E817306A7D675AC340F400D000F01B03F0
:10B4B00040F40094072C01F0006A40F40C95ACEACB
:10B4C00040F1142201432E6A40C340F40895B9B6F6
:10B4D000B9B71A1C83EA916780F0072240F4009202
:10B4E0006C2240F40895B5B6B5B71A1CA8D8916778
:10B4F000826720F400061A1C16EBA367226740F44B
:10B5000008D3014820F4009620F40497866760F47D
:10B5100000D660F404D71A1C92F2A767304AFFF7EE
:10B520005FC060F4009660F404978667A767A1B6D1
:10B53000A1B71A1C83EA0065292A20F41093D123AD
:10B54000251040F408959BB69BB760F400D01A1CF8
:10B5500083EA916760F40093202240F4089597B63F
:10B5600097B71A1CA8D89167826720F400061A1CA6
:10B5700016EBA36740F408D320F4009420F404955C
:10B580001A1C92F22267304A40C0014840F40094ED
:10B59000FF4C40F400D4D52C02100168291040F46F
:10B5A000089584B684B760F400D01A1C83EA9167CA
:10B5B00060F4009301681C220210706701684F4319
:10B5C00004D2006A05D2916740F4089500F01A078A
:10B5D00060F400D31A1854F1C26720F418D2006A3C
:10B5E00040F400D260F40093071070670168CC103B
:10B5F00000F01A0520F418D501F0006A40F40C940C
:10B600008CEA0A22436740F40095ADE36AEA1660CB
:10B61000306C80C2014AFA17112020F4189263EAB4
:10B620000460FF4B40833072F86040832E720660E6
:10B63000014B041000F01A0320F418D320F41894DE
:10B640008FE3BD67598500F01A07022200F0190741
:10B6500040F418920D2A026A40F40C948CEA0222FB
:10B660002B6A0610016A40F40C95ACEA0522206AA8
:10B67000FFF75FC7014BFF4F40F4149245E3086AA0
:10B6800040F40C944CEC40F408D480F40C9242E961
:10B6900018670924876760F418961A18EAF9A367EF
:10B6A000014A282A4210F620046A40F40C948CEADD
:10B6B00080F40C9437E460F418940D223BB660F4E7
:10B6C00000D360F404D71A1849F9006560F40093B8
:10B6D00060F404970C1036B660F400D360F404D71D
:10B6E0001A1849F9006560F4049760F40093014A60
:10B6F0001C22D01740F41495042D40F408930C2B11
:10B70000141060F4189440F4149528B61A1849F9E6
:10B710000065014AF22A0910082060F4189480F4A8
:10B720000C9223B61A1849F937E25167322080F497
:10B730000C922F1040F408951EB61FB71A1C83EA0E
:10B740009167DFF4162A00F01A0320F418D3F014DE
:10B7500000F01B0440F400D400F01A0520F418D5C2
:10B76000121600F01A0220F418D20D1640F40895B3
:10B7700010B611B760F400D31A1C83EA916760F425
:10B78000009300681FF71B2A00F01A0420F418D455
:10B79000331780F07F64A0E814D7039D18D7039D6A
:10B7A00020D7039D0000008030D7039D50D7039D14
:10B7B0000000000000000000000000000000244025
:10B7C0007B14AE47E17A843F2D431CEBE2361A3FEF
:10B7D000737973466F6E74303530380064726177F8
:10B7E0004C696E6500000065762C692C692C692C0B
:10B7F000692C6900647261774672616D650000654D
:10B8000064726177526563740000006564726177E9
:10B81000547269616E676C6500000065762C692C56
:10B82000692C692C692C692C692C69006472617718
:10B83000436972636C650000762C692C692C692C55
:10B840006900006564726177456C6C6970736500AE
:10B85000762C692C692C692C692C642C6900006594
:10B8600064726177536563746F720000762C692C83
:10B87000692C692C692C642C642C642C690000658B
:10B88000647261775368617065000065762C692C7D
:10B89000692C642C632A00006472617743686172CA
:10B8A00000000065762C6900666C6F6F6446696CF9
:10B8B0006C000065762C692C692C690067657452F0
:10B8C00065637400762C762A2C692C692C692C69A6
:10B8D000000000657075745265637400762C762ADA
:10B8E0002C692C692C690000706F7358000000658A
:10B8F0003A766F696420706F735828696E742920D6
:10B900005F6F725F20696E7420706F735828766F56
:10B9100069642900706F7359000000653A766F6999
:10B920006420706F735928696E7429205F6F725F8D
:10B9300020696E7420706F735928766F69642900CE
:10B94000666F6E745363616C650000653A766F696B
:10B950006420666F6E745363616C6528696E742928
:10B96000205F6F725F20696E7420666F6E74536320
:10B97000616C6528766F696429000065666F6E7476
:10B9800046636F6C000000653A766F696420666FED
:10B990006E7446636F6C28696E7429205F6F725FE6
:10B9A00020696E7420666F6E7446636F6C28766FC4
:10B9B00069642900666F6E7442636F6C00000065F5
:10B9C0003A766F696420666F6E7442636F6C2869A3
:10B9D0006E7429205F6F725F20696E7420666F6ECF
:10B9E0007442636F6C28766F69642900666F6E74A9
:10B9F000536574003A766F696420666F6E745365A0
:10BA00007428666F6E745F74202A29006C6F636BF4
:10BA10005363726F6C6C0000762C7600756E6C6FE1
:10BA2000636B5363726F6C6C000000652580029D30
:10BA3000DCB7029D08000000E8B7029D000000008E
:10BA40000581029DF4B7029D09000000E8B7029D40
:10BA500000000000E581029D00B8029D0800000082
:10BA6000E8B7029D000000005584029D0CB8029DBD
:10BA70000C0000001CB8029D000000009985029D8A
:10BA80002CB8029D0A00000038B8029D000000009A
:10BA90004986029D44B8029D0B00000050B8029DEB
:10BAA000000000006187029D60B8029D0A0000004E
:10BAB0006CB8029D00000000E588029D80B8029DE0
:10BAC000090000008CB8029D000000009989029DC9
:10BAD00098B8029D08000000A4B8029D0000000074
:10BAE000D989029DA8B8029D09000000B4B8029D42
:10BAF00000000000C582029DBCB8029D0700000046
:10BB0000C4B8029D00000000A583029DD4B8029D28
:10BB100007000000DCB8029D00000000598A029D69
:10BB2000E8B8029D04000000F0B8029D000000008B
:10BB3000AD8A029D14B9029D040000001CB9029D4B
:10BB400000000000018B029D40B9029D0900000029
:10BB50004CB9029D00000000518B029D7CB9029DF2
:10BB60000800000088B9029D00000000A58B029D1E
:10BB7000B4B9029D08000000C0B9029D0000000099
:10BB80000580029DECB9029D07000000F4B9029DFA
:10BB900000000000E17F029D0CBA029D0A00000037
:10BBA00018BA029D00000000F17F029D1CBA029DA0
:10BBB0000C00000018BA029D000000000000000008
:10BBC0000000000000000000000000000000000075
:10BBD000434F4C5F534F4C4944000065434F4C5F0B
:10BBE0004E4F4E4500000065434F4C5F494E564551
:10BBF00052540000434F4C5F5452414E535000008A
:10BC0000434F4C5F4752455935300000434F4C5F1E
:10BC10004752455932350000434F4C5F484C4E3532
:10BC200030000065434F4C5F484C4E333300006595
:10BC3000434F4C5F484C4E3235000065434F4C5FDC
:10BC4000564C4E3530000065434F4C5F564C4E33DA
:10BC500033000065434F4C5F564C4E323500006553
:10BC6000434F4C5F44474C3333000065434F4C5FB8
:10BC700044474C3235000065434F4C5F44524733D4
:10BC800033000065434F4C5F445247323500006536
:10BC9000434F4C5F53504C3333000065434F4C5F70
:10BCA00053504C3235000065434F4C5F5350523374
:10BCB00033000065434F4C5F5350523235000065EE
:10BCC0004F50525F434F5059000000654F50525F34
:10BCD0004F5200004F50525F584F52004F50525F2A
:10BCE000414E44004F50525F4E4F54000065006576
:10BCF0000000000000000000200100000000000023
:10BD00000000000000000000000000000000000033
:10BD1000D0B7029D0B000000FFFFFF7F0000000076
:10BD200024000000000000000000000000000000EF
:10BD30000000000000000000D0BB029D09000000D0
:10BD400000000000000000002400000000000000CF
:10BD500000000000000000000000000000000000E3
:10BD6000DCBB029D08000000FFFFFFFFFFFFFFFF9D
:10BD7000240000000000000000000000000000009F
:10BD80000000000000000000E8BB029D0A00000067
:10BD9000FEFFFFFFFFFFFFFF240000000000000088
:10BDA0000000000000000000000000000000000093
:10BDB000F4BB029D0A000000FDFFFFFFFFFFFFFF35
:10BDC000240000000000000000000000000000004F
:10BDD000000000000000000000BC029D0A000000FE
:10BDE000FCFFFFFFFFFFFFFF24000000000000003A
:10BDF0000000000000000000000000000000000043
:10BE00000CBC029D0A000000FBFFFFFFFFFFFFFFCD
:10BE100024000000000000000000000000000000FE
:10BE2000000000000000000018BC029D0900000096
:10BE3000FAFFFFFFFFFFFFFF2400000000000000EB
:10BE400000000000000000000000000000000000F2
:10BE500024BC029D09000000F9FFFFFFFFFFFFFF68
:10BE600024000000000000000000000000000000AE
:10BE7000000000000000000030BC029D090000002E
:10BE8000F8FFFFFFFFFFFFFF24000000000000009D
:10BE900000000000000000000000000000000000A2
:10BEA0003CBC029D09000000F7FFFFFFFFFFFFFF02
:10BEB000240000000000000000000000000000005E
:10BEC000000000000000000048BC029D09000000C6
:10BED000F6FFFFFFFFFFFFFF24000000000000004F
:10BEE0000000000000000000000000000000000052
:10BEF00054BC029D09000000F4FFFFFFFFFFFFFF9D
:10BF0000240000000000000000000000000000000D
:10BF1000000000000000000060BC029D090000005D
:10BF2000F3FFFFFFFFFFFFFF240000000000000001
:10BF30000000000000000000000000000000000001
:10BF40006CBC029D09000000F1FFFFFFFFFFFFFF37
:10BF500024000000000000000000000000000000BD
:10BF6000000000000000000078BC029D09000000F5
:10BF7000F0FFFFFFFFFFFFFF2400000000000000B4
:10BF800000000000000000000000000000000000B1
:10BF900084BC029D09000000EFFFFFFFFFFFFFFFD1
:10BFA000240000000000000000000000000000006D
:10BFB000000000000000000090BC029D090000008D
:10BFC000EEFFFFFFFFFFFFFF240000000000000066
:10BFD0000000000000000000000000000000000061
:10BFE0009CBC029D09000000EDFFFFFFFFFFFFFF6B
:10BFF000240000000000000000000000000000001D
:10C000000000000000000000A8BC029D0900000024
:10C01000ECFFFFFFFFFFFFFF240000000000000017
:10C020000000000000000000000000000000000010
:10C03000B4BC029D090000000000000000000000E8
:10C0400024000000000000000000000000000000CC
:10C050000000000000000000C0BC029D08000000BD
:10C0600001000000000000002400000000000000AB
:10C0700000000000000000000000000000000000C0
:10C08000CCBC029D06000000020000000000000081
:10C09000240000000000000000000000000000007C
:10C0A0000000000000000000D4BC029D070000005A
:10C0B0000300000000000000240000000000000059
:10C0C0000000000000000000000000000000000070
:10C0D000DCBC029D0700000004000000000000001E
:10C0E000240000000000000000000000000000002C
:10C0F0000000000000000000E4BC029D07000000FA
:10C10000000000000000000000000000000000002F
:10C11000000000000000000000000000000000001F
:10C120000000000000000000E3641C6722B4006D02
:10C130001A18604B016E1A183A42006C30F1489898
:10C1400060822C730461014A30F148D803101A1838
:10C150005F410C6C19B4046D1A18604B006E1A180C
:10C160003A42006C30F1489860822C730461014AB5
:10C1700030F148D803101A185F410C6C10B4146DDC
:10C180001A18604B006E70F106A014300DB201E277
:10C19000016A49C0006A48C007B2809A07B2A09AF3
:10C1A00007B21A1C29F1C09A40D8006A41D86364CA
:10C1B000A0E80065C80600A0F80600A0D00900A00D
:10C1C000280200A0E3641C6722B4006D1A18604BBB
:10C1D000016E1A183A42006C30F1489860822C7354
:10C1E0000461014A30F148D803101A185F410C6C01
:10C1F00019B4206D1A18604B016E1A183A42006C7F
:10C2000030F1489860822C730461014A30F148D8BB
:10C2100003101A185F410C6C10B4146D1A18604B9F
:10C22000006E70F106A014300DB201E2016A49C03F
:10C23000006A48C007B2809A07B2A09A07B21A1CD7
:10C240003FE7C09A40D8006A41D86364A0E800651F
:10C25000C80600A0F80600A0D00900A0280200A08F
:10C26000E3641C6722B4006D1A18604B016E1A1843
:10C270003A42006C30F1489860822C730461014AA4
:10C2800030F148D803101A185F410C6C19B4206DB6
:10C290001A18604B016E1A183A42006C30F1489837
:10C2A00060822C730461014A30F148D803101A18D7
:10C2B0005F410C6C10B4146D1A18604B006E70F175
:10C2C00006A014300DB201E2016A49C0006A48C0FC
:10C2D00007B2809A07B2A09A07B21A1810F8C09A4B
:10C2E00040D8006A41D86364A0E80065C80600A091
:10C2F000F80600A0D00900A0280200A0E3641C6793
:10C3000022B4206D1A18604B016E1A183A42006C64
:10C3100030F1489860822C730461014A30F148D8AA
:10C3200003101A185F410C6C19B4206D1A18604B79
:10C33000016E1A183A42006C30F1489860822C73F2
:10C340000461014A30F148D803101A185F410C6C9F
:10C3500010B4146D1A18604B006E70F106A0143002
:10C360000DB201E2006A49C0046A48C007B2809A6F
:10C3700007B2A09A07B21A1C47F2C09A40D8C0F779
:10C38000433241D86364A0E8C80600A0F80600A0C4
:10C39000D00900A0280200A0E3641C6722B4006D4D
:10C3A0001A18604B016E1A183A42006C30F1489826
:10C3B00060822C730461014A30F148D803101A18C6
:10C3C0005F410C6C19B4046D1A18604B006E1A189A
:10C3D0003A42006C30F1489860822C730461014A43
:10C3E00030F148D803101A185F410C6C10B4146D6A
:10C3F0001A18604B006E70F106A014300DB201E205
:10C40000016A49C0006A48C007B2809A07B2A09A80
:10C4100007B21A18CCFAC09A40D8006A41D86364AF
:10C42000A0E80065C80600A0F80600A0D00900A09A
:10C43000280200A0E3640DB4226D1A18604B016E4F
:10C440005C6770F106A2143009B201E2006A49C0CB
:10C45000146A48C005B21A1C99E7809A40D8006A4D
:10C4600041D86364A0E80065C80600A0280200A0C7
:10C47000E3641C6717B4026D1A18604B016E1A183A
:10C480003A42006C30F1489860822C730461014A92
:10C4900030F148D803101A185F410C6C0EB4226DAD
:10C4A0001A18604B016E70F106A014300BB201E255
:10C4B000016A49C0026A48C006B2809A06B21A1CD4
:10C4C00045E5A09A40D8006A41D86364A0E80065B9
:10C4D000C80600A0F80600A0280200A0E3641C67BC
:10C4E00022B4026D1A18604B016E1A183A42006CA1
:10C4F00030F1489860822C730461014A30F148D8C9
:10C5000003101A185F410C6C19B4226D1A18604B95
:10C51000016E1A183A42006C30F1489860822C7310
:10C520000461014A30F148D803101A185F410C6CBD
:10C5300010B4146D1A18604B006E70F106A0143020
:10C540000DB201E2016A49C0026A48C007B2809A8E
:10C5500007B2A09A07B21A1897F5C09A40D8006A95
:10C5600041D86364A0E80065C80600A0F80600A0F2
:10C57000D00900A0280200A0E3641C6717B4026D74
:10C580001A18604B016E1A183A42006C30F1489844
:10C5900060822C730461014A30F148D803101A18E4
:10C5A0005F410C6C0EB4226D1A18604B016E70F175
:10C5B00006A014300BB201E2016A49C0026A48C009
:10C5C00006B2809A06B21A18B9F7A09A40D8006A43
:10C5D00041D86364A0E80065C80600A0F80600A082
:10C5E000280200A0E3641C6722B4026D1A18604B95
:10C5F000016E1A183A42006C30F1489860822C7330
:10C600000461014A30F148D803101A185F410C6CDC
:10C6100019B4226D1A18604B016E1A183A42006C58
:10C6200030F1489860822C730461014A30F148D897
:10C6300003101A185F410C6C10B4146D1A18604B7B
:10C64000006E70F106A014300DB201E2016A49C01B
:10C65000026A48C007B2809A07B2A09A07B21A18B5
:10C660000EF7C09A40D8006A41D86364A0E800651C
:10C67000C80600A0F80600A0D00900A0280200A06B
:10C68000E3641C6717B4026D1A18604B016E1A1828
:10C690003A42006C30F1489860822C730461014A80
:10C6A00030F148D803101A185F410C6C0EB4226D9B
:10C6B0001A18604B016E70F106A014300BB201E243
:10C6C000006A49C0046A48C006B2809A06B21A1CC1
:10C6D000CEEAA09A40D8C0F7433241D86364A0E8BC
:10C6E000C80600A0F80600A0280200A0E3641C67AA
:10C6F00022B4026D1A18604B016E1A183A42006C8F
:10C7000030F1489860822C730461014A30F148D8B6
:10C7100003101A185F410C6C19B4226D1A18604B83
:10C72000016E1A183A42006C30F1489860822C73FE
:10C730000461014A30F148D803101A185F410C6CAB
:10C7400010B4146D1A18604B006E70F106A014300E
:10C750000DB201E2006A49C0046A48C007B2809A7B
:10C7600007B2A09A07B21A184BF6C09A40D8C0F781
:10C77000433241D86364A0E8C80600A0F80600A0D0
:10C78000D00900A0280200A0E3641C6717B4026D62
:10C790001A18604B016E1A183A42006C30F1489832
:10C7A00060822C730461014A30F148D803101A18D2
:10C7B0005F410C6C0EB4046D1A18604B006E70F182
:10C7C00006A014300BB201E2016A49C0026A48C0F7
:10C7D00006B2809A06B21A1860F6A09A40D8006A8B
:10C7E00041D86364A0E80065C80600A0F80600A070
:10C7F000280200A0E3641C6717B4026D1A18604B8E
:10C80000016E1A183A42006C30F1489860822C731D
:10C810000461014A30F148D803101A185F410C6CCA
:10C820000EB4046D1A18604B006E70F106A014303F
:10C830000BB201E2016A49C0026A48C006B2809A9E
:10C8400006B21A18F4FAA09A40D8006A41D8636474
:10C85000A0E80065C80600A0F80600A0280200A015
:10C86000E3641C6717B4226D1A18604B016E1A1826
:10C870003A42006C30F1489860822C730461014A9E
:10C8800030F148D803101A185F410C6C0EB4226DB9
:10C890001A18604B016E70F106A014300BB201E261
:10C8A000006A49C0146A48C006B2809A06B21A18D3
:10C8B00088F9A09A40D8006A41D86364A0E800656E
:10C8C000C80600A0F80600A0280200A0E3641C67C8
:10C8D00017B4226D1A18604B016E1A183A42006C98
:10C8E00030F1489860822C730461014A30F148D8D5
:10C8F00003101A185F410C6C0EB4226D1A18604BAD
:10C90000016E70F106A014300BB201E2006A49C05A
:10C91000146A48C006B2809A06B21A1892F9A09A10
:10C9200040D8006A41D86364A0E80065C80600A04A
:10C93000F80600A0280200A0E3641C6717B4226D6B
:10C940001A18604B016E1A183A42006C30F1489880
:10C9500060822C730461014A30F148D803101A1820
:10C960005F410C6C0EB4226D1A18604B016E70F1B1
:10C9700006A014300BB201E2016A49C0026A48C045
:10C9800006B2809A06B21A182DFAA09A40D8006A08
:10C9900041D86364A0E80065C80600A0F80600A0BE
:10C9A000280200A0E3641C6717B4026D1A18604BDC
:10C9B000016E1A183A42006C30F1489860822C736C
:10C9C0000461014A30F148D803101A185F410C6C19
:10C9D0000EB4226D1A18604B016E70F106A014306F
:10C9E0000BB201E2016A49C0026A48C006B2809AED
:10C9F00006B21A18D7F8A09A40D8006A41D86364E2
:10CA0000A0E80065C80600A0F80600A0280200A063
:10CA1000E3641C6717B4026D1A18604B016E1A1894
:10CA20003A42006C30F1489860822C730461014AEC
:10CA300030F148D803101A185F410C6C0EB4226D07
:10CA40001A18604B016E70F106A014300BB201E2AF
:10CA5000016A49C0026A48C006B2809A06B21A1832
:10CA6000CBF8A09A40D8006A41D86364A0E800657A
:10CA7000C80600A0F80600A0280200A0A0E80065F3
:10CA8000F4641A18AC461C67226770F1409807726C
:10CA90000461032148A10F7203601A185F41016C01
:10CAA00070F106A0143009B241E09067006D1A1CC5
:10CAB00029F1206E0F6A48C09167B0671A18924337
:10CAC000006E7464A0E80065280200A0F4641A18DF
:10CAD000AC461C67226770F140980772046103211D
:10CAE00048A10F7203601A185F41016C70F146A0F3
:10CAF00019B4543255E430F1609860DD006B61DDAB
:10CB00000F6EC8C569C5084A89E261DA62DA63DA7C
:10CB100064DA65DA91671A189243C3671A183A42C1
:10CB2000006C30F1489860822C730461014A30F146
:10CB300048D803101A185F410C6C1A18AC460065EF
:10CB400070F1609807730161032A1A185F41016C44
:10CB50007464A0E8280200A0F4641C6730F124A0EB
:10CB6000016A30F144C01A18CD4A006C70F146A039
:10CB700054320CB349E3A09A819A45678DEA0822A2
:10CB80004467856709B60AB71A1C83EAA267032AB5
:10CB90001A185F41376C30F124C07464A0E8006556
:10CBA000280200A0006500650000000000000000F1
:10CBB000F5641A18AC463C6705D270F140990772CB
:10CBC00005610593032348A30F7203601A185F41A0
:10CBD000016C70F146A1014A11EA70F146C1235A75
:10CBE00003611A185F41236C70F1A6A14DB0B435F2
:10CBF000B9E0006A10F144C1084D15E5006A41DD55
:10CC000042DD43DD44DD45DD49C61A184A4305943B
:10CC100070F186A1943491E0409C819C8DEA032AB6
:10CC20001A185F41356C1A183A42006C30F1489975
:10CC300080822C740461014A30F148D903101A181B
:10CC40005F410C6C70F146A1014A11EA70F146C1D6
:10CC5000235A03611A185F41236C70F186A1943442
:10CC600091E0006A49C410F144C11A18AC4600654D
:10CC700070F14099087203601A185F41066C70F1F8
:10CC800046A130F1689904D38F4211EC943491E0BD
:10CC9000809C30F188D9FE4A70F146C11A183A4298
:10CCA000006C30F1489980822C740461014A30F1A3
:10CCB00048D903101A185F410C6C1A18CD4A016C40
:10CCC00070F146A15434024A543591E01A18B74124
:10CCD000B5E070F146A1014A11EA70F146C1235A4C
:10CCE00003611A185F41236C70F1A6A1B435B5E059
:10CCF000006A49C510F144C130F1489940DD006A2D
:10CD000041DD05941A189243C26770F146A1FF4AAB
:10CD100070F146C1049330F168D97564A0E80065EC
:10CD2000280200A0C36412B4046D1A18604B006E90
:10CD30005C6770F186A294340EB291E20CB3409B12
:10CD4000216DABEDACEA619BA842C74D43ED58673E
:10CD5000FF4B69E2016B022A1A5D0161006B60DC26
:10CD6000C0F7633361DC4364A0E80065C80600A037
:10CD7000280200A0C36417B4046D1A18604B006E3B
:10CD80005C6770F1A6A213B4409C819C6842D84BAA
:10CD900043EBD867FF4C99E6022E0A5B0E61216BCC
:10CDA0006BEB6CEA6842C74B43EB586791E2016A50
:10CDB000022C1A5B0361006A0110016AB43506B3E4
:10CDC000ADE340DBC0F7433241DB4364A0E80065DC
:10CDD000C80600A0280200A0C36410B4046D1A188D
:10CDE000604B006E5C6770F166A20CB4409C819C45
:10CDF000097201610624206DAEEA8DEA015A586776
:10CE00000110016A743306B46DE440DBC0F74332AD
:10CE100041DB4364A0E80065C80600A0280200A02A
:10CE2000C36410B4046D1A18604B006E5C6770F137
:10CE3000A6A20CB4409C619C022B205A06617F6C18
:10CE40008EEA6DEA015A58670110016AB43506B3DB
:10CE5000ADE340DBC0F7433241DB4364A0E800654B
:10CE6000C80600A0280200A0C36410B4046D1A18FC
:10CE7000604B006E5C6770F1A6A2B4350CB2B5E2EF
:10CE80000AB3409B619B8842D84C43EC5867FF4BE8
:10CE900079E2016A006B022E0A5C0261006A006B93
:10CEA00040DD61DD4364A0E8C80600A0280200A0C0
:10CEB000C36410B4046D1A18604B006E5C6770F1A7
:10CEC000A6A2B4350CB2B5E20AB3409B619B88427E
:10CED000E74C43EC5867FF4B79E2016A006B022E86
:10CEE0005E5C0261006A006B40DD61DD4364A0E8C6
:10CEF000C80600A0280200A0C36410B4046D1A186C
:10CF0000604B006E5C6770F1A6A2B4350CB2B5E25E
:10CF10000AB3409B619B8842E84C43EC5867FF4B47
:10CF200079E2016A006B022E5F5C0261006A006BAD
:10CF300040DD61DD4364A0E8C80600A0280200A02F
:10CF4000C36410B4046D1A18604B006E5C6770F116
:10CF5000A6A2B4350CB2B5E20AB3409B619B8842ED
:10CF6000A74C43EC5867FF4B79E2016A006B022E35
:10CF70001A5C0261006A006B40DD61DD4364A0E879
:10CF8000C80600A0280200A0C36410B4046D1A18DB
:10CF9000604B006E5C6770F1A6A2B4350CB2B5E2CE
:10CFA0000AB3409B619B8842C74C43EC5867FF4BD8
:10CFB00079E2016A006B022E1A5C0261006A006B62
:10CFC00040DD61DD4364A0E8C80600A0280200A09F
:10CFD000C3641DB4046D1A18604B006E5C6770F179
:10CFE000A6A219B4409C619C8842E74C43ECD867E8
:10CFF000FF4B79E6022E0F5C1B618842CE4C43EC5E
:10D00000D86779E6022E075C13618842AD4C43EC89
:10D01000D86779E6022E065C0B6188428D4C43ECA2
:10D0200058676DE2016A022B045C0361006A01101B
:10D03000016AB43505B3ADE340DBC0F7433241DBF1
:10D040004364A0E8C80600A0280200A0C36413B48B
:10D05000046D1A18604B006E5C6770F1A6A20FB4E5
:10D06000409C619C8842FF4C43ECF867CF43D9E772
:10D07000022E055C0661206C8EEA6DEA015A586743
:10D080000110016AB43506B3ADE340DBC0F74332AB
:10D0900041DB4364A0E80065C80600A0280200A0A8
:10D0A000C36417B4046D1A18604B006E5C6770F1AE
:10D0B000A6A213B4409C819C6842D84B43EBD8672E
:10D0C000FF4C99E6022E0A5B0E61216B6BEB6CEA5A
:10D0D0006842C74B43EB586791E2016A022C065B3A
:10D0E0000361006A0110016AB43506B3ADE340DBA9
:10D0F000C0F7433241DB4364A0E80065C80600A0E6
:10D10000280200A0C3640BB4046D1A18604B006EB3
:10D1100008B21A18D2FA809A7C6770F166A3743349
:10D1200005B46DE440DBC0F7433241DB4364A0E863
:10D13000C80600A0280200A0C3640BB4046D1A182E
:10D14000604B006E08B21A18D8FA809A7C6770F1AA
:10D1500066A3743305B46DE440DBC0F7433241DBB2
:10D160004364A0E8C80600A0280200A0E3645C674E
:10D1700070F106A2143007B201E2006A49C0156AD4
:10D180001A183D5348C040D8006A41D86364A0E8EB
:10D19000280200A0E3641C6716B4156D1A18604BD2
:10D1A000006E1A183A42006C30F1489860822C7375
:10D1B0000461014A30F148D803101A185F410C6C21
:10D1C0000DB4156D1A18604B006E70F106A0143086
:10D1D0000AB201E2006A49C0086A48C005B2809AF2
:10D1E00005B21A18E1F9A09A40D861D86364A0E8A2
:10D1F000C80600A0F80600A0280200A0E3640DB451
:10D200000D6D1A18604B016E5C6770F106A2143048
:10D2100009B201E2006A49C0156A48C005B21A188D
:10D2200000E4809A40D8006A41D86364A0E80065B1
:10D23000C80600A0280200A0E3640DB4156D1A18FA
:10D24000604B016E5C6770F106A2143009B201E216
:10D25000006A49C0156A48C005B21A184D59809A2B
:10D2600040D8006A41D86364A0E80065C80600A001
:10D27000280200A0E3640DB42D6D1A18604B016EF6
:10D280005C6770F106A2143009B201E2016A49C07C
:10D29000026A48C005B21A183EF9809A40D8006A5E
:10D2A00041D86364A0E80065C80600A0280200A079
:10D2B000E3640DB4356D1A18604B016E5C6770F154
:10D2C00006A2143009B201E2016A49C0026A48C0EC
:10D2D00005B21A18FEFA809A40D8006A41D86364F1
:10D2E000A0E80065C80600A0280200A0E3641C674F
:10D2F00014B4046D1A18604B006E1A183A42006C90
:10D3000030F1489860822C730461014A30F148D8AA
:10D3100003101A185F410C6C0BB4226D1A18604B85
:10D32000016E09B2A09A419AADEA042207B41A1814
:10D3300070FA006503B21A185F41809A6364A0E82E
:10D34000C80600A0F80600A04873029D00650065AD
:10D350000000990F0000950F930F910F920F9C0FF3
:10D3600000009A0F980F960F940F090060000000BC
:10D3700000008B0F1200000014007100310000004B
:10D38000000000007A0073006100770032000000A6
:10D390000000630078006400650034003300000082
:10D3A0000000200076006600740072003500000066
:10D3B00000006E006200680067007900360000001F
:10D3C000000000006D006A007500370038000000A2
:10D3D00000002C006B0069006F0030003900000075
:10D3E00000002E002F006C003B0070002D0000009C
:10D3F00000000000270000005B003D00000000006E
:10D40000580059000D005D0000005C0000000000A5
:10D410000000000000000000000000000800000004
:10D420000000310000003400370000000000000060
:10D4300030002E0032003500360038001B00770027
:10D440009B0F2B0033002D002A0039000000000044
:10D450000000990F0000950F930F910F920F9C0FF2
:10D4600000009A0F980F960F940F09007E0000009D
:10D4700000008B0F1200000014005100210000007A
:10D48000000000005A005300410057004000000017
:10D490000000430058004400450024002300000021
:10D4A00000002000560046005400520025000000F5
:10D4B00000004E0042004800470059005E00000096
:10D4C000000000004D004A00550026002A00000020
:10D4D00000003C004B0049004F00290028000000DC
:10D4E00000003E003F004C003A0050005F0000008A
:10D4F00000000000220000007B002B000000000064
:10D50000580059000D007D0000007C000000000064
:10D510000000000000000000000000000800000003
:10D52000000031000000340037000000000000005F
:10D5300030002E0032003500360038001B00770026
:10D540009B0F2B0033002D002A0039000000000043
:10D550000000990F0000950F930F910F920F9C0FF1
:10D5600000009A0F980F960F940F090060000000BA
:10D5700000008B0F12005C001400710031000000ED
:10D58000000000007A0073006100770032000000A4
:10D590000000630078006400650034003300000080
:10D5A0000000200076006600740072003500000064
:10D5B00000006E006200680067007900360000001D
:10D5C000000000006D006A007500370038000000A0
:10D5D00000002C006B0069006F0030003900000073
:10D5E00000002E002F006C003B0070002D0000009A
:10D5F00000000000270000005B003D005C00000010
:10D60000580059000D005D002300230000000000B9
:10D6100000005C00000000000000000008000000A6
:10D62000000031000000340037000000000000005E
:10D6300030002E0032003500360038001B00770025
:10D640009B0F2B0033002D002A0039000000000042
:10D650000000990F0000950F930F910F920F9C0FF0
:10D6600000009A0F980F960F940F0900AAFF000070
:10D6700000008B0F12007C001400510021000000FC
:10D68000000000005A005300410057002200000033
:10D690000000430058004400450024009CFF0000A7
:10D6A00000002000560046005400520025000000F3
:10D6B00000004E0042004800470059005E00000094
:10D6C000000000004D004A00550026002A0000001E
:10D6D00000003C004B0049004F00290028000000DA
:10D6E00000003E003F004C003A0050005F00000088
:10D6F00000000000400000007B002B007C000000C8
:10D70000580059000D007D007E007E0000000000E2
:10D7100000007C0000000000000000000800000085
:10D72000000031000000340037000000000000005D
:10D7300030002E0032003500360038001B00770024
:10D740009B0F2B0033002D002A0039000000000041
:10D750000000990F0000950F930F910F920F9C0FEF
:10D7600000009A0F980F960F940F09000000000018
:10D7700000008B0F12000000140071003100000047
:10D7800000000000790073006100770032000000A3
:10D79000000063007800640065003400330000007E
:10D7A0000000200076006600740072003500000062
:10D7B00000006E006200680067007A00360000001A
:10D7C000000000006D006A0075003700380000009E
:10D7D00000002C006B0069006F0030003900000071
:10D7E00000002E002D006C0094FF7000E2FF00008E
:10D7F000000000000000000081FF000084FF000026
:10D80000580059000D002B0000002300000000000C
:10D8100000003C00000000000000000008000000C4
:10D82000000031000000340037000000000000005C
:10D8300030002E0032003500360038001B00770023
:10D840009B0F2B0033002D002A0039000000000040
:10D850000000990F0000950F930F910F920F9C0FEE
:10D8600000009A0F980F960F940F0900F8FF000020
:10D8700000008B0F12000000140051002100000076
:10D880000000000059005300410057002200000032
:10D890000000430058004400450024000000000040
:10D8A00000002000560046005400520025000000F1
:10D8B00000004E004200480047005A0026000000C9
:10D8C000000000004D004A0055002F002800000015
:10D8D00000003B004B0049004F003D0029000000C4
:10D8E00000003A005F004C0099FF50003F0000002C
:10D8F00000000000000000009AFF00008EFF000002
:10D90000580059000D002A0000000000000000002F
:10D9100000003E00000000000000000008000000C1
:10D92000000031000000340037000000000000005B
:10D9300030002E0032003500360038001B00770022
:10D940009B0F2B0033002D002A003900000000003F
:10D950000000990F0000950F930F910F920F9C0FED
:10D9600000009A0F980F960F940F0900FDFF00001A
:10D9700000008B0F12000000140061002600000060
:10D98000000000007700730071007A0082FF000041
:10D99000000063007800640065002700220000009A
:10D9A000000020007600660074007200280000006D
:10D9B00000006E0062006800670079002D00000022
:10D9C000000000002C006A0075008AFF5F00000064
:10D9D00000003B006B0069006F0085FF87FF0000BF
:10D9E00000003A0021006C006D007000290000006A
:10D9F0000000000097FF000000003D000000000054
:10DA0000580059000D00240000002A00000000000A
:10DA100000003C00000000000000000008000000C2
:10DA2000000031000000340037000000000000005A
:10DA300030002E0032003500360038001B00770021
:10DA40009B0F2B0033002D002A003900000000003E
:10DA50000000990F0000950F930F910F920F9C0FEC
:10DA600000009A0F980F960F940F09000000000015
:10DA700000008B0F12000000140041003100000074
:10DA8000000000005700530051005A00320000000F
:10DA900000004300580044004500340033000000FB
:10DAA00000002000560046005400520035000000DF
:10DAB00000004E00420048004700590036000000B8
:10DAC000000000003F004A00550037003800000009
:10DAD00000002E004B0049004F00300039000000CC
:10DAE00000002F0015004C004D005000F8FF000012
:10DAF000000000002500000000002B0000000000D6
:10DB0000580059000D009CFF0000E6FF00000000D7
:10DB100000003E00000000000000000008000000BF
:10DB20000000310000003400370000000000000059
:10DB300030002E0032003500360038001B00770020
:10DB40009B0F2B0033002D002A003900000000003D
:10DB5000C3640DB4086D1A18604B006E5C6770F1F9
:10DB600046A2543209B349E307B3809B80DA619B34
:10DB700007B48CEB61DA006B69C2086B68C243645E
:10DB8000A0E80065C80600A0280200A0FFFFFF7FF4
:10DB9000E3640DB4086D1A18604B006E5C6770F199
:10DBA00006A209B2809A1A1C7DE6A19A143007B425
:10DBB00011E440DC61DC006A49C4086A48C463645B
:10DBC000A0E80065C80600A0280200A0E3640DB428
:10DBD000086D1A18604B006E5C6770F106A209B2FE
:10DBE000809A1A1CDCE4A19A143007B411E440DCDA
:10DBF00061DC006A49C4086A48C46364A0E800653F
:10DC0000C80600A0280200A0E3640DB4086D1A182D
:10DC1000604B006E5C6770F106A209B2809A1A1C14
:10DC20001BE2A19A143007B411E440DC61DC006A05
:10DC300049C4086A48C46364A0E80065C80600A037
:10DC4000280200A0F4641C670EB4086D1A18604B1B
:10DC5000006E70F126A00BB2809A1A1820F6A19AD5
:10DC600009B4343125E440D961D970F146A0543269
:10DC700051E4006A49C4086A48C47464A0E80065B5
:10DC8000C80600A0280200A0F4641C670EB4086D4A
:10DC90001A18604B006E70F126A00BB2809A1A1809
:10DCA0000AF6A19A09B4343125E440D961D970F15A
:10DCB00046A0543251E4006A49C4086A48C47464F6
:10DCC000A0E80065C80600A0280200A0E3640DB427
:10DCD000086D1A18604B006E5C6770F106A209B2FD
:10DCE000809A1A1C55D4A19A143007B411E440DC70
:10DCF00061DC006A49C4086A48C46364A0E800653E
:10DD0000C80600A0280200A0F4641C6719B4086DBE
:10DD10001A18604B006E1A183A42006C30F148989D
:10DD200060822C730461014A30F148D803101A183C
:10DD30005F410C6C10B4086D1A18604B006E70F1E6
:10DD400026A00CB2809AA19A0BB2C09A1A18D4F4E9
:10DD5000E19A0AB4343125E440D961D970F146A082
:10DD6000543251E4006A49C4086A48C47464A0E8A3
:10DD7000C80600A0F80600A0280200A0F4641C67F2
:10DD80000EB4086D1A18604B006E70F126A00BB22D
:10DD9000809A1A1856F8A19A09B4343125E440D96A
:10DDA00061D970F146A0543251E4006A49C4086A4E
:10DDB00048C47464A0E80065C80600A0280200A05A
:10DDC000F4641C670EB4086D1A18604B006E70F195
:10DDD00026A00BB2809A1A1CA5C2A19A09B43431AC
:10DDE00025E440D961D970F146A0543251E4006A6B
:10DDF00049C4086A48C47464A0E80065C80600A065
:10DE0000280200A0E3640DB4086D1A18604B006E80
:10DE10005C6770F106A209B2809A1A1C89C3A19AA4
:10DE2000143007B411E440DC61DC006A49C4086ABC
:10DE300048C46364A0E80065C80600A0280200A0EA
:10DE4000E3640DB4086D1A18604B006E5C6770F1E6
:10DE500006A209B2809A1A18F3F9A19A143007B4ED
:10DE600011E440DC61DC006A49C4086A48C46364A8
:10DE7000A0E80065C80600A0280200A0F4641C67A2
:10DE80000EB4086D1A18604B006E70F126A00BB22C
:10DE9000809A1A18FAEDA19A09B4343125E440D9D0
:10DEA00061D970F146A0543251E4006A49C4086A4D
:10DEB00048C47464A0E80065C80600A0280200A059
:10DEC000F4641C670EB4086D1A18604B006E70F194
:10DED00026A00BB2809A1A18A6F0A19A09B4343180
:10DEE00025E440D961D970F146A0543251E4006A6A
:10DEF00049C4086A48C47464A0E80065C80600A064
:10DF0000280200A0F4641C670EB4086D1A18604B58
:10DF1000006E70F126A00BB2809A1A1864F8A19ACC
:10DF200009B4343125E440D961D970F146A05432A6
:10DF300051E4006A49C4086A48C47464A0E80065F2
:10DF4000C80600A0280200A0F5641C671BB4086D79
:10DF50001A18604B006E1A183A42006C30F148985B
:10DF600060822C730461014A30F148D803101A18FA
:10DF70005F410C6C12B4046D1A18604B016E70F1A5
:10DF8000E6A010B1F437FDE1006A49C70BB2809AF0
:10DF9000A19A0BB2C09A1A1C7EF104D7049740DFF5
:10DFA00061DF70F146A0543245E1006A49C1086A58
:10DFB00048C17564A0E80065C80600A0F80600A086
:10DFC000280200A0F4641C6719B4086D1A18604B8D
:10DFD000006E1A183A42006C30F1489860822C7337
:10DFE0000461014A30F148D803101A185F410C6CE3
:10DFF00010B4046D1A18604B006E70F126A00CB2BC
:10E00000809AA19A0BB21A1872F8C09A0AB43431E5
:10E0100025E440D961D970F146A0543251E4006A38
:10E0200049C4086A48C47464A0E80065C80600A032
:10E03000F80600A0280200A0F4641C670EB4086D66
:10E040001A18604B006E70F126A00BB2809A1A1855
:10E0500084F3A19A09B4343125E440D961D970F12F
:10E0600046A0543251E4006A49C4086A48C4746442
:10E07000A0E80065C80600A0280200A0F4641C67A0
:10E080000EB4086D1A18604B006E70F126A00BB22A
:10E09000809A1A1C40C2A19A09B4343125E440D9AF
:10E0A00061D970F146A0543251E4006A49C4086A4B
:10E0B00048C47464A0E80065C80600A0280200A057
:10E0C000F4641C6719B4086D1A18604B006E1A18B6
:10E0D0003A42006C30F1489860822C730461014A26
:10E0E00030F148D803101A185F410C6C10B4086D59
:10E0F0001A18604B016E70F126A00CB2809AA19A9A
:10E100000BB21A1C16EBC09A0AB4343125E440D97C
:10E1100061D970F146A0543251E4006A49C4086ADA
:10E1200048C47464A0E80065C80600A0F80600A012
:10E13000280200A0F4641C6719B4086D1A18604B1B
:10E14000006E1A183A42006C30F1489860822C73C5
:10E150000461014A30F148D803101A185F410C6C71
:10E1600010B4086D1A18604B006E70F126A00CB246
:10E17000809AA19A0BB2C09A1A1820EFE19A0AB4B9
:10E18000343125E440D961D970F146A0543251E4CC
:10E19000006A49C4086A48C47464A0E8C80600A0BC
:10E1A000F80600A0280200A0F4641C670EB4086DF5
:10E1B0001A18604B006E70F126A00BB2809A1A18E4
:10E1C0009EF6A19A09B4343125E440D961D970F1A1
:10E1D00046A0543251E4006A49C4086A48C47464D1
:10E1E000A0E80065C80600A0280200A0E3640DB402
:10E1F000086D1A18604B006E5C6770F106A209B2D8
:10E20000809A1A1C7AEDA19A143007B411E440DC0C
:10E2100061DC006A49C4086A48C46364A0E8006518
:10E22000C80600A0280200A0E3640DB4086D1A1807
:10E23000604B006E5C6770F106A209B2809A1A1CEE
:10E24000B7ECA19A143007B411E440DC61DC006A39
:10E2500049C4086A48C46364A0E80065C80600A011
:10E26000280200A0E3641C6717B4086D1A18604BFD
:10E27000006E1A183A42006C30F1489860822C7394
:10E280000461014A30F148D803101A185F410C6C40
:10E290000EB4086D1A18604B006E70F106A00AB239
:10E2A000809AA19A09B2C09A1A1C2ADDE19A143008
:10E2B00007B411E440DC61DC006A49C4086A48C460
:10E2C0006364A0E8C80600A0F80600A0280200A029
:10E2D0005C67D0F14CA2022A026A03100172056148
:10E2E000016A03B340DB03B340DBA0E8346088BFBE
:10E2F000146088BF5C67D0F14CA2022A026A031046
:10E3000001720561016A03B340DB03B340DBA0E89F
:10E31000386088BF146088BFC3641A18BDB8016C28
:10E320001A18BD51FF6D4364A0E80065F4640467EA
:10E33000A5E42AE80660016C1A18BD51A0A00148A6
:10E34000F8177464A0E80065C3645C6710F0B89ABD
:10E350001A18CBB80065016C1A18BD51FF6D016C1D
:10E360001A18BD51FF6D016C1A18BD51FF6D1F6B5E
:10E370006CEA056B6EEA015A436420E85867006551
:10E38000F4640467A5E42AE80760016C1A18BD511B
:10E39000FF6D40C00148F7177464A0E85C6790F017
:10E3A00074A20323ACF1086B011007B398EB12ECD5
:10E3B000E0F3086B7BEC012BE5E812EB90F164DAFB
:10E3C000A0E80065D0121300F4641C6790F1249853
:10E3D000E0F1146C1A18E7B80065016C1A18BD5109
:10E3E000FF6D11EAFF6B6EEA042290F1649801530D
:10E3F000F46090F124D8015A746420E858670065ED
:10E40000C4641A18B4B8016C1A18BD51FF6D1A18FB
:10E41000F2B80065052A1A18C6B804D20492011091
:10E42000016A4464A0E80065F664246705679E32CB
:10E430000922376C1A180AB9006D025A82674C60BB
:10E440007F6A4CE90C71586704D2232A016C406D35
:10E450001A18BD512DED00F602351A18BD51016C88
:10E460000237E235FF6E016CCCED06D61A18BD51AD
:10E4700005D7016C06960597A7671A18BD51CCED14
:10E48000016C0696B0671A18BD51CCED956D0E2142
:10E4900009101A18C6B800651A1800B90065FF6C93
:10E4A0001B22D4170871876D0160016D1A18BD51C8
:10E4B000016C0492042A016C1A18BD51FF6D0A68A0
:10E4C000016C1A18BD51FF6D826711EC91EA005280
:10E4D0000360FF4811E8F428766420E8446700658B
:10E4E00008F0F4641C6724671A18E7B8646C016CC0
:10E4F0001A18BD51FF6D11EAFF72066190F1449840
:10E500000152F560006A1010FE72006A0D61916799
:10E510001A18E0B80995016C1A18BD51FF6D016C0D
:10E520001A18BD51FF6D016A7464A0E87C67016A26
:10E53000062CF84A10F09CA38CEA10F05CC3A0E80B
:10E54000F6641C67016DA0F0062C1A184BB9006523
:10E55000026B6CEA626711EB80F01B2B1A18BDB8D6
:10E56000016C90F0B4C04EB14EB61A18D8F9B1672C
:10E570000A6B016CFF6D1A18BD5106D30693FF4B51
:10E5800011EBF72B006C1A180AB9A467017202602C
:10E5900000696A10C0F51C6C1A18E7B80065A0F194
:10E5A0000A6D1A180AB9086C017239610069016CA8
:10E5B0001A18BD51FF6D040331E340C401490471D1
:10E5C000F6617D6752A30172E36153A3AA72E06111
:10E5D00090F144980152056090F1649801530760EE
:10E5E000D71731B51A180AB9A96CF22AF5173A6C7F
:10E5F0001A180AB9006DCC2A0069016C1A18BD51AD
:10E60000FF6D040331E340C401490471F6617D6785
:10E6100050A3406B6CEA046927220C692510A96C91
:10E620001A180AB9006D025A03600269A96E021035
:10E630000169D16790F1449801520E6090F164989D
:10E640000153A66110F0B8981A180AB9106C015A53
:10E6500058674BEA4CE908108667006D1A180AB92A
:10E6600006D60696E72AEA171A18C6B8006590F08B
:10E6700038D80F2110F07CA0026A4BEA6CEA10F047
:10E680005CC0006A90F054C005B508B61A18D8F9F5
:10E69000016C10F0BCA0766420E8456780F0FA02B7
:10E6A000400D0300000000408096980008F0F464DC
:10E6B0003C67046A3C2C07673A2710F09CA1016A6A
:10E6C0004CEC036A342CA667086A90F078996CEADF
:10E6D000042A10F0589958EE12ED01700C611A18C6
:10E6E0000AB9116C1D2A10F0B8991A1838B9099492
:10E6F000015A186715101A180AB9126C112A10F06D
:10E70000B8991A1838B909940722099310F0589942
:10E710004DE309D3FF48F3280C6C1A180AB9006DB1
:10E720001A18C6B8006501581867016A0EEA7464C1
:10E73000A0E8006508F0F5643C67046A5C2C076794
:10E740005A2710F07CA1016C6CEC036A542C046A0B
:10E750004CEB026A502B90F05899086B4CEB042B51
:10E7600010F0789978EE12EE01701561186C1A1895
:10E770000AB9A6670222016837101A18F2B80065B4
:10E78000FA22016C1A18BD51FE6D1A18D2B80B94FA
:10E79000015A18672910066B6CEA0622976CB0675D
:10E7A0001A180AB904D60496196C1A180AB9A66779
:10E7B0001B2A1A18F2B800650F22016C1A18BD51F5
:10E7C000FC6D1A18D2B80B9407220B9310F05899CD
:10E7D0004DE30BD3FF48ED281A18F2B80065CB22A1
:10E7E000016C1A18BD51FD6D1A18C6B800650158A4
:10E7F0001867016A0EEA7564A0E80065F6641C6794
:10E80000046AE0F01E2C10F07CA0016A4CEB036A55
:10E81000E0F0172B0F5DE0F00D60A8357BB255E5F9
:10E82000409D00EA2667006565E8029D6DE8029D4F
:10E83000DFE8029DEBE8029DF5E9029DF5E9029D06
:10E84000F5E9029DF5E9029DF5E9029DF5E9029DD4
:10E8500085E9029D8DE9029DA9E9029DADE9029D30
:10E86000CFE9029D1A1800B900659B10096C1A18AF
:10E870000AB9006D02220168C01004041A1838B9E0
:10E88000106DF9227D6750A35A32017258A30E61B0
:10E8900097A33F6B8CEB60336033014BBD6799A549
:10E8A000403249E449E3403248326A105A32DD6767
:10E8B00077A3683369E2036C76A68CEB6033683328
:10E8C00069E2014AB5A60F6BACEBBAA6BE35ADE363
:10E8D000B9A6ACEC843491E3194C44EC511000F22D
:10E8E000006A10F058D840CE8710046A90F07898EB
:10E8F0006CEA1D228D6C1A180AB9006DBC2A016CD5
:10E900001A18BD51FF6D04041A1838B9106DB322DE
:10E910003068016C1A18BD51FF6DFF4811E8F928E5
:10E920009D677AA47233106A44EB40D96610096C73
:10E930001A180AB9006D9F2A04041A1838B9106D04
:10E940009A22026B90F058984CEBBD679AA55BA594
:10E950000B233F6B6CEC84345E3249E4014A7DA5A5
:10E960007A33FF4B44EB0C107C6B6CEC8B34014C1A
:10E97000036B4CEB6C33563249E3014A58EC12EA14
:10E9800040D93A1090F0589840C63610096C1A18C1
:10E990000AB9006D7FF70F2A9167106D1A1838B900
:10E9A0000065015A186729100A6CF1173A6C1A1899
:10E9B0000AB9006D5FF71F2A0068016C1A18BD5173
:10E9C000FF6D0DE140C301480470F7611510046A42
:10E9D00090F078986CEA5FF70E228D6C1A180AB9DD
:10E9E000006D5FF7082A016C1A18BD51FF6D916721
:10E9F000406DD4170468011000681A18C6B8006585
:10EA000050677664A0E8006528E8029D24F0F06471
:10EA100005672667469C38D2449A40EA026D032A6D
:10EA2000016A4BEA6213409326D3016A4BEA27D26C
:10EA300028D029D1006A2BD22CD22AD2226728933F
:10EA4000414328D2008305282794414480F2182AA4
:10EA50009F12FA29257060F21761424328D2418340
:10EA600025720A611A18C4F92604614280F205234E
:10EA7000257260F21C61E3172A7200689867042C03
:10EA8000434328D24283016860F608B48DE260A354
:10EA9000046DACEB0D232894FF4C28D428051A18DC
:10EAA00035EA0A6E35D22892614228D3408203109B
:10EAB00040F604B435D468720E60695205604C7239
:10EAC0002D6100F4006A25106C7214607172266169
:10EAD00001F0006A1E102893414328D240836872D7
:10EAE0000561424328D24183806B0210FF6B014BCA
:10EAF0006DE814102893414328D240836C7206615C
:10EB0000424328D2418301F0006BF21700F2006B00
:10EB1000EF174DE82892614228D34082BC4A355A0B
:10EB200020F209604832C0F514B369E2409A80EAE5
:10EB300013EC029D63EE029D63EE029D63EE029D67
:10EB400077EF029D77EF029D77EF029D77EF029DB1
:10EB500077EF029D77EF029D77EF029D1FEC029DFC
:10EB600077EF029D77EF029D77EF029D77EF029D91
:10EB700077EF029D27EC029D77EF029D77EF029DD4
:10EB800005EC029D77EF029D77EF029DC7EE029D97
:10EB900077EF029D77EF029D77EF029D77EF029D61
:10EBA00077EF029D77EF029D77EF029DD9EE029DF0
:10EBB00019EC029D63EE029D63EE029D63EE029DE1
:10EBC00077EF029D09EC029D77EF029D77EF029DA2
:10EBD00077EF029D77EF029DEFEE029D31EC029DF3
:10EBE00005EC029D77EF029D77EF029DAFEE029D4F
:10EBF00077EF029D2DEC029D77EF029D77EF029D4E
:10EC000005EC029D106E151002F0006A4DE8006ED2
:10EC1000101000F2006A4DE802F0006A061000F2DF
:10EC2000006A4DE8051000F2006A4DE80A6E011016
:10EC3000086E26041A18EFF83BD622673B96FFF6BB
:10EC40001E2A060533D5006A34D235933E231A189E
:10EC5000C4F926046267014A3B9635223594FF4C7D
:10EC600034D42B7302602D7311613392814233D4FB
:10EC700060C23495662526041A18C4F93BD662672B
:10EC8000014A3B965E223592FE4A34D2212E3073E1
:10EC90005B613392614233D3306B60C2349360F175
:10ECA0001E23260686671A18C4F93BD66267014AF6
:10ECB0003B9660F114223495FF4D216A4BEA6CEAD1
:10ECC000587227606F11359534D5016B6BEB3C267C
:10ECD0001076326130733495586760F10C2A3392A4
:10ECE000614233D3306B60C260F10225260686672D
:10ECF00039D51A18C4F93BD66267014A39953B9653
:10ED000040F11622FF4D216A4BEA6CEA587240F13D
:10ED1000126140F1092586671A18C4F939D562676E
:10ED2000014A399540F107223495FE4D4411107681
:10ED300020F11E60016B6BEB08760761086EF0B77F
:10ED40002410F52E016B6BEB0A6EEEB71E10876771
:10ED5000A3673AD33BD61A1860F639D73A933B9655
:10ED6000399717223392814233D460C234940F24EE
:10ED700026043BD61A18C4F939D76267014A3B9674
:10ED8000399703223495FF4D34D54143E02A016B76
:10ED90006BEB006A339440C4A14337D50725349206
:10EDA000014A34D227D32A92FF4A2AD201F0006ABC
:10EDB0000CEA36D202F0006A36930CEA0604A46725
:10EDC0007F4D354D0A2304221A18AEE50065031065
:10EDD0001A184CE80065006D0B1004221A18F6E8AA
:10EDE000006503101A1835EA0065A267006A006B17
:10EDF0002B94014C2BD434943596CEEC072C3792BF
:10EE0000015A38672BE9016A4DE91916016C0CECBF
:10EE10001FF6152C299436960626A44429D5809CE5
:10EE200040DC61DC1A1000F2006A0CEA042244445F
:10EE300029D2409C1110FF6A014A0CEA0522444481
:10EE400029D2409CA0CA0910806A4CE8444429D2C7
:10EE5000409C0220A0C20110A0DA2C92014A2CD2C0
:10EE6000EE15260383671A18EFF83AD322673A9310
:10EE7000FFF5052A35922ED22DD306042FD430D19A
:10EE8000806A31D232D1359580F019251A18C4F92B
:10EE900083676267014A80F012222E92FF4A2ED2C7
:10EEA0002B7380F00F602D7380F00C601B11260314
:10EEB00083671A18EFF83AD322673A93BFF51F2AEF
:10EEC00004D3016C1210260204D2026C016DD067CB
:10EED0001A1830EC3597B21587B23596CEEA022A69
:10EEE000016A35D2260204D2006CA467F017016AC9
:10EEF0000CEABFF5042A2A9301F0006C0CEC29926D
:10EF00000824844229D4409A60DAC0F7633361DA76
:10EF1000961500F2006C0CEC0424844229D4409A2B
:10EF20001110FF6C014C0CEC0524844229D4409A4A
:10EF300060CA8515806C8CE8844229D4409A0220EE
:10EF400060C27D1560DA7B156AB249E04082886B49
:10EF50006CEA260404221A18EFF800656F151A18D7
:10EF6000C4F90065614209234EE87FF5082027D2E5
:10EF70002A92FF4A2AD20169621501692BE95F15BD
:10EF8000409348AB806B6CEA032A1A189EF42695CE
:10EF9000014903292B945FF503242C92A610349584
:10EFA000016B6BEB34D5CA16016B6BEB006D031074
:10EFB0003495016B6BEB34D5106E53B7E616016BCD
:10EFC0006BEB90102D06EE651A18B9F48367626733
:10EFD000016D34D547B469E440A2046C8CEA072281
:10EFE0002D06EE651A18B9F483676267F3172E735E
:10EFF00011612D05ED652E6C1A18B9F40065626774
:10F000003CB449E440A2046C8CEA04222D06EE656F
:10F010008367F21732953496CBE501521E61216A5F
:10F020004BEA6CEA457219612D02EA651A18B9F4C7
:10F03000836762672D7202602B7206612D04EC6596
:10F040001A18B9F4836762672AB669E640A2046CAD
:10F050008CEA03222D05ED65F3172D02EA65006C9D
:10F060001A18B9F43AD33A93414308222E92014A2E
:10F070002ED22D9261DA649AFF4B64DA3293349582
:10F08000ABE3015227612D92659A014B65DA016B62
:10F090000CEB212B00F4006D0CED639A2F940325EB
:10F0A000A443A3DA061000F2006DACE8A443A3DA8F
:10F0B0000720009B1A182AFB006D40D861D8051064
:10F0C000009B1A182DFB006D40D82D92669A014BBB
:10F0D00066DA011001693094BFF411241A18F3E7BD
:10F0E0000065AD14006E34D6751720F07064A0E88A
:10F0F000E5B3039DFFFFFF7F30EB029DECE3039D33
:10F1000010E4039DF8E3039D256300004946533A4C
:10F110000000006500000065637364696F785875CE
:10F1200066466545614167476E70000025750000C1
:10F13000664665456141674700000065257300002C
:10F1400072000065722B000077000065772B0000CD
:10F1500061000065612B000077780000772B780054
:10F1600077782B007072696E74660000692C4363B7
:10F170002A2C2E00737072696E746600692C632AE3
:10F180002C43632A2C2E00007363616E66000065B9
:10F19000737363616E660000692C43632A2C4363BA
:10F1A0002A2C2E007075746368617200692C6900E6
:10F1B00070757463680000656765746368617200E8
:10F1C000692C760067657463680000656765746321
:10F1D000686500007075747300000065692C4363F6
:10F1E0002A0000656765747300000065632A2C635C
:10F1F0002A000065667072696E746600692C462A82
:10F200002C43632A2C2E0000667075746300006521
:10F21000692C692C462A0000707574630000006533
:10F220006670757473000065692C43632A2C462A46
:10F23000000000656667657463000065692C462AF6
:10F2400000000065676574630000006566676574AB
:10F2500073000065632A2C632A2C692C462A00005F
:10F2600066726561640000657A2C762A2C7A2C7AA5
:10F270002C462A0066777269746500007A2C437602
:10F280002A2C7A2C7A2C462A00000065666F70655D
:10F290006E000065462A2C43632A2C43632A000033
:10F2A00066636C6F7365000066666C75736800005A
:10F2B0006672656F70656E00462A2C43632A2C4384
:10F2C000632A2C462A000065736574627566000027
:10F2D000762C462A2C632A00736574766275660064
:10F2E000692C462A2C632A2C692C7A0072656D6F72
:10F2F0007665000072656E616D650000692C436380
:10F300002A2C43632A000065746D7066696C650081
:10F31000462A2C7600000065746D706E616D0000E9
:10F32000667365656B000065692C462A2C6C2C6938
:10F33000000000656674656C6C0000656C2C462AE4
:10F3400000000065726577696E640000762C462ABD
:10F350000000006566656F66000000656665727294
:10F360006F720000636C6561726572720000006507
:10F3700072756E00762C43632A000065E112029DCF
:10F3800064F1029D060000006CF1029D0000000087
:10F39000F112029D74F1029D070000007CF1029DB4
:10F3A000000000003113029D88F1029D050000005D
:10F3B0006CF1029D000000004D13029D90F1029D32
:10F3C0000600000098F1029D00000000F503029D78
:10F3D000A4F1029D07000000ACF1029D00000000B6
:10F3E000F503029DB0F1029D05000000ACF1029D05
:10F3F000000000009D0B029DB8F1029D0700000077
:10F40000C0F1029D000000009D0B029DC4F1029D11
:10F4100005000000C0F1029D00000000D902029D1D
:10F42000CCF1029D06000000C0F1029D000000002A
:10F430005905029DD4F1029D04000000DCF1029DFB
:10F4400000000000790C029DE4F1029D0400000020
:10F45000ECF1029D000000008D13029DF4F1029D6D
:10F4600007000000FCF1029D000000005D07029D06
:10F4700008F2029D0500000010F2029D000000004D
:10F48000C907029D18F2029D0400000010F2029DBF
:10F4900000000000D507029D20F2029D050000003B
:10F4A00028F2029D000000009505029D34F2029DA5
:10F4B000050000003CF2029D00000000DD05029DF9
:10F4C00044F2029D040000003CF2029D0000000096
:10F4D000C106029D4CF2029D0500000054F2029DFF
:10F4E00000000000E905029D60F2029D0500000099
:10F4F00068F2029D000000004108029D74F2029D26
:10F50000060000007CF2029D00000000D514029D60
:10F510008CF2029D0500000094F2029D00000000A4
:10F520001909029DA0F2029D060000003CF2029D16
:10F53000000000005909029DA8F2029D060000008B
:10F540003CF2029D00000000B915029DB0F2029D40
:10F5500007000000B8F2029D000000005D04029D5B
:10F56000C8F2029D06000000D0F2029D00000000DB
:10F57000A104029DD8F2029D07000000E0F2029D66
:10F58000000000009509029DECF2029D06000000BB
:10F59000DCF1029D00000000D109029DF4F2029D01
:10F5A00006000000FCF2029D000000003D0A029DE2
:10F5B00008F3029D0700000010F3029D0000000008
:10F5C000650A029D18F3029D06000000ECF1029D01
:10F5D00000000000A10A029D20F3029D050000002A
:10F5E00028F3029D000000002903029D34F3029DD0
:10F5F000050000003CF3029D000000007D0B029D11
:10F6000044F3029D060000004CF3029D0000000040
:10F61000B503029D54F3029D040000003CF2029DDC
:10F62000000000007D03029D5CF3029D06000000C7
:10F630003CF2029D000000006103029D64F3029D04
:10F64000080000004CF3029D000000000503029D2D
:10F6500070F3029D0300000074F3029D000000009F
:10F66000000000000000000000000000000000009A
:10F67000000000004E554C4C00000065454F460010
:10F68000464F50454E5F4D41580000655345454B30
:10F690005F534554000000655345454B5F43555249
:10F6A000000000655345454B5F454E440000006532
:10F6B00046494C454E414D455F4D4158000000655F
:10F6C00000000000000000006001000000000000D9
:10F6D000000000000000000000000000000000002A
:10F6E00074F6029D04000000FFFFFFFFFFFFFFFF15
:10F6F00024000000000000000000000000000000E6
:10F7000000000000000000007CF6029D03000000E5
:10F7100010000000000000002400000000000000B5
:10F7200000000000000000000000000000000000D9
:10F7300080F6029D090000000000000000000000AB
:10F740002600000000000000000000000000000093
:10F7500000000000000000008CF6029D0800000080
:10F760000100000000000000260000000000000072
:10F770000000000000000000000000000000000089
:10F7800098F6029D08000000020000000000000042
:10F790002600000000000000000000000000000043
:10F7A0000000000000000000A4F6029D0800000018
:10F7B0000004000000000000240000000000000021
:10F7C0000000000000000000000000000000000039
:10F7D000B0F6029D0C0000000000000000000000D8
:10F7E0000000000000000000000000000000000019
:10F7F0000000000000000000000000000000000009
:10F80000C3640DB4126D1A18604B006E5C6770F122
:10F8100046A2543209B349E3006B69C2156B68C252
:10F82000016B05B4809C64EC60DA006B61DA4364C0
:10F83000A0E80065C80600A0280200A0C36406B4C2
:10F84000046D1A18604B006E016B6BEB03B269C25A
:10F850004364A0E8C80600A0F00900A0C3640CB48B
:10F86000046D1A18604B006E5C6770F146A254324A
:10F8700008B349E306B3609BC0F763348EEB8FE3B4
:10F8800060DAC0F7633361DA4364A0E8C80600A019
:10F89000280200A0C3640CB4056D1A18604B006EFA
:10F8A0005C6770F146A2543208B349E306B3609B2B
:10F8B000C0F763348EEB8FE360DAC0F7633361DA4D
:10F8C0004364A0E8C80600A0280200A0C3640FB4E7
:10F8D000066D1A18604B006E5C6770F166A2743397
:10F8E0000BB26DE209B5819DC0F78332A09D4EED4C
:10F8F000C4674EEE53E583EDB8674BE6ABE280DBC1
:10F9000041DB4364A0E80065C80600A0280200A00F
:10F91000E3645C6770F106A2143008B201E2006A89
:10F9200049C0046A1A189CF948C040D8C0F743324D
:10F9300041D86364A0E80065280200A0C36406B44F
:10F94000046D1A18604B006E03B21A1835FA809ACB
:10F950004364A0E8C80600A0E3640DB4026D1A1861
:10F96000604B016E5C6770F106A2143009B201E2CF
:10F97000006A49C0086A48C005B2809A1A1880DC3B
:10F98000006D40D861D86364A0E80065C80600A097
:10F99000280200A0E3640DB4026D1A18604B016EDA
:10F9A0005C6770F106A2143009B201E2006A49C036
:10F9B000046A48C005B21A181BFB809A40D8C0F7E9
:10F9C000433241D86364A0E8C80600A0280200A022
:10F9D000E3640DB4026D1A18604B016E5C6770F140
:10F9E00006A2143009B201E2006A49C0056A48C0A3
:10F9F00005B21A1817FB809A40D8C0F7433241D895
:10FA00006364A0E8C80600A0280200A0E3640CB468
:10FA1000026D1A18604B016E5C6770F106A214301B
:10FA200008B201E2006A49C0066A48C004B21A1866
:10FA30001FFB809A40D861D86364A0E8C80600A084
:10FA4000280200A0E3641C6716B4026D1A18604B0C
:10FA5000016E1A183A42006C30F1489860822C739B
:10FA60000461014A30F148D803101A185F410C6C48
:10FA70000DB4026D1A18604BC56770F106A0143002
:10FA80000AB201E2006A49C0086A48C005B2809A19
:10FA900005B21A1880DCA09A40D861D86364A0E847
:10FAA000C80600A0F80600A0280200A0E3641C67B6
:10FAB00022B4026D1A18604B016E1A183A42006C9B
:10FAC00030F1489860822C730461014A30F148D8C3
:10FAD00003101A185F410C6C19B4026D1A18604BB0
:10FAE000C5671A183A42006C30F1489860822C734E
:10FAF0000461014A30F148D803101A185F410C6CB8
:10FB000010B4046D1A18604B006E70F106A014302A
:10FB10000DB201E2006A49C0056A48C007B2809A86
:10FB200007B2A09A07B21A18F6E8C09A40D8C0F7F0
:10FB3000433241D86364A0E8C80600A0F80600A0DC
:10FB4000D00900A0280200A0E3641C6722B4026D63
:10FB50001A18604B016E1A183A42006C30F148983E
:10FB600060822C730461014A30F148D803101A18DE
:10FB70005F410C6C19B4026D1A18604BC5671A18F6
:10FB80003A42006C30F1489860822C730461014A5B
:10FB900030F148D803101A185F410C6C10B4046D92
:10FBA0001A18604B006E70F106A014300DB201E21D
:10FBB000006A49C0156A48C007B2809A07B2A09A85
:10FBC00007B21A1835EAC09A40D8006A41D863646F
:10FBD000A0E80065C80600A0F80600A0D00900A0B3
:10FBE000280200A0E3641C6721B4026D1A18604B60
:10FBF000016E1A183A42006C30F1489860822C73FA
:10FC00000461014A30F148D803101A185F410C6CA6
:10FC100018B4026D1A18604BC5671A183A42006C86
:10FC200030F1489860822C730461014A30F148D861
:10FC300003101A185F410C6C0FB4046D1A18604B56
:10FC4000006E70F106A014300CB201E2006A49C0E7
:10FC5000066A48C006B2809A06B2A09A06B21A187E
:10FC6000AEE5C09A40D861D86364A0E8C80600A099
:10FC7000F80600A0D00900A0280200A0E3641C67D9
:10FC800021B4026D1A18604B016E1A183A42006CCA
:10FC900030F1489860822C730461014A30F148D8F1
:10FCA00003101A185F410C6C18B4026D1A18604BDF
:10FCB000C5671A183A42006C30F1489860822C737C
:10FCC0000461014A30F148D803101A185F410C6CE6
:10FCD0000FB4046D1A18604B006E70F106A014305A
:10FCE0000CB201E2006A49C0166A48C006B2809AA6
:10FCF00006B2A09A06B21A184CE8C09A40D861D849
:10FD00006364A0E8C80600A0F80600A0D00900A01F
:10FD1000280200A0E464006804D00BB4146D1A1823
:10FD2000604BD067040408B21A1859CCA09A5C67DB
:10FD300070F146A2543205B349E3049360DA01DA64
:10FD40006464A0E8C80600A0280200A0F5641C674F
:10FD5000006A04D21BB4146D1A18604BC2671A18DB
:10FD60003A42006C30F1489860822C730461014A79
:10FD700030F148D803101A185F410C6C12B4146D9E
:10FD80001A18604B006E70F146A010B1543249E170
:10FD9000016B69C2006B68C20BB2609A09B2409AEB
:10FDA00058EB04041A1859CC12ED70F146A05432E5
:10FDB00045E1049240D9006A41D97564A0E8006524
:10FDC000C80600A0F80600A0280200A0F5641C6781
:10FDD0001AB4006D1A18604B016E18B2409A04D222
:10FDE0001A183A42006C30F1489860822C73046112
:10FDF000014A30F148D803101A185F410C6C10B456
:10FE0000146D1A18604B006E70F146A00DB154329B
:10FE100049E1016B69C2006B68C2040408B21A1898
:10FE200059CCA09A70F146A0543245E1049240D9D1
:10FE3000006A41D97564A0E8C80600A0F80600A0D1
:10FE4000280200A0C46407B4006D1A18604B016E4C
:10FE500004B2409A04D21A1841CC04044464A0E8C5
:10FE6000C80600A014F0F6642567469C26D2449A82
:10FE7000016D40EA27D627930322006C1FD40E1091
:10FE8000016A4BEA131325740E602C951A1832F789
:10FE900027D31F92014A1FD227931B91A1411BD543
:10FEA0008081F12C27124181257200681361256C35
:10FEB0002C951A1832F727D302491BD11F94014CF5
:10FEC0001FD4EA172B720A61026A4DE81B95014D97
:10FED0001BD540852D72F661086AF7172072026102
:10FEE000016AF3172372036101F0006AEE173072A2
:10FEF0000261046AEA171B942A720360006C20D422
:10FF00000F10A443609B20D31B92014A1BD2418453
:10FF100000531760086B6DE820936BEB20D3111032
:10FF20008842D84C0A5C0C60209484318C3485E182
:10FF300049E1D04A20D21B95014D1BD54085F017D1
:10FF4000A3672E721E611B9441842A720360014CC8
:10FF5000006909106445209D1B94024C1B95428545
:10FF60000051116112106842D84B0A5B08602433BB
:10FF70002C3125E345E1D049014C4084F4176567F5
:10FF8000041065671B9401692BE96872A144D86766
:10FF9000062E41846872016A0A60406A0B106C7216
:10FFA0000D6141846C72106A056110F0006A4DE8C1
:10FFB000856701104DE84184014C0B10717203619B
:10FFC00010F0006A03104C720461806A4DE84184AD
:10FFD0008567014C1BD4026C0CEC0324026C8BEC87
:10FFE0008CE8086C0CEC0324056C8BEC8CE88842E4
:10FFF000C44C355C60F119608834A0F41CB5B1E4E0
:020000041D03DA
:10000000809C80ECDD00039DF701039DE901039DC9
:100010000502039DEB02039DEB02039DEB02039D92
:10002000EB02039DEB02039DEB02039DEB02039D9C
:10003000F100039D1D01039DEB02039DEB02039D57
:10004000EB02039DEB02039DFD00039DEB02039D6C
:10005000EB02039D0F01039DEB02039DEB02039D49
:10006000EB02039DEB02039DEB02039DEB02039D5C
:10007000EB02039DEB02039DEB02039DEB02039D4C
:100080004502039DE100039DFF01039DF101039DD6
:100090000D02039DEB02039DE100039DEB02039D16
:1000A000EB02039DEB02039DEB02039D9F02039D68
:1000B0003501039D2501039DEB02039DEB02039D8A
:1000C0006102039DEB02039D0501039DEB02039D6D
:1000D000EB02039DD900039D106A2D10106A4DE8B4
:1000E00001F0016A4BEA4CE8C06A4DE80A6C141052
:1000F000106A0DEA026731E8086D1A10106A0DEAFD
:10010000026731E8FEF71F6A4CE80A6A1410206A99
:100110000DEA026731E8106C1DD40E10206A0DEA5A
:10012000026731E801F0106A0DEA026731E8106DEC
:100130001DD50210086A1DD241410422FFF71B6A37
:100140004CE801100169C06A0CEA24D25067B1EA98
:100150002494005226240B60074B086A4BEA4CEBB0
:10016000A743014D21D5409B1CD2619B0A10106C06
:100170000CEC31EC4443072421D2609B1CD3C0F724
:1001800063331ED3BF10416C0CEC609B21D21CD397
:100190000424C0F763341ED4B510C0F763351ED5F0
:1001A000B1100B60074B086A4BEA4CEB4743014A1E
:1001B00021D2809B1CD4619B1510106C0CEC31EC8F
:1001C0004443062421D2609B1CD3006D1ED56B11C5
:1001D000416C0CEC609B21D21CD30324006A1ED21C
:1001E0006211006B1ED35F11206C0DEC046731E8C7
:1001F00000F4006C0D10206C0DEC046731E8FF6C0E
:10020000014C0610206C0DEC046731E800F2006C24
:100210000DEC046731E8074B086C8BEC6CEC674421
:10022000014BA19C809C18D419D51896199704D21B
:10023000209205D206D107D02C941A188CAB27D364
:10024000279354102443409B7D6720F040C304D083
:100250002C940805016E1A18FBF32097716746105D
:1002600084431CD4C09B012E94B6414102224667B0
:100270000A1086671A1C99E727D6279649E60610C2
:1002800080820424014AFF490051FA6004D02C9472
:10029000A667DBE21A18FBF320971C932710506720
:1002A000B1EA005244430760609B1F95A0DBC0F792
:1002B000A33481DB1910106C0CEC31EC0424609B2E
:1002C0001F9480DB1110406C0CEC31EC0424609B1B
:1002D0001F95A0CB0910016C8CE8609B03201F9434
:1002E00080C302101F95A0DB6267006A1F9451E46F
:1002F0001FD4D3152C9548AD406B6CEADFF5002A6E
:100300001F92D4101E920052C0F00B601C948BEA16
:10031000006B43EB1E95ABEB1CD258674BE31ED230
:10032000016B23D340F01F041AD422D41E92382A22
:100330001C926467836742221D949BEA012CE5E8C6
:1003400010EC0A540260304C0710206E0CEE31EEB7
:10035000576D0126376DB1E480C31D95BBEA012DB1
:10036000E5E812EAFF49FF4BE5171D92C0F743325B
:1003700025D21C941E951D961A185FD5E2670A5265
:100380001560304A229340C31C941E951D961A187E
:10039000B6D225971CD21ED3FF492294FF4C22D4FB
:1003A00022941C921E95ADEAE02A0810206C0CECF9
:1003B00031EC576B0124376B69E2E4175167FF4A50
:1003C000005205612FE44DE3306DA1C3F8170051D1
:1003D0005867015A58674BEA4CE927E4046A0CEA6B
:1003E00031EA2C221A936BE1209449E401F0006B6E
:1003F0000CEB0C231D950875056161813073066057
:10040000FF4A04101D9310730161FE4A24940624D0
:100410002395032D036B0CEB0123FF4A6267FF4B0F
:100420000053056153E171E4306DA1C4F817005227
:100430007867015B78676BEB6CEA47E101F0006A73
:100440000CEA18221D920872076141813072126015
:10045000306A40C1FF490E101D9310730B61206B71
:100460000CEB31EB786A0123586A40C1306AFFF720
:100470005FC1FE4924940A2423952D6A052D026A42
:100480000CEA31EA03222B6A40C1FF49014904D03A
:100490002C94B16718063BE61A18FBF320972193BA
:1004A0002517006B3E17006C23D43C1710F07664C0
:1004B000A0E800650400039D28D7039DD0FFBD2759
:1004C0000000BFAF25600500024705002558040065
:1004D000FE030D2442200400C077050025208E0075
:1004E00042280500C07608002128AE00FF0F013C1D
:1004F000FFFF21342460810101FCC7240B00E104CB
:10050000000000002338A601F9FF08250008013C7F
:100510002128A1000010013C236081012B700B00F9
:1005200023580B0023600C0023608E010800801507
:10053000FF03062403006015000000000D000010FA
:1005400000000D242560600100000B24E0FFAD25B4
:100550002048897107002011000000002368A901CC
:100560002250090006504B0104582B0104602C0155
:1005700025608A010400A4AF0800A5AF0C00A6AF57
:100580001000A7AF1400A8AF1800A9AF1C00AAAFB5
:1005900025200B0025280C0025300D000400A78F16
:1005A0000800A88F68E0400F0C00A98F2000A2AFC0
:1005B0002400A3AF2800B8AF25200200252803009F
:1005C00025301800253802002540030054EF400F65
:1005D0002548180025200200252803002530180092
:1005E0000300072401A0083C74EC400F6CDC0825D4
:1005F0002530180025280300252002002800AD8F93
:100600002400AC8F2000AB8F1C00AA8F1800A98F8C
:100610001400A88F1000A78F0100C6240400A4AF07
:100620000800A5AF0C00A6AF25200B0025280C0064
:1006300025300D00253802002540030054EF400FFF
:100640000C00A98F25200200252803002530180062
:1006500001A00F3C94DCEF251400AE8F80700E00DB
:100660002178EE012178EE012178EE010000E78D7E
:100670000400E88D74EE400F0800E98D256818002D
:1006800025600300255802001C00AA8F1800A98FBE
:100690001400A88F1000A78F0C00A68F0800A58F4C
:1006A0003A00E0100400A48F1E0406242048E970DC
:1006B0002330C9000438270172B1093CF7172935E6
:1006C0001900E9001220000010280000CFD1093CD9
:1006D000AC7929351900E9001250000010400000E3
:1006E000212088002B7088002128AE000A00A00479
:1006F000000000002A70400121504A012A78800041
:100700002120840021208E0025700F002128A500C3
:100710002128AE00FFFFC6242A70400121504A0163
:1007200021208E002B708E002128AE000400A4AF83
:100730000800A5AF0C00A6AF1000A7AF1400A8AF2B
:100740001800A9AF1C00AAAF25200B0025280C001B
:1007500025300D000400A78F0800A88F74EE400F0D
:100760000C00A98F25681800256003002558020099
:100770001C00AA8F1800A98F1400A88F1000A78F43
:100780000C00A68F0800A58F0400A48F25100B0075
:1007900025180C0025C00D000000BF8F0800E003E5
:1007A0003000BD27E0FFBD270000BFAFC03A050005
:1007B000427504000080013C2570C1012538EE001F
:1007C000C032040002450500FFFF0E25FE07C12DC3
:1007D00023002010000000000400A4AF0800A5AF13
:1007E0000C00A6AF1000A7AF1400A8AF252006008C
:1007F000252807002FC1400F253008002558180074
:1008000025500300254802001400A88F1000A78F70
:100810000C00A68F0800A58F0400A48FC222090037
:1008200040750A0025208E0040280A00022B050092
:1008300000750B002528AE00FF03012903002010DE
:10084000000000000080013C2528A10025100400C4
:10085000251805000000BF8F0800E0032000BD2719
:10086000407005002570C4012300C0110000000085
:1008700018000015000000002A70C0002130C600DA
:100880002138E7002138EE000800E01400000000E5
:100890000300C01400000000CFFF00100000082477
:1008A0002538C00000000624E0FF08252060EC7019
:1008B000C9FF80110000000023400C0122680C00D9
:1008C0000668A6010430860104388701C2FF0010C3
:1008D0002538ED000F80013CFFFF21342470A1007A
:1008E0002570C401D9FFC01100000000F8FF053CCD
:1008F000D6FF001000000424D4FF0010F0FF053CD8
:10090000E0FFBD270000BFAFC03A050042750400FC
:100910000080013C2570C1012538EE00C032040082
:1009200002450500FFFF0E25FE07C12D31002010F6
:10093000000000000400A4AF0800A5AF0C00A6AFA3
:100940001000A7AF1400A8AF252006002528070037
:100950002FC1400F25300800252002002528030064
:10096000253018002837073C9571E7345BDE083CDA
:10097000A9D8083554EF400FFD0309242558180065
:1009800025500300254802001400A88F1000A78FEF
:100990000C00A68F0800A58F0400A48F0004292551
:1009A00000042E2D21504E012B704E0121586E0156
:1009B000C222090040750A0025208E0040280A0046
:1009C000022B050000750B002528AE00FF0301294E
:1009D00003002010000000000080013C2528A10039
:1009E00025100400251805000000BF8F0800E00353
:1009F0002000BD27407005002570C4012300C011F0
:100A00000000000018000015000000002A70C0005F
:100A10002130C6002138E7002138EE000800E0143C
:100A2000000000000300C01400000000C1FF00101F
:100A3000000008242538C00000000624E0FF082537
:100A40002060EC70BBFF80110000000023400C010F
:100A500022680C000668A60104308601043887016C
:100A6000B4FF00102538ED000F80013CFFFF21345A
:100A70002470A1002570C401D9FFC011000000003E
:100A8000F8FF053CD6FF001000000424D4FF00103E
:100A9000F0FF053CD0FFBD270000BFAF4048050078
:100AA000424D0900C0420500426D040025400D0181
:100AB000C03A04000080013C25400101FF070124E9
:100AC0004C00211100000000FF03212D1400201014
:100AD000000000000400A4AF0800A5AF2520070017
:100AE0002528080054EF400F25300900252002007A
:100AF00025280300253018000600072401A0083C23
:100B000074EC400F14E80825254818002540030020
:100B1000253802000800A58F2A0000100400A48FC9
:100B20000400A4AF0800A5AF252007002528080071
:100B3000253009000CD7400F000007242548180075
:100B400025400300253802000800A58F0400A48F6B
:100B50002550070025580800256009001C00AAAF91
:100B60002000ABAF2400ACAF000004240080053CA3
:100B700068E0400FFF03062425200200252803001B
:100B8000253018001C00A78F2000A88F74EE400F9E
:100B90002400A98F254818002540030025380200AD
:100BA0002400AC8F2000AB8F1C00AA8F0800A58FFB
:100BB0000400A48FFFFF2925FF07212D140020101A
:100BC00000000000C2220700406D080025208D00B3
:100BD00040280800022B0500006D09002528AD0003
:100BE00025100400251805000000BF8F0800E00351
:100BF0003000BD27216808012568A7010400A01165
:100C00000000000000000424F5FF0010F8FF053C80
:100C100000000424F2FF0010F07F053CD0FFBD2748
:100C20000000BFAF40480500424D0900C04205002A
:100C3000426D040025400D01C03A04000080063CCE
:100C4000254006012430C500FF0701246B00211157
:100C500000000000FF03212D2600201000000000EE
:100C60000400A4AF0800A5AF0C00A6AF1000A7AF0A
:100C70001400A8AF1800A9AF2520070025280800F8
:100C800054EF400F253009002520020025280300DD
:100C9000253018000500072401A0083C74EC400F23
:100CA000DCE708251C00A2AF2000A3AF2400B8AFEA
:100CB0002520020025280300253018001000A78FEA
:100CC0001400A88F54EF400F1800A98F2548180072
:100CD00025400300253802002400AC8F2000AB8F94
:100CE0001C00AA8F0C00A68F0800A58F36000010EC
:100CF0000400A48F0400A4AF0800A5AF0C00A6AFA9
:100D00001C00AAAF2000ABAF2400ACAF2520070029
:100D100025280800253009000CD7400F00000724C3
:100D20002548180025400300253802002400AC8F18
:100D30002000AB8F1C00AA8F0C00A68F0800A58F87
:100D40000400A48F255007002558080025600900DD
:100D50001000A7AF1400A8AF1800A9AF000004242A
:100D60000080053C68E0400FFF0306241C00A2AF92
:100D70002000A3AF2400B8AF2520020025280300DF
:100D8000253018001000A78F1400A88F79F0400FAD
:100D90001800A98F254818002540030025380200B7
:100DA0002400AC8F2000AB8F1C00AA8F0C00A68FF4
:100DB0000800A58F0400A48FFFFF2925FF07212D20
:100DC0001500201000000000C2220700406D08003E
:100DD00025208D0040280800022B0500006D090029
:100DE0002528AD002528A60025100400251805009B
:100DF0000000BF8F0800E0033000BD2740680800F6
:100E00002568A701F7FFA0110000000000000424DE
:100E1000F4FF0010F8FF053C00000424F1FF00106F
:100E2000F07F053CD0FFBD270000BFAF4048050064
:100E3000424D0900C0420500426D040025400D01ED
:100E4000C03A04000080063C254006012430C5005D
:100E5000FFFF2D25FE07A12D6600201000000000D9
:100E6000FF03212D26002010000000000400A4AF85
:100E70000800A5AF0C00A6AF1000A7AF1400A8AFE4
:100E80001800A9AF252007002528080054EF400FBF
:100E900025300900252002002528030025301800F0
:100EA0000900072401A0083C74EC400F54E8082511
:100EB0001C00A2AF2000A3AF2400B8AF1000A48F85
:100EC0001400A58F1800A68F2538020025400300C6
:100ED00068E0400F25481800254818002540030009
:100EE000253802002400AC8F2000AB8F1C00AA8F95
:100EF0000C00A68F0800A58F310000100400A48FFD
:100F0000010029250400A4AF0800A5AF0C00A6AF7E
:100F10001C00AAAF2000ABAF2400ACAF2520070017
:100F200025280800253009000CD7400F00000724B1
:100F30001000A2AF1400A3AF1800B8AF2520020024
:100F40002528030025301800000007240080083CF5
:100F500074EE400FFF0309241C00A2AF2000A3AFD2
:100F60002400B8AF000004240080053C00040624DF
:100F7000253802002540030068E0400F254818008E
:100F80002520020025280300253018000000072432
:100F90000080083C79F0400FFF0309242548180021
:100FA00025400300253802002400AC8F2000AB8FC1
:100FB0001C00AA8F0C00A68F0800A58F0400A48F28
:100FC000C2220700406D080025208D00402808003F
:100FD000022B0500006D09002528AD002528A6007C
:100FE00025100400251805000000BF8F0800E0034D
:100FF0003000BD27F9FF201100000000F03F053C44
:10100000406808002568A701F4FFA0110000000057
:1010100000000424F1FF0010F8FF053C301088BFE9
:10102000601088BF01000000301088BF601088BFCA
:1010300002000000301088BF601088BF040000006C
:10104000301088BF601088BF08000000301088BFD3
:10105000601088BF00010000301088BF601088BF9A
:1010600000200000301088BF601088BF000004001E
:10107000301088BF601088BF00008000301088BF2B
:10108000601088BF10000000301088BF601088BF5B
:1010900000020000301088BF601088BF00400000D0
:1010A000301088BF601088BF00000800301088BF73
:1010B000601088BF00000001301088BF601088BF3A
:1010C00020000000301088BF601088BF00040000BE
:1010D000301088BF601088BF00800000301088BFCB
:1010E000601088BF00001000301088BF601088BFFB
:1010F00000000002301088BF601088BF4000000070
:10110000301088BF601088BF00080000301088BF12
:10111000601088BF00000100301088BF601088BFD9
:1011200000002000301088BF601088BF000000045D
:10113000301088BF601088BF80000000301088BF6A
:10114000601088BF00100000301088BF601088BF9A
:1011500000000200301088BF601088BF000040000F
:10116000301088BF601088BF00000008401088BFA2
:10117000701088BF00200000401088BF701088BF2A
:1011800000400000401088BF701088BF0080000041
:10119000401088BF701088BF70000000401088BFEA
:1011A000701088BF00001C00401088BF701088BFFE
:1011B00010000000401088BF701088BF00000400BD
:1011C000401088BF701088BF40000000401088BFEA
:1011D000701088BF00001000401088BF701088BFDA
:1011E00020000000401088BF701088BF0000080079
:1011F000401088BF701088BF001C0000401088BFDE
:10120000701088BF00000007401088BF701088BFB2
:1012100000040000401088BF701088BF000000016B
:10122000401088BF701088BF00080000401088BFC1
:10123000701088BF00000002401088BF701088BF87
:1012400000100000401088BF701088BF000000042C
:10125000401088BF701088BF80030000401088BF16
:10126000701088BF0000E000401088BF701088BF79
:1012700080000000401088BF701088BF0000200070
:10128000401088BF701088BF00010000401088BF68
:10129000701088BF00004000401088BF701088BFE9
:1012A00000020000401088BF701088BF000080005E
:1012B000301088BF601088BF00000010401088BF49
:1012C000701088BF00000100401088BF701088BFF8
:1012D00000000200401088BF701088BF01000000AD
:1012E000401088BF701088BF02000000401088BF07
:1012F000701088BF04000000301088BF601088BFE5
:1013000000000020301088BF601088BF00000080FF
:10131000301088BF601088BF00000040401088BFB8
:10132000701088BF00000008401088BF701088BF90
:1013300000000010401088BF701088BF000000201F
:10134000401088BF701088BF00000040401088BF68
:10135000701088BF00000080401088BF701088BFE8
:1013600008000000901088BF00000000020000008C
:10137000901088BF080000000A000000901088BF8D
:101380001000000012000000901088BF180000003C
:101390001A000000A01088BF180000001A0000000A
:1013A000B01088BF180000001A000000C01088BFED
:1013B000180000001A000000D01088BF18000000BC
:1013C0001A000000A01088BF00000000020000000A
:1013D000B01088BF0000000002000000C01088BFED
:1013E0000000000002000000D01088BF00000000D4
:1013F00002000000E01088BF0000000002000000B2
:10140000A01088BF080000000A000000B01088BFCC
:10141000080000000A000000C01088BF080000009B
:101420000A000000D01088BF080000000A00000079
:10143000E01088BF080000000A000000A01088BF6C
:101440001000000012000000B01088BF1000000063
:1014500012000000C01088BF100000001200000041
:10146000D01088BF1000000012000000E01088BFFC
:101470001000000012000000001188BF18000000DA
:101480001A000000201188BF0000000002000000C8
:10149000101188BF0000000002000000201188BF6A
:1014A000080000000A000000101188BF08000000BA
:1014B0000A000000201188BF100000001200000088
:1014C000101188BF1000000012000000E01088BF5B
:1014D000180000001A000000101188BF180000005A
:1014E0001A000000F01088BF180000001A00000069
:1014F000001188BF0000000002000000001188BF3A
:10150000080000000A000000F01088BF0000000082
:1015100002000000F01088BF080000000A00000070
:10152000201188BF180000001A000000301188BF89
:101530000000000002000000301188BF0800000019
:101540000A000000301188BF1000000012000000E7
:10155000301188BF180000001A000000F01088BF8A
:101560001000000012000000001188BF10000000F1
:101570001200000014F0F4642567469C22D2449ABD
:10158000016D40EA23D623960322006B1BD30E1075
:10159000016A4BEA961225740E6028951A1832F7E4
:1015A00023D61B95014D1BD523961791814117D446
:1015B0008081F12CAB114181257200681361256C8B
:1015C00028951A1832F723D6024917D11B92014ADF
:1015D0001BD2EA172B720A61026A4DE81793014B7E
:1015E00017D340832D72F661086AF71720720261E3
:1015F000016AF3172372036101F0006AEE1730727B
:101600000261046AEA1717932A720360006C1CD403
:101610000F108446C09E1CD61795014D17D54183E7
:1016200000561760086B6DE81C95ABED1CD51110CA
:101630006842D84B0A5B0C601C9364316C3365E1E3
:1016400049E1D04A1CD21794014C17D44084F017BA
:1016500086672E721E61179341832A720360014BC5
:1016600000690910C444209C1793024B17944284CC
:10167000005111611210A842D84D0A5D086024354E
:101680002C3125E545E1D049014B4083F417C4676F
:101690000410C467179301692BE968728143B86726
:1016A000062D41836872016A0A60406A0B106C72F1
:1016B0000D6141836C72106A056110F0006A4DE89B
:1016C000646701104DE84183014B07107172056199
:1016D00010F0006A4DE841836467014B17D3026B39
:1016E0000CEB0323026B6BEB6CE8086B0CEB032336
:1016F000056B6BEB6CE86472386065521D6050726C
:10170000496051520C6044722E604F72E0F01961D2
:10171000106A0DEA026731E8086C19D44610587255
:101720003260637280F01B605572E0F00A61106AEB
:101730000DEA026731E821107072306071520B605F
:101740006E72A0F018606F52086D19D578672D235E
:1017500069720B60D61075721060787218607372BF
:10176000C0F00F618910106A4DE801F0016A4BEA80
:101770004CE8C06A4DE80A6B1710FEF71F6A4CE888
:101780000A6D19D51210206A0DEA026731E8106A55
:1017900019D20B10206A0DEA026731E801F0106AD5
:1017A0000DEA026731E8106B19D341410422FFF7BB
:1017B0001B6A4CE801100169C06A0CEA20D250672C
:1017C000B1EA2094005227240C60074E086A4BEAC5
:1017D0004CEEA746014D1DD5409E18D2C19E1AD68B
:1017E0009D10106B0CEB31EB444607231DD2C09EBD
:1017F00018D6C0F7C3331AD39110416C0CEC609E1D
:101800001DD218D30424C0F763341AD48710C0F74C
:1018100063351AD583100C60074E086A4BEA4CEE0C
:101820004746014A1DD2609E18D3C19E1AD6461162
:10183000106B0CEB31EB444606231DD2C09E18D62C
:10184000006C1AD43B11416C0CEC609E1DD218D375
:101850000324006D1AD53211006A1AD22F112446C2
:10186000409E7D6758C304D028940605016E1A185F
:101870004DF41C97D1674610644618D3C09E012EC4
:1018800092B64141022246670A1086671A1C99E700
:1018900023D6239649E6061080820424014AFF4994
:1018A0000051FA6004D02894A667DBE21A184DF4C0
:1018B0001C97189627105067B1EA005244460760FB
:1018C000609E1B9480DBC0F7833481DB1910106BA2
:1018D0000CEB31EB0423609E1B9480DB1110406BFA
:1018E0000CEB31EB0423609E1B95A0CB0910016B20
:1018F0006CE8609E03201B9480C302101B95A0DB44
:10190000C267006A1B934DE31BD34F16289448AC63
:10191000406B6CEA3FF61C2A1B92D3101A950055B7
:10192000C0F00A6018936BEA006B43EB1A948BEBE0
:1019300018D2B867B7E31AD5016A1FD240F017036F
:1019400016D31ED31A95372D189283674222199405
:101950009BEA012CE5E810EC0A540260304C0710B9
:10196000206E0CEE31EE576D0126376DB1E480C369
:101970001995BBEA012DE5E812EAFF49FF4BE5178F
:101980001992C0F7433221D218941A9519961A1851
:101990005FD5E2670A521560304A1E9340C318941F
:1019A0001A9519961A18B6D2219718D21AD3FF4948
:1019B0001E94FF4C1ED41E9418921A95ADEAE02A8C
:1019C0000810206C0CEC31EC576B0124376B69E28A
:1019D000E4175167FF4A005205612FE44DE3306D73
:1019E000A1C3F81700515867015A58674BEA4CE9F0
:1019F00027E4046A0CEA31EA2C2216936BE11C946A
:101A000049E401F0006B0CEB0C2319950875056196
:101A1000618130730660FF4A0410199310730161ED
:101A2000FE4A209406241F95032D036B0CEB012323
:101A3000FF4A6267FF4B0053056153E171E4306D6B
:101A4000A1C4F81700527867015B78676BEB6CEA0A
:101A500047E101F0006A0CEA182219920872076146
:101A6000418130721260306A40C1FF490E101993F3
:101A700010730B61206B0CEB31EB786A0123586A11
:101A800040C1306AFFF75FC1FE4920940A241F95C8
:101A90002D6A052D026A0CEA31EA03222B6A40C145
:101AA000FF49014904D02894B16716063BE61A188D
:101AB0004DF41C971D962617006A3F17006B1FD325
:101AC0003D1710F07464A0E8E8E6039D454C4C4FC8
:101AD0002053797374656D20466F6E740000006545
:101AE0000100FF000508010002010000CC1A039D5F
:101AF0003E5B5F5B3E3E5551553E1C3E7C3E1C1896
:101B00003C7E3C181C577D571C1C5E7F5E1C0018D9
:101B10003C1800FFE7C3E7FF0018241800FFE7DBCD
:101B2000E7FF30483A060E262979292600607F0112
:101B300006607E05353F5A3CE73C5A7F3E1C1C0838
:101B4000081C1C3E7F14227F22145F5F005F5F062B
:101B5000097F017F006689956A606060606094A279
:101B6000FFA29408047E040810207E201008082A92
:101B70001C08081C2A08081E101010100C1E0C1E31
:101B80000C30383C38300C1C3C1C0C0000000000B1
:101B9000005F5F00000007000700147F147F14241B
:101BA0002A7F2A12231308646236495620500008FF
:101BB000070300001C2241000041221C002A1C7F58
:101BC0001C2A08083E080800807030000808080831
:101BD00008000060600020100804023E5149453EA4
:101BE00000427F400072494949462141494D33181E
:101BF00014127F1027454545393C4A494931412156
:101C00001109073649494936464949291E003636E1
:101C100000000080763600000814224114141414C9
:101C200014004122140802015909063E415D594E33
:101C30007C1211127C7F494949363E414141227F45
:101C40004141413E7F494949417F090909013E41DE
:101C50004151737F0808087F00417F4100204041C7
:101C60003F017F081422417F404040407F021C0218
:101C70007F7F0408107F3E4141413E7F09090906EC
:101C80003E4151215E7F09192946264949493203BF
:101C9000017F01033F4040403F1F2040201F3F4045
:101CA00038403F63140814630304780403615949FE
:101CB0004D43007F41414102040810200041414151
:101CC0007F04020102044040404040000307080036
:101CD00020545478407F28444438384444442838B9
:101CE0004444287F385454541800087E090218A42C
:101CF000A49C787F0804047800447D400020404084
:101D00003D007F1028440000417F40007C0478049F
:101D1000787C080404783844444438FC1824241897
:101D200018242418FC7C080404084854545424043F
:101D3000043F44243C4040207C1C2040201C3C406C
:101D400030403C44281028444C9090907C4464548B
:101D50004C4400083641000000770000004136087E
:101D60000002010204023C2623263C1EA1A16112AE
:101D7000384240227838545455592056557A4020DC
:101D800055547940215554784020545579400C1EC3
:101D9000527212385655565838555455583955546C
:101DA00054580000457C4100004A79420001457CBE
:101DB000407C1312137C7816151678FE929291814E
:101DC0002054547C547C0A097F49304A494A3038AF
:101DD00045444538324A48483038424122783A42F0
:101DE000402078009DA0A07D3C4342433C3C4140C4
:101DF000413C3C24FF2424487E4943665152FC5216
:101E000051287CAA8244C0887E0903205454794119
:101E10000000447D413048484A32384040227A0030
:101E20007A090A717D0911217D0609090F08060941
:101E300009090630484D40203808080808080808F5
:101E400008382F10C8ACBA2F102834FA00007D7D56
:101E50000008142A142222142A140855005500558B
:101E6000AA55AA55AAFF55FF55FF0000FF00001014
:101E700010FF000014FF00FF0010FF00FF0010F033
:101E800010F0001414FC000014F700FF0000FF0025
:101E9000FF0014F404FC001417101F00101F101F83
:101EA0000014141F00001010F0000000001F10109C
:101EB00010101F10101010F010100000FF10101064
:101EC000101010101010FF10100000FF141400FF6D
:101ED00000FF10001F10171400FC04F41414171056
:101EE000171414F404F41400FF00F7141414141459
:101EF0001414F700F7141414171414101F101F00F3
:101F00001414F4141410F010F000001F101F10002F
:101F1000001F14140000FC141400F010F01010FF47
:101F200000FF0014FF00FF0010101F00000000F071
:101F30001010FFFFFFFFFFF0F0F0F0F0FFFFFF00D9
:101F4000000000FFFFFF0F0F0F0F0F38444438440D
:101F5000FC4A4A4A347E02020606027E027E026380
:101F6000554941633844443C04407E201E2006020B
:101F70007E020218A5FFA5183C524A523C4C720240
:101F8000724C003A4545391C22F82418BC625A4666
:101F90003D00285444287E0101017E2A2A2A2A2A4B
:101FA00044445F444440514A444040444A51400004
:101FB00000FF0103E080FF000008086B6B08361289
:101FC000362436060F090F0600001818000000100E
:101FD00010003040FF0101001F01011E00191D17F4
:101FE00012003C3C3C3C000000000000C8FFBD2744
:101FF0000000BFAF40580500425D0B00C052050015
:10200000427D040025504F01C04A04000080083C76
:10201000255048014070070042750E00C06A070055
:10202000427D06002568AF01C06206002568A80150
:102030002428A800FFFF6F25FE07E12DC100201016
:1020400000000000FFFFCF25FE07E12DF00020106B
:10205000000000001900A10402FCC825FE000019C0
:1020600000000000410001290400201400000000CD
:10207000000004240C000010253004002100012978
:102080000500201400000000DFFF0F250420EC01F4
:102090000500001040300400FFFF0F250420ED0173
:1020A000403004002530CC00EB00C01400000000DC
:1020B0000200800400000000000005240F00012D34
:1020C000050020100000000004780D012578EC01C7
:1020D0003C00E011000000000080013C2440E100D1
:1020E000FF03612903002010000000000080013C74
:1020F000264001010400A4AF0800A5AF0C00A6AF64
:102100001000A7AF1400A8AF2400ACAF2800ADAFFB
:102110002C00AEAF2520090025280A002FC1400F52
:1021200025300B002520020025280300253018004B
:102130002400A78F2800A88F54EF400F2C00A98FF0
:102140002520020025280300253018000CD7400F59
:102150001400A78F255818002550030025480200B9
:102160002C00AE8F2800AD8F2400AC8F1400A88FF8
:102170001000A78F0C00A68F0800A58F0400A48F65
:10218000FFFF6F25FE07E12DC900201000000000B1
:10219000C2220900407D0A0025208F0040780A00F5
:1021A000027B0F002528AF00007D0B002528AF0023
:1021B00025100400251805000000BF8F0800E0036B
:1021C0003800BD2720000F242378E8010630ED01F8
:1021D0002560090025680A0025700B000100CF303A
:1021E0000400E0150000000000800A3C0000092403
:1021F000FF030B24423006003500C0100000000031
:102200000400A4AF0800A5AF0C00A6AF1000A7AF54
:102210001400A8AF1800A9AF1C00AAAF2000ABAFF4
:1022200025200C0025280D0025300E0025380C0037
:1022300025400D0054EF400F25480E002570180072
:1022400025680300256002002000AB8F1C00AA8FC8
:102250001800A98F1400A88F1000A78F0C00A68F5C
:102260000800A58F0400A48F0100CF301600E011F4
:10227000000000002400ACAF2800ADAF2C00AEAFD2
:102280002520090025280A0025300B0025380C00E0
:1022900025400D0054EF400F25480E00255818002A
:1022A00025500300254802002C00AE8F2800AD8F7A
:1022B0002400AC8F1400A88F1000A78F0C00A68FED
:1022C0000800A58F0400A48FCBFF00104230060049
:1022D000ABFFE104000000000400A4AF0800A5AFBC
:1022E0000C00A6AF1000A7AF1400A8AF2400ACAF3D
:1022F0002800ADAF2C00AEAF000004240080053CE8
:10230000FF0306242538090025400A0068E0400F35
:1023100025480B00255818002550030025480200C9
:102320002C00AE8F2800AD8F2400AC8F1400A88F36
:102330001000A78F0C00A68F0800A58F90FF00103B
:102340000400A48F1B006015000000002A78200103
:102350002148290121504A0121504F012578490186
:102360001400E0110000000008004015000000000B
:10237000030020150000000032FF001000000B24B5
:102380002550200100000924E0FF6B252040487102
:102390002CFF0011000000002358680122200800D3
:1023A000062089000448090104500A0125FF001095
:1023B00025504401407807002578E6012600E01109
:1023C000000000000800601500000000FF07012465
:1023D0002100C111000000001B00E004000000000B
:1023E000200000100000000040780A002578E90174
:1023F0001900E01500000000FF03C12D11FF20109F
:1024000000000000FF030E240EFF0010FFFF0D244C
:102410000700C0150000000040780D002578EC0191
:102420001200E011000000001000A01000000000E9
:1024300040780D002578EC010700E0150000000051
:102440000D00001000000000F07F013C2528A100D5
:1024500057FF001000000424F8FF053C54FF001053
:102460000000042452FF001000000424F03F053C4B
:102470004FFF001000000424F7FFA014000000002C
:102480000600E10400000000FF036129F5FF2010B1
:1024900000000000ECFF001000000000FF036129B5
:1024A000E9FF201000000000EEFF00100000000017
:1024B000E5FF601D000000000C00082423400B0114
:1024C0002000012D050020140000000025480A000E
:1024D00000000A24FAFF2015E0FF0825080000117B
:1024E0000000000025200A000648090106500A01E4
:1024F00020000F242340E801042004012548240182
:102500002528AA002AFF001025200900FC643C674A
:1025100020F414B0006EC1D8016A48C0036B69C0D2
:10252000506A45C81D6A43D8046A50C000F41CB400
:10253000106D12D31A188D6611D61A18945840D8F7
:102540001A18AA4F0065B0F18CA9086A8DEAB0F19B
:102550004CC9016A4CEC12931196362490F1CEC905
:10256000D0F1CAC990F170C170F1549970F1D0A93D
:1025700085A268A271E469A269E444335DE3046B57
:102580006BEB04D3006CA467FF4E1A181B86FE4F3A
:10259000EFB270F158D9026A4BEA90F15CD970F150
:1025A000549970F190A9FA4C90F170A16C356FE5D7
:1025B000C4A2A6A2B9E6A7A2A9E658EB12EB6BE467
:1025C0004632D0F14AC909101A18F9FA0D6C64683C
:1025D0001A18F9FA0A6CFF48FB28DEB4DEB51A189F
:1025E00070FA0065016BB0F14CA96CEA0D2290F114
:1025F00070C1D0F14AA9044AD0F14AC9D4B270F1ED
:1026000058D9006A90F15CD9E0F3086C1A18404E72
:102610000065B0F16CA9016A6CEA0522A1F3186C9F
:102620001A18404E0065B0F14CA9406B6CEA0D22BF
:10263000CAB41A1870FA0065E0F1146C1A18404E0A
:102640000065C7B41A1870FA0065B0F16CA9016A88
:102650006CEA142270F1549970F170A990F1B0A154
:10266000196C98ED12ECC4A2A6A2B9E6A7A2A9E63D
:1026700058EC12EA4BE34632D0F14AC9796A04D2E7
:10268000B8B205D2B8B206D2B8B4B9B54D6E1A1800
:1026900070FA616FB0F16CA9816A6CEA0172036033
:1026A0001A18F9FA0A6CB0F14CA9806B6CEA042292
:1026B000B0B41A1870FA0065B0F14CA9206B6CEA3E
:1026C0000422ADB41A1870FA0065B0F14CA9106B71
:1026D0006CEA0422A9B41A1870FA0065B0F16CA96A
:1026E000016A6CEA0422A6B41A1870FA0065B0F107
:1026F0006CA9FF6A014A6CEA0422A2B41A1870FAA3
:102700000065A1B41A1828F90065A0B41A189160E0
:1027100000659FB49DB51A180C5F016E0D720461BF
:102720009CB41A189E8C00659BB41A1891600065C1
:1027300097B499B51A180C5F006E97B41A1899607F
:10274000006596B494B51A181E5F016E0E2A93B4F4
:102750000805146E1A188C5F0D070D92147205612E
:1027600079B408051A1C3FE7146E8CB41A188A60F5
:102770000065B0F16CA9016A6CEA062288B470F1B8
:10278000AC991A1870FA006586B490F1B4991A18C9
:1027900070FA0065B0F14CA9106B6CEA1C2282B48F
:1027A0001A1870FA006568B348A301720A6007221C
:1027B0000272096003727DB407607DB405107DB4B8
:1027C00003107DB401107DB41A1870FA00657CB452
:1027D0001A1828F900651A18F9FA0A6CE0F3086C5F
:1027E0001A18404E0B6877B41A1870FA0065016B1E
:1027F0000ED3FF480E201A18404E646C1A18195157
:102800000065F7221A18616700651B72F261006BA0
:10281000EF176DB41A1828F900650E933D2308D000
:1028200008041A1859CC186D026B4F43626791EB7C
:1028300041432D2208922B220173026063B00110E4
:1028400063B04080F22290671A18916012D350B49E
:10285000B0671A180C5F006E1A189960906790673D
:102860001A18C96108951293E02A1A1841CC080475
:1028700058B41A1C45E5B06756B41A18456A006585
:102880001A187366006540B41A1828F90065089391
:1028900003231A1841CC0804016AB0F144C1006C4A
:1028A000A4671A182868C4670D72F9611A18F9FA32
:1028B0000D6C25B2419A0FD246B20F93022B608263
:1028C0001D234082052A1A18F9FA0D6C0A680D10AA
:1028D00040B41A1C99E700653EB41A188D66A267C9
:1028E00019B3619B6EEAEF2A09101A18404E966CD4
:1028F0001A18F9FA206CFF48F828D117006AB0F1CD
:1029000044C135B41A18916000650B2A20B432B561
:102910001A180C5F016E052A30B41A189960006508
:102920000D221DB41A189160006519B41AB51A1851
:102930000C5F016E18B41A18996000651A181A6FA6
:102940000065FC17F00900A0400A00A0FFFFFF7F10
:102950007898039D8098039D8898039DB098039D67
:10296000EB98039DF098039DC898039DE098039D04
:10297000F898039D0099039D0899039D1099039D64
:102980001899039D2099039D2499039D040A00A092
:102990002C99039D3899039DB0D900A04499039DBB
:1029A0006099039D7C99039D9899039D9C99039D33
:1029B0008C99039D9099039D9499039DA499039DDF
:1029C000A899039DC499039D6898039D5898039DF9
:1029D0003C1200A0E899039DF099039D405005002A
:1029E00042550A00C04A0500427D040025482F01D7
:1029F000C042040000800E3C25482E0140680700BC
:102A0000426D0D00C0620700427D060025608F0107
:102A1000C05A060025608E012628A7002428AE0093
:102A2000FFFF4F25FE07E12DCB0020100000000026
:102A3000FFFFAF25FE07E12DF4002010000000008D
:102A400023504D01FF034A2542400800C07F090082
:102A500025400F0142480900023C0C00F401E0004F
:102A60001B0027011270000010480000FFFF863194
:102A70001900CE0012200000004C0900027C080062
:102A800025482F012B7824010600E011234824015A
:102A9000FFFFCE2521482C012B082C01FCFF201024
:102AA00000000000F401E0001B00270112380000C4
:102AB000104800001900C70012200000004C090057
:102AC000FFFF0F3125482F012B7824010600E0116C
:102AD00023482401FFFFE72421482C012B082C0167
:102AE000FCFF20100000000000740E002170C701E0
:102AF0001900CB011238000010200000000008244B
:102B00002B780701234007012B102F0123482F01A9
:102B10002B7824012578E2010B00E01123482401E1
:102B2000FFFFCE2521400B012B780B0121482C0102
:102B300021482F0102002C11000000002B782C01ED
:102B4000F7FFE0110000000006002C150000000057
:102B500025200B002548080000000D242A00001045
:102B600025380D00023C0C00F401E0001B00270199
:102B70001268000010480000FFFF86311900CD00E8
:102B800012200000004C0900027C080025482F019B
:102B90002B7824010600E01123482401FFFFAD2516
:102BA00021482C012B082C01FCFF20100000000004
:102BB000F401E0001B00270112380000104800005B
:102BC0001900C70012200000004C0900FFFF0F3160
:102BD00025482F012B7824010600E0112348240109
:102BE000FFFFE72421482C012B082C01FCFF2010BB
:102BF00000000000006C0D002168A7011900AB0166
:102C00001238000010200000000008242B78070173
:102C1000234007012B102F0123482F012B7824017B
:102C20002578E2010B00E01123482401FFFFAD25C8
:102C300021400B012B780B0121482C0121482F0149
:102C400002002C11000000002B782C01F7FFE0118E
:102C5000000000000600C005000000002A78A00166
:102C60002168AD012170CE012170CF01FFFF4A25FF
:102C7000257828010200E011000000000100AD35B8
:102C800025480E0025400D00FFFF4F25FE07E12DD2
:102C900015002010000000000004082500040F2D7E
:102CA00021482F012B782F0121504F01C27A0800B3
:102CB0000100EF3123400F01C2220800407D0900CE
:102CC00025208F0040780900027B0F002528AF00E7
:102CD000007D0A002528AF002510040025180500F6
:102CE0000800E003000000004400401D0000000058
:102CF00001000E242370CA012000C12D07002014FA
:102D000000000000E0FFCE212B2008000D0009107C
:102D100025402401F8FF0010000009340900C0110B
:102D20000000000022300E000420C8000430C9005A
:102D30000640C8010648C901020080102540C800AD
:102D4000020008350004082500040F2D21482F013A
:102D5000D6FF0010C25709002A780001214008015F
:102D6000214829011700401521482F012578280105
:102D70001400E01100000000080020150000000011
:102D8000030000150000000029FF001000000A24C5
:102D90002548000100000824E0FF4A2520702E711C
:102DA00023FFC0110000000023504E0122300E000E
:102DB0000630C8000440C8010448C9011CFF0010C7
:102DC0002548260105004D150000000040780C0044
:102DD0002578EB012B00E01100000000FF07012423
:102DE0000A00A11100000000BBFF4011000000001C
:102DF000257828012300E01500000000F07F013C49
:102E00002528A100B4FF0010000004242A786001E6
:102E100021586B0121608C011700A01521608F01E2
:102E200025788B01F5FFE0110000000008008015F7
:102E300000000000030060150000000000FF00100B
:102E400000000D242560600100000B24E0FFAD258B
:102E500020708E71FAFEC011000000002368AE01E0
:102E600022300E000630CB000458CB010460CC01A8
:102E7000F3FE00102560860125788B010200E01129
:102E800000000000F8FF053C93FF00100000042440
:102E900000000000F5641C6718F4006930F230D8B7
:102EA00009B330F26CD88367006DD1671A1C29F121
:102EB00004D30493F0F07CD804B2F0F058D85167F2
:102EC0007564A0E8401300A040D700A07C670E24E2
:102ED00030F2AC9B30F2D09BC9E5F0F0789BF84A19
:102EE00063EA0461A09A8EEDFA2D0110006AA0E851
:102EF000C3641A18B3CB00650622419AC0F7433366
:102F00006EEA6BE20110006A4364A0E89C67F0F08F
:102F1000B89CF0F07C9C6BE530F2CC9C30F2709C5D
:102F20006DE6F84BA3EB0861819B0054FA608BECD3
:102F300083EAF7604467F517A0E800659C67F0F046
:102F4000B89CF0F07C9C6BE530F2CC9C30F2709C2D
:102F50006DE6F84BA3EB0561819B0054FA608BE2B0
:102F6000F817A0E8F7643C6730F26C9930F290995A
:102F700089E3F0F0F8990068F84AE3EA0561619A9C
:102F80000153FA6161E0F8171A18C3CB00651A18EB
:102F9000CFCB08D204D22CB4B067F0F05C995BE7D9
:102FA00008931A1870FAE36730F28C991A18B3CBA9
:102FB000006502674522006B07D30793014B06D3D8
:102FC000E0984198C0F7433383674EEC6FE4FF4BC2
:102FD0006DE704D305D21DB406951A1870FAD067B0
:102FE00030F28C9930F2D099C9E4F0F0B899006BC6
:102FF000F84AA3EA0A61809AC09883EEF960032335
:10300000C09BC3ECF5606267F3171A234198C0F7C1
:1030100043348EEA93E2C09899E6E09BEAEE0C60B6
:103020000792024A06D2CBE704D209B40695FF4FB5
:103030001A1870FA08D30893069407D40367BD17CB
:103040007764A0E808CD039D40CD039D64CD039D2A
:10305000F5641C678C6530F24C9830F2709879E218
:10306000F0F038984C46A66768456B6523EB246101
:10307000809A005426606667F84B23EB0C61E09A57
:103080004F65FFF79C9AF3E4E09B8EEF0F65F42FFA
:10309000819B00540661E09AEBEB8C6783EB116136
:1030A0000B10EA679DE7E0DAE867E1DB809A8BEBDB
:1030B000EC67E3EBE061EF17FFF75C9D00520D60FA
:1030C0000310F84AAB67D017FFF7989D4BE4F0F078
:1030D000FC98EEEA022AFFF75CDD6667E667F84FC8
:1030E00023EF0C61419FFB22F84B8367A767086EB3
:1030F0001A1C3FE704D762670497F117F0F078D8FD
:103100007564A0E8E364FC6704672524809C23249D
:1031100030F26C9F63EC216130F2509F4DE383EB02
:103120001C611A18B3CB00651822819A8BEB61DA07
:10313000006A40D8F0F054A7014A11EAF0F054C7F1
:10314000326B7BEA012BE5E810EA11EA042A016CF4
:103150001A1814CC8BEC006A0210016A4BEA636403
:10316000A0E8006504F0F664FC67022401550460E1
:103170001A1841CC0C9407100C93409B0B2230F290
:103180006C9F63EA0260006AC51030F2909F8DE385
:1031900043EBF9610F69ACE901593867016A4EE9FF
:1031A000B235A5E13031026B07D30C96009E1A1898
:1031B000B3CB906762670220022AE5171B22C19BEE
:1031C000CAE90261409BA610009BD1E0F0F05C9F31
:1031D0008EEA102A23EE0860006DDBE106D31A1C8C
:1031E00029F105D705970693409B31E2F0F09CDF6B
:1031F00021DB9010F0F05C9F30F2AC9F30F2D09F5A
:10320000D1E5F0F0189F48650068F84CAA67A3EC78
:103210001161A19C0D650055F860ABED2D6523EDA6
:10322000F4610420C867A198C2EDEF60C9672AEE77
:103230000467EB612720A267C198CBEC2AEC0361FD
:10324000409824673F10CA67F84E43EE0A60016C4D
:103250008BEC06D304D21A1814CC05D70597049525
:1032600006934098F0F0989FF84CA3ECC198086141
:1032700035E2A0D839E6C1D8F0F098DF0467221013
:10328000CBE9201007900270076191671A1814CCDF
:1032900005D7016B07D3101031E20A67F84883E8BD
:1032A0000D60079501757FF70E61016C8BEC1A18A4
:1032B00014CC05D7006E07D605977717F0F09CDF82
:1032C000F0F018DF21D880984EEC012440D80C97FC
:1032D00040DF8098C1981A23419BC2EAA09B0E60F0
:1032E000C2671A1C3FE706D30693419BA09851E59D
:1032F000006DE1981A1C29F15BE703101A1C3FE7E7
:1033000006D30693819B8BEA41DB03101A1C29F13B
:10331000006D40987664A0E80080013C2638E1000A
:1033200040580500425D0B00C0520500427D04007C
:1033300025504F01C04A04000080083C2550480138
:103340004070070042750E00C06A0700427D06000B
:103350002568AF01C06206002568A801FFFF6F2540
:10336000FE07E12D8D00201000000000FFFFCF259B
:10337000FE07E12DBB002010000000000080013C92
:103380002428A10023406E012C0000110000000041
:1033900015000019000000002000012D0700201476
:1033A00000000000E0FF08212B300C0023000D106E
:1033B0002560A601F8FF001000000D341F00001169
:1033C000000000002220080004308C0004208D0042
:1033D00006600C0106680D011800C01025608C0005
:1033E0001600001002008C3525580E0023400800FE
:1033F0002000012D0700201400000000E0FF08213C
:103400002B3009000D000A1025484601F8FF001076
:1034100000000A340900001100000000222008000A
:103420000430890004208A000648090106500A0178
:103430000200C01025488900020029352678A7001F
:103440001C00E0050000000021482C012B782C0115
:1034500021504D0121504F0102004D11000000008C
:103460002B784D013700E0110000000001002F31E2
:103470000200E01100000000020029354248090066
:10348000C07F0A0025482F0142500A000080013CFD
:103490002550410101006B25FF070124290061151A
:1034A00000000000F07F013C2528A100370000103B
:1034B000000004242B782C0123482C012B104F01F1
:1034C00023504F012B784D012578E2010700E011D0
:1034D00023504D010080013C2628A1002B780900D3
:1034E0002348090023500A0023504F0108004015CB
:1034F0000000000003002015000000000D00001077
:1035000000000B242550200100000924E0FF6B255A
:103510002040487107000011000000002358680196
:1035200022200800062089000448090104500A01ED
:1035300025504401257849010200E01500000000F3
:10354000000005246800601900000000000429251F
:1035500000042F2D21504F012B784F0121586F016E
:10356000C27A09000100EF3123482F01C22209006D
:10357000407D0A0025208F0040780A00027B0F0062
:103580002528AF00007D0B002528AF002510040082
:10359000251805000800E003000000002A7820013B
:1035A0002148290121504A012300601521504F0173
:1035B000257849011400E0110000000008004015C2
:1035C00000000000030020150000000067FF00104D
:1035D00000000B242550200100000924E0FF6B258A
:1035E0002040487161FF001100000000235868016D
:1035F00022200800062089000448090104500A011D
:103600005AFF001025504401FF0701241500C11185
:10361000000000002140E700257806010300E015C6
:1036200000000000D9FFE0040000000025100600A3
:10363000D8FF001025180700257849012700E0155C
:1036400000000000FF070124D0FFC11500000000AA
:103650002678A7002100E00500000000F3FF00101D
:10366000000000002A78800121608C012168AD01F2
:103670001700C0152168AF012578AC01C3FFE01128
:10368000000000000800A0150000000003008015E5
:103690000000000039FF001000000E2425688001A2
:1036A00000000C24E0FFCE252040A87133FF00115C
:1036B000000000002370C8012220080006208C00B2
:1036C00004600C0104680D012CFF00102568A401A2
:1036D0002578AC01D5FFE01100000000F8FF053CA3
:1036E000AAFF0010000004240100082423400B015D
:1036F0002000012D0700201400000000E0FF082139
:103700002B3009000D000A1025484601F8FF001073
:1037100000000A3409000011000000002220080007
:103720000430890004208A000648090106500A0175
:103730000200C010254889000200293583FF0010CF
:1037400000000B2400000000B164005500697D6199
:10375000005780F00561066744676D65712FC3ED02
:10376000A0F00560FEB7E3EE00F10561FDB7C3EF21
:10377000C0F11D61106F4F650F656667EA6766EF00
:103780004B65F9B3E3676A677DE7E0A768677DE7A4
:103790000F65206F6767E867EFE30923066704EBAF
:1037A000A4EB446746EF4DED6D65446744EB02348E
:1037B0008234F06731EF6B679BEB012CE5E810ED8D
:1037C0009BEB012CE5E812EEF8EE12EB2B65A03333
:1037D00060334235A235ADEB12EDA3EB0A60AF4684
:1037E0000D650DE303EB046112EDA3EBA0F1106195
:1037F000C867A967B7E39BED012CE5E810EB9BEDEB
:10380000012CE5E812ECF8EC12ED6033603331EA9C
:103810004DEBA3EB08604F440DE303EB0361A3EB17
:10382000FE4C01618267C03240328DEA006B062196
:103830004BEA006C43EC6BEBF867EFE33164A0E814
:10384000E3ED1660006B4367F2178BEC006A83EAC6
:103850005867ABED57E501692BE900577FF71B600F
:103860002FE9CBEE006AC3EA5867EBEF5FE7731707
:10387000BBB243EF80F00761BAB2E3EA40F10761FF
:10388000106B0B65076706EB7067B7B06DE040A380
:10389000686769E2206B4FE3C0F0142BA3EF20F1BF
:1038A0001D61C3EC5867016B6EEA006BC017052EF3
:1038B000016BFBEB012FE5E812E8A9B363E8546163
:1038C000A8B303EB20F11061106BC367F067E6EB60
:1038D0006767A5B76DE760A3D9E3206BCFE35A2BE9
:1038E00017E50237E237706731EB0B65016BFBEDD3
:1038F000012FE5E810ECFBED012FE5E812EEA867DB
:10390000B8EE12ED4D65803480344235A235ADEC11
:1039100012EDA3EC0A60AF462D6511E403EC0461DF
:1039200012EDA3EC00F11761C967AA67B7E4FBEDDC
:10393000012FE5E810ECFBED012FE5E812EDE8675B
:10394000F8ED12EF8034803431EA4DECE3EC08609E
:103950004F4511E403EC0361E3ECFE4D0161A26706
:10396000C0324032ADEA631700F10058E0F0036066
:10397000006BC367AB1700F1005EC0F00B60006B1B
:103980004B650B65FA1600F1005FC0F00A60006B32
:103990000B65781704EBE567E6EE2F65A4EB44674B
:1039A00046EE4DED446744EB0237E237706731EB8A
:1039B0000B658967FBEC012FE5E810ECC967FBEEAE
:1039C000012FE5E812EB4B65C867D8EB12EB8034AA
:1039D0008034A236C236CDEC63EC0D60CA67FF4E70
:1039E0002E6511E403ECA0F0106163ECA0F00D6013
:1039F000FF4E4E6511E47BE4FBEE012FE5E810EB92
:103A0000FBEE012FE5E812EE886798EE12EC2C65CC
:103A10006034803431EDADEC12EDA3EC0A606F46FA
:103A200011E403EC80F00C61A3EC80F00960FE4E21
:103A300011E4696777E48A6780336033CDEBC86748
:103A40000E655517E4EB066706EA0DEFC4EB4E650D
:103A5000C567C6EAA4EB046706EA0DEDE23242321E
:103A6000076731E828655BEE012AE5E810E868653C
:103A70005BEE012AE5E812EE0E65096718EE12EE1C
:103A80008E65CB67C0300030A236C236CDE812EE6C
:103A9000C3E80D60C867FF4E6E65E1E0E3E8526180
:103AA00012EEC3E84F60C867FE4E0E65E1E0CC67DA
:103AB000DBE05BEE012AE5E810E85BEE012AE5E8D1
:103AC00012EE496758EE12EA0030003031EDADE8F1
:103AD00043E80860AF46E1E0E3E8306143E82E6088
:103AE000FE4EE1E043E0A867A0324032CDEACA676B
:103AF000D9EA12EE10EFE3E80761EEE80220006B6E
:103B0000961684EBC3ECFB60FF4A006B9016186BB3
:103B10000B65B816086B4B650B652F16006B016AB9
:103B20008616086B0B65AE16186BC367CF16186F39
:103B30004F650F652216086BC367C816C567D21795
:103B4000C3677717CB670E65B217C9674E65531702
:103B5000FE4E0DE34E16FE4E11E4E7160000010086
:103B6000FFFFFF00E8B4039DF8644744044A175A76
:103B7000066108680BE84CE800500260031010680A
:103B800083E804600C6BF9B260DAEA11E0F11858CE
:103B9000F7B1586719220E340DE1439B4EEB062B0B
:103BA0006742014B459A4EEB024C4623619A046CE6
:103BB0008BEC8CEB839AA29A83DDA2DC71E2619C90
:103BC000016DADEB61DCCA11023366323F6C1C2221
:103BD000055A03601A34384C1710155A036087428F
:103BE000544C1210555A036072346E4C0D1040F153
:103BF000155A03607E34774C071040F5155A7E6CD9
:103C0000036080F402347C4C8C35B5E1439DAAEA14
:103C10001260619A046ECBEECCEB1BE3105602618E
:103C2000FF4C091000560561839AA29A83DDA2DC3D
:103C30002110439AEC17014CCDB54499CDB6CFE293
:103C40000E656E23619A046FEBEFECEB1FE31057E8
:103C50000D610DE2016C8DE801DA65DD64DDC3DB29
:103C6000C2DBEDEC81DBEDE3E0DB7811C5DDC4DD2B
:103C7000005706616DE2819B016DADEC81DB6E1139
:103C800000F2005B0F606E336B37016EC4EFE19D95
:103C9000EDEEC1DD6C33B5E3629DA3DA62DA42DD9D
:103CA00043DB3E106235A636055E03607A36384E39
:103CB0001610155E02605B4E1210555E0360B23640
:103CC0006E4E0D1040F1155E0360BE36774E071044
:103CD00040F5155E7E6E036080F462367C4ECC3714
:103CE000A3B52D65FDE14F65A29FEAED0E61CB36D0
:103CF000016B64EEC967C19ECDEBE96761DF656763
:103D00000B10A29DCA67CAED0660E19D046ECBEE62
:103D1000CCEFE3EBF661639D63DAA2DA42DB43DDCD
:103D20008B32016B64EA419963EA5F61A3674CEDF2
:103D3000072DFC4DACEC044C6433A3674CEDFB2524
:103D40008C35B5E12D656C65C967439EC967CAEAC4
:103D50002B60E19A4F65046FEBEFCA67ECEE4E659E
:103D60001BE6105612610DE2016C8DE801DAA39A90
:103D7000E29AA3DFE2DD65D964D9E867E3DBE2DB41
:103D8000CDEC81DBCDE3C0DBE91000560B616A6747
:103D900071E2619C016DADEB61DC639A829A63DC38
:103DA00082DBDC10439AD217084E2E65EB67014F79
:103DB0006F65036AECEAC82A036A8CEA052A6FEA8F
:103DC00081998CEA41D90510FF4C4845A09DAEEA87
:103DD000F3226433419963EA086107238B67A36781
:103DE0004CEDAE2D044C6433FA17A299C19D046AC0
:103DF0004BEA4CEE03EE04610FE61053A0F00560B1
:103E0000DDE505D75CB2E09A104F1DE708D509D66D
:103E10001A1841FB0AD704D258B2609A014B089590
:103E200009960A970523FF4F049369E76BEF4CEF60
:103E3000876708D509D61A18FCF90AD76267014ABC
:103E4000089509960A977722059483EB02602BE583
:103E5000722A4BB2809A91E70C6580DA05948AEB5E
:103E60000492FF4A2A655867092A49676CEA062ABC
:103E7000D9E7016A4DEE6299C1DB51103FB2809AD9
:103E80004144032A3DB260DA0610059253E34867C5
:103E900091E23BB280DA076A6CEA0A65006A8867D9
:103EA0000324086A8BE24DE3049489E2FDE3896709
:103EB0008CEFFFE2876707D308D509D61A18FCF9FB
:103EC0000AD72A658267014C0793089509960A97D5
:103ED000022C2B65006F2AB2409A49E728B440DCD7
:103EE00062D989676BE4FDE2016C8DEFE1DB2BE5C4
:103EF0001622105E026081DB1E10F44E086A4BEA47
:103F00004CEEC9E5056B61DA62DAE19DECECCDECD3
:103F100081DD105E046187451A18F3E7014C18B380
:103F2000409B18B3809B43EC016040DB16B3A09B21
:103F300043ED016040DBC299419E046B6BEB6CEA80
:103F40000FE203EA0D6110530B614299016CB067F7
:103F50008DEDA1DA01E202D98DEB61D8084A01109A
:103F6000006A7864A0E80065F00000A058E100A0B5
:103F700060E100A018EC00A050E100A0E8EB00A078
:103F800014EC00A010EC00A042495400754C2C75B4
:103F9000630000656578697400000065762C69002F
:103FA00072616E6400000065692C76007372616E48
:103FB0006400006561746F6600000065642C632A0C
:103FC0000000006561746F6900000065692C632A58
:103FD0000000006561746F6C000000656C2C632A42
:103FE0000000006561746F6C6C0000654C2C632AE6
:103FF00000000065737472746F640000642C632A9F
:104000002C632A2A00000065737472746F6C0000C0
:104010006C2C632A2C632A2A2C6900007374727436
:104020006F756C00756C2C632A2C632A2A2C69002E
:104030006D616C6C6F630000762A2C7A000000655D
:1040400063616C6C6F630000762A2C7A2C7A000016
:104050007265616C6C6F6300762A2C762A2C7A006C
:104060006672656500000065762C762A00000065A2
:1040700061627300692C69006C6162730000006505
:104080006C2C6C006C6C6162730000654C2C4C00F5
:10409000737472746F6C6C004C2C632A2C632A2A24
:1040A0002C690000737472746F756C6C000000658D
:1040B000754C2C632A2C632A2A2C690001F8029D76
:1040C000883F039D030000008C3F039D000000001B
:1040D0003DF8029D943F039D040000009C3F039D1A
:1040E0000000000011F9029DA03F039D04000000A4
:1040F000A83F039D000000003DF9029DAC3F039DD9
:10410000050000009C3F039D0000000059F9029D3E
:10411000B43F039D04000000BC3F039D000000006D
:1041200095F9029DC43F039D04000000CC3F039D10
:1041300000000000D1F9029DD43F039D040000005F
:10414000DC3F039D000000000DFA029DE43F039D4B
:1041500005000000EC3F039D0000000045FA029DB1
:10416000F43F039D06000000FC3F039D000000009B
:10417000ADFA029D0840039D060000001040039D1B
:104180000000000049FB029D1C40039D0700000049
:104190002440039D0000000015FD029D3040039D5A
:1041A000060000003840039D000000004DFD029D08
:1041B0004040039D060000004840039D00000000B1
:1041C000CDFD029D5040039D070000005840039D17
:1041D0000000000045FE029D6040039D04000000B9
:1041E0006840039D000000005DF8029D7040039D43
:1041F000030000007440039D0000000095F8029D3C
:104200007840039D040000008040039D00000000F2
:10421000CDF8029D8440039D050000008C40039D65
:1042200000000000E5FB029D9040039D0700000098
:104230009840039D000000007DFC029DA440039D6A
:1042400008000000B040039D0000000000000000D6
:10425000000000000000000000000000000000005E
:104260004E554C4C0000006552414E445F4D415844
:1042700000000065455849545F5355434345535327
:1042800000000065455849545F4641494C55524528
:1042900000000065006500650000000000000000EF
:1042A00060010000000000000000000000000000AD
:1042B00000000000000000006042039D04000000B8
:1042C000FFFFFF7F0000000024000000000000004E
:1042D00000000000000000000000000000000000DE
:1042E0006842039D0800000000000000000000007C
:1042F000240000000000000000000000000000009A
:1043000000000000000000007442039D0C0000004B
:104310000100000000000000240000000000000078
:10432000000000000000000000000000000000008D
:104330008442039D0C00000000000000000000000B
:10434000000000000000000000000000000000006D
:10435000000000000000000000000000000000005D
:1043600073696E00642C6400636F730074616E0087
:104370006173696E0000006561636F730000006522
:104380006174616E000000656174616E32000065E9
:10439000642C642C6400006573696E68000000651D
:1043A000636F73680000006574616E6800000065EB
:1043B0006173696E6800006561636F736800006512
:1043C0006174616E6800006565787000667265787A
:1043D00070000065642C642C692A00006C646578A8
:1043E00070000065642C642C690000656C6F6700C8
:1043F0006C6F6731300000656D6F646600000065AA
:10440000642C642C642A0000706F770073717274DE
:10441000000000656365696C00000065666C6F6F85
:1044200072000065666D6F6400000065666162730E
:104430000000006591DB029D6043039D03000000C6
:104440006443039D00000000CDDB029D6843039D93
:10445000030000006443039D0000000009DC029D8E
:104460006C43039D030000006443039D00000000B3
:1044700045DC029D7043039D040000006443039DDE
:104480000000000089DC029D7843039D04000000C9
:104490006443039D00000000CDDC029D8043039D2A
:1044A000040000006443039D0000000009DD029D3C
:1044B0008843039D050000009043039D0000000019
:1044C0007DDD029D9843039D040000006443039D2D
:1044D00000000000C1DD029DA043039D0400000018
:1044E0006443039D0000000005DE029DA843039D78
:1044F000040000006443039D0000000041DE029DB3
:10450000B043039D050000006443039D00000000CC
:104510007DDE029DB843039D050000006443039DBA
:1045200000000000C1DE029DC043039D05000000A5
:104530006443039D0000000005DF029DC843039D06
:10454000030000006443039D0000000049DF029D5A
:10455000CC43039D05000000D443039D00000000F0
:10456000C5DF029DDC43039D05000000E443039D7D
:104570000000000039E0029DEC43039D03000000B1
:104580006443039D000000007DE0029DF043039D15
:10459000050000006443039D00000000C1E0029D8F
:1045A000F843039D040000000044039D0000000048
:1045B00035E1029D0844039D030000009043039DE4
:1045C00000000000A9E1029D0C44039D04000000CE
:1045D0006443039D00000000EDE1029D1444039D2F
:1045E000040000006443039D0000000029E2029DD6
:1045F0001C44039D050000006443039D000000006F
:1046000065E2029D2444039D040000009043039D45
:104610000000000051DB029D2C44039D04000000BB
:104620006443039D00000000000000000000000043
:104630000000000000000000000000005F50490082
:104640005F450000494E46494E49545900000065F7
:104650004E614E0000650065182D4454FB21094051
:104660002900000000000000000000000000000021
:1046700000000000000000003C46039D0300000015
:104680006957148B0ABF0540290000000000000094
:10469000000000000000000000000000000000001A
:1046A0004046039D02000000000000000000F07F73
:1046B00029000000000000000000000000000000D1
:1046C00000000000000000004446039D08000000B8
:1046D000000000000000F07F290000000000000042
:1046E00000000000000000000000000000000000CA
:1046F0005046039D03000000000000000000000081
:1047000000000000000000000000000000000000A9
:104710000000000000000000000000000000000099
:10472000B1640055C0F01C61006B4B650057C0F0D0
:1047300010610667246765674A2FC3ED7860E4B2AD
:1047400043EEC0F01E61E3B2C3EAA0F10061106A5B
:104750000A65E667E6EA4767DFB749E740A2E86728
:10476000FDE20F65206AEBE2006F0B22066704EAA8
:10477000656764EAA4672867A6E9ADEB246724EAC5
:10478000E26702348234B06731ED9BEB012CE5E83F
:1047900010EE9BEB012CE5E812EAB8EA12EAC0330E
:1047A00060332236C236CDEB43EB06600DE303EBFC
:1047B000036143EB01600DE34BE39BEA012CE5E869
:1047C00010EB9BEA012CE5E812EAB8EA7010E3ED81
:1047D0000C6044676567AA6706254BEA006C43ECEA
:1047E0006BEBD867CFE33164A0E8B9B243EF80F058
:1047F0000F61B8B2E3EA40F11061106808652767FD
:1048000026E81167B4B101E140A0086709E2206819
:1048100043E080F00428A3EF0461C3EC4467186709
:10482000DA28CBE4F7E543EC78676FE5D417052E7B
:10483000016AFBEA012FE5E812E8A5B243E85A61F4
:10484000A4B203EA20F10C61106A6267D067C6EA7D
:104850004667A1B649E640A26DE2206F7FE7C0F04F
:10486000032F17E502348234D06731EE9BED012C23
:10487000E5E810EB9BED012CE5E812EAD8EA12EA34
:10488000603360332235A235ADEB43EB06600DE3B8
:1048900003EB036143EB00F110614BE39BEA012C56
:1048A000E5E810EB9BEA012CE5E812EAD8EA12EA07
:1048B0006033603331E92DEB43EB06600DE303EB2E
:1048C000036143EB01600DE34FE3436746EF006B89
:1048D0008217CBEE006AC3EA5867EBEF5FE7291750
:1048E0008BEC006A83EA5867ABED57E5016A4BEA47
:1048F0004A651C1700F10058C0F01560006A626735
:10490000A51700F1005EC0F00560006A0A65211776
:1049100000F1005FC0F00A60006808657017E4E805
:10492000666766EA6DEFC4E8AE65256726EAA4E827
:10493000646766EA6DED84E86C65E233623387672D
:1049400031EC2C657BE9012BE5E810EE8E657BE907
:10495000012BE5E812EC296738EC12EE0E65CC6706
:10496000C0312031A236C236CDE912EEC3E90C6067
:10497000CF448E65E5E1E3E980F01D6112EEC3E905
:1049800080F01960FE4CE5E1C867C7E17BE9012BC7
:10499000E5E810EE8E657BE9012BE5E812EB29676F
:1049A00038EB12EE0E65CC67C031203131EDADE948
:1049B00012EDA3E90960AF43E5E1E3E97A6112EEA4
:1049C000C3E97760FE4BE5E1A867A7E18035A03534
:1049D0006DEDCD67D9ED12EC10EDA3E94561AAE9C3
:1049E0006E60AFE1C467471004EF456746EBA4EF84
:1049F000246726EB2DED246724EF02348234D06740
:104A000031EE9BEA012CE5E810EB9BEA012CE5E88E
:104A100012EAD8EA12EA2A6560324032A2336233DF
:104A20006DEA12EB63EA066009E203EA036163EAF6
:104A3000016009E269676FE29BEB012CE5E810EA8F
:104A40009BEB012CE5E812EBD8EB12EB4032403245
:104A500031EDADEA63EA066009E203EA036163EA65
:104A6000016009E277E202176D677BE4FFE5C3ECC2
:104A700078676FE76FE18B67DBE4C3EC98678FE3E0
:104A8000836784EA4467C6E8CDEA66E8A416186A34
:104A90000A655F16086A0A655C1618680865AF162D
:104AA000186A6267D316086A6267D01608680865D4
:104AB000A616656789178C6767170DE3EE16CB6737
:104AC00083EED261C467006BD61700650000010059
:104AD000FFFFFF00E8B4039DB164602F0667246701
:104AE000C3ED79604567E8B363EEC0F01C6000F188
:104AF000005EA0F10860006B0B65E667E6EB676798
:104B0000E2B76DE7E0A368677DE7206BEFE3092379
:104B1000066704EB456744EBA467A6EFADEA24679C
:104B200024EB02348234D06731EE9BEA012CE5E8B5
:104B300010EB9BEA012CE5E812EAD8EA12ED6033AB
:104B400060332237E237EDEBA3EB0860EF420DE371
:104B500003EB0361A3EB80F112614767B7E39BEDC1
:104B6000012CE5E810EB9BED012CE5E812ECD8EC0C
:104B700012ED6033603331E92DEBA3EB0960CF44D4
:104B80000DE303EB40F10861A3EBFE4C40F1046040
:104B9000403240328DEA316420E8006BE3ED786109
:104BA000B9B243EF7961BAB2E3EA20F11D61106B4B
:104BB0002367076706EB7067B4B06DE040A329E296
:104BC000206B4FE37E2BA3EF40F10061C3ECD8676D
:104BD000016ACEEA5F10052E016ADBEA012EE5E8E4
:104BE00012E8A9B243E86661A9B203EA20F10561BF
:104BF000106A6267D067C6EA4667A4B649E640A273
:104C00006DE2206A6BE2A0F0152A17E50237E23761
:104C1000D06731EE016BFBED012FE5E810ECFBED09
:104C2000012FE5E812EAD8EA12ED2D6580348034D0
:104C30002235A235ADEC12EDA3EC0A60AF420D6552
:104C400011E403EC046112EDA3EC00F11561486777
:104C5000A967B7E4FBED012FE5E810ECFBED012FB0
:104C6000E5E812EDD8ED12EE8034803431E92DEC18
:104C7000C3EC0960EF4511E403ECC0F00B61C3EC39
:104C8000FE4DC0F0076040324032316420E8ADEAAA
:104C9000006B43673164A0E800F1005FC0F007607B
:104CA000006B236786177AB3C3EBC0F00361106B08
:104CB0000B65231700F10058C0F00260006A6267BC
:104CC0009917E4EB066706EA0DEFC4EB2E65C5679E
:104CD000C6EAA4EB046706EA0DEDE231223147672C
:104CE00031EA0A653BEE0129E5E810E83BEE0129CF
:104CF000E5E812EAC867D8EA12EE6E6500300030C7
:104D0000A236C236CDE812EEC3E80760CF424E6548
:104D1000E1E0E3E8A0F004604A67CB67C3E03BE86A
:104D20000129E5E810EE4E653BE80129E5E812E9C6
:104D3000086718E912EE0E65CA67C030003031ED21
:104D4000ADE812EDA3E80660AF41E1E0E3E880F0F2
:104D500000602567E867E3E0403240322DEAA9674A
:104D6000B9EA12EE10EFE3E85C61EEE85720006B61
:104D70003164A0E804EAE567E6EB0F65A4EAC467DE
:104D8000C6EBCDED246724EA0237E237D06731EE77
:104D90004867FBEA012FE5E810EA6867FBEB012FA3
:104DA000E5E812EC2C65D8EC12EB40324032A2342C
:104DB00082348DEA63EA0B608967FF4C0C6509E277
:104DC00003EA576163EA5560FF4C2C6509E273E220
:104DD000FBEC012FE5E810EBFBEC012FE5E812EC12
:104DE000D8EC12EA0A656032403231EDADEA12EBDE
:104DF00063EA09606F4409E203EA396112EDA3EA4C
:104E00003660FE4C09E2686777E2496740336033F9
:104E10008DEB0117A76737178667BA1684EBC3ECCB
:104E2000A660FF4A006BA417186B2367C216086BB5
:104E30002367BF16186B0B656016186A6267DA166F
:104E4000086A6267D716086B0B655716006B016A14
:104E5000211712EEC3E87FF71C60FE49E1E07A17E4
:104E600012EEC3E85FF71860FE4AE1E05617836769
:104E7000CA1788672C65AB17FE4A11E4E916FE4A8B
:104E80000DE36C1600000100E8B4039DFFFFFF0076
:104E9000D0FFBD270000BFAF00000A24FF03C128D8
:104EA0001A002014000000002538040025400500E9
:104EB000254806001000A7AF1400A8AF1800A9AF3E
:104EC0001C00AAAF000004240080053C68E0400FED
:104ED000FF030624253018002528030025200200A2
:104EE0001C00AA8F1800A98F1400A88F1000A78F8C
:104EF00001000A24FF0301240400C1140000000083
:104F0000FE030624FFFF05242520050025380400A4
:104F1000254005002548060001040C242360860175
:104F20000800812D020020140000000008000C245D
:104F3000026E050006688D0108000F242378EC013D
:104F4000FFFF0E240670EE012428AE00C0660D009F
:104F5000190087011058000019008801123800005C
:104F6000104000002138EB002B70EB0021400E01B7
:104F7000FF030C24236089012000812D05002014EB
:104F8000000000002538080000000824FAFFE014A3
:104F9000E0FF8C2508008011000000002558080063
:104FA000063887010640880120000E242360CC01CA
:104FB00004588B012538EB000080013C254001019D
:104FC0000800A014FF03092403008014000000005F
:104FD0000D00001000000624252880000000042495
:104FE000E0FFC6242058AB700700601100000000ED
:104FF0002330CB0022600B00066084010420640192
:10500000042865012528AC001000A7AF1400A8AF44
:105010001800A9AF1C00AAAF2000ABAF2400ACAFB2
:1050200068E0400F2800ADAF0400A2AF0800A3AFB6
:105030000C00B8AF252002002528030025301800F9
:10504000253802002540030054EF400F2548180082
:10505000252002002528030025301800030007241E
:1050600001A0083C74EC400F60E508251000A2AFD9
:105070001400A3AF1800B8AF2520020025280300B4
:10508000253018000400A78F0800A88F54EF400FA8
:105090000C00A98F252002002528030025301800C8
:1050A00001A00F3C88E5EF252800AE8F80700E0030
:1050B0002178EE012178EE012178EE010000E78DE4
:1050C0000400E88D74EE400F0800E98D25301800CB
:1050D00025280300252002002800AD8F2400AC8F76
:1050E0002000AB8F1C00AA8F1800A98F1400A88F76
:1050F000110040111000A78F6821073C35C2E7342A
:105100000FC9083CA2DA083579F0400FFF030924E3
:105110002530180025280300252002002800AD8F27
:105120002400AC8F2000AB8F1C00AA8F1800A98F21
:105130001400A88F1000A78F251004002518050063
:1051400025C006000000BF8F0800E0033000BD2727
:1051500000000000E0FFBD270000BFAF4040050099
:1051600042450800C03A0500425504002538EA00CF
:10517000C03204000080093C2538E900244825019C
:10518000FF07012405000115000000004050070042
:10519000255046011D0040150000000016000011BA
:1051A000000000000400A4AF0800A5AF1800A9AFDC
:1051B0002520060025280700A4D3400F253008002D
:1051C0002540180025380300253002001800A98F5B
:1051D0000800A58F0400A48FC222060040550700D6
:1051E00025208A0040280700022B050000550800F2
:1051F0002528AA002528A900251004002518050047
:105200000000BF8F0800E0032000BD27F8FF053C29
:10521000F9FF00100000042400000000D0FFBD27AB
:105220000000BFAF40480500424D0900253009008D
:10523000C0420500426D040025400D01C03A040043
:105240000080013C25400101FE03212D3D0020147A
:1052500000000000FE0301240B00211100000000EB
:105260000004212DC100201000000000406808004B
:105270002568A701BD00A01500000000000008245B
:105280004300001025480800255007002558080055
:10529000256009002B680A0023500A0023580B00E0
:1052A00023586D0108006015000000000300401540
:1052B000000000000D00001000000C2425584001E3
:1052C00000000A24E0FF8C25203867710700E010F9
:1052D00000000000236087012240070006400A0109
:1052E0000450EA000458EB0025586801FFFF8C25A4
:1052F0000400A4AF0800A5AF0C00A6AF1C00AAAF25
:105300002000ABAF2400ACAF25200A0025280B00FD
:105310007CDE400F25300C00254818002540030096
:10532000253802002400AC8F2000AB8F1C00AA8F10
:105330000C00A68F0800A58F0400A48F1400001095
:10534000010029250400A4AF0800A5AF0C00A6AFFA
:105350001000A7AF1400A8AF1800A9AF25200700C0
:105360002528080054EF400F25300900256018005B
:1053700025580300255002001800A98F1400A88F9B
:105380001000A78F0C00A68F0800A58F0400A48F23
:105390000400A4AF0800A5AF0C00A6AF1000A7AF93
:1053A0001400A8AF1800A9AF25200A0025280B007B
:1053B00025300C000B00072401A0083C74EC400FC2
:1053C000A4E908251C00A2AF2000A3AF2400B8AFB9
:1053D0001000A48F1400A58F1800A68F2538020096
:1053E0002540030054EF400F2548180025481800B9
:1053F00025400300253802002400AC8F2000AB8F2D
:105400001C00AA8F0C00A68F0800A58F0400A48F93
:10541000FE03C1282F002010000000001400A1048A
:10542000000000002520070025280800253009007D
:105430006821073C35C2E7340FC9083CA2DA0835B9
:1054400074EE400FFF03092425481800254003008F
:10545000253802002400AC8F2000AB8F1C00AA8FDF
:105460000C00A68F0800A58F340000100400A48F44
:105470000400A4AF0800A5AF0C00A6AF1C00AAAFA3
:105480002000ABAF2400ACAF252007002528080082
:10549000253009006821073C35C2E7340FC9083CB4
:1054A000A2DA083579F0400FFF03092425481800D7
:1054B00025400300253802002400AC8F2000AB8F6C
:1054C0001C00AA8F0C00A68F0800A58F1B000010DF
:1054D0000400A48F1900A104000000000400A4AF80
:1054E0000800A5AF0C00A6AF1C00AAAF2000ABAF10
:1054F0002400ACAF2520070025280800253009002E
:105500006821073C35C2E7340FC9083CA2DA0835E8
:1055100079F0400F000409242548180025400300B5
:10552000253802002400AC8F2000AB8F1C00AA8F0E
:105530000C00A68F0800A58F0400A48FC2220700CC
:10554000406D080025208D0040280800022B050032
:10555000006D09002528AD00251004002518050060
:105560000000BF8F0800E0033000BD27F8FF053CB6
:10557000F9FF00100000042400000000B16465671A
:105580004A2F06672467C3ED6860D1B243EEC0F0CE
:10559000016000F1005E60F11F60006A0A65E66765
:1055A000E6EA4767CBB749E740A2E867FDE20F6547
:1055B000206AEBE2006F0B22066704EA656764EA83
:1055C000A467C867A6EEADEB246724EAE26702355C
:1055D000A235906731ECBBEB012DE5E810EEBBEB9B
:1055E000012DE5E812EA98EA12EAC0336033223668
:1055F000C236CDEB43EB06600DE303EB036143EBF7
:1056000001600DE34BE3BBEA012DE5E810EBBBEADB
:10561000012DE5E85F10E3ED7261ADB243EF736118
:10562000ADB2E3EA20F10F6110680865476746E80C
:10563000A8B141E140A0086709E2206843E078286A
:10564000A3EF0461C3EC446718675B28CBE4F7E57C
:1056500043EC9867316420E88FE5052E016ADBEAA8
:10566000012EE5E812E89AB243E85B619AB203EAD8
:1056700000F10F61106A6267F067E6EA95B6E9E645
:1056800040A26DE2206F7FE7A0F0122F17E50236EF
:10569000C236906731ECDBED012EE5E810EBDBED77
:1056A000012EE5E812EA98EA12EA60336033223507
:1056B000A235ADEB43EB06600DE303EB036143EB77
:1056C000E0F01C614BE3DBEA012EE5E810EBDBEADE
:1056D000012EE5E812EA98EA12EA6033603331E914
:1056E0002DEB43EB06600DE303EB036143EB01603D
:1056F0000DE34FE3436746EF316420E8006B4467F6
:1057000065673164A0E800F1005FA0F019600068EF
:1057100008658C1770B2C3EAC0F00161106A0A65AF
:105720003E1700F10058A0F01160006A6267A417EC
:10573000E4E8666766EA6DEFC4E84E65C567C6EAE9
:10574000A4E8646766EA6DED84E86C65E233623371
:10575000876731EC0C657BEE012BE5E810E97BEE09
:10576000012BE5E812EE98EE12EC8C652031203129
:10577000A23482348DE912EC83E907608F462C65F0
:10578000E5E1E3E980F01360C9678C6793E17BECA6
:10579000012BE5E810E97BEC012BE5E812EB8867CB
:1057A00098EB12EC2031203131EDADE983E9056051
:1057B000AF43E5E1E3E97660656787E1C035A03591
:1057C0006DEDCA67D9ED12EC10EDA3E95161AAE9BC
:1057D0007760AFE1C4678B67DBE4C3EC98678FE366
:1057E000836784EA4467C6E866E8316420E8CDEA66
:1057F00004EF456746EBA4EFC467C6EBCDED246725
:1058000024EF0236C236906731ECDBEA012EE5E880
:1058100010EBDBEA012EE5E812EA98EA12EA2A65C3
:1058200060324032A23362336DEA12EB63EA066003
:1058300009E203EA036163EA016009E269676FE272
:10584000DBEB012EE5E810EADBEB012EE5E812EBDD
:1058500098EB12EB4032403231EDADEA63EA06607C
:1058600009E203EA036163EA016009E277E21317E0
:105870006A677BE4FFE5C3EC78676FE76FE1AB171E
:1058800008680865D31618680865D016086A626744
:10589000F316186A6267F016086A0A658016186AB5
:1058A0000A657D1683E98860FE4BE5E1861712ECF8
:1058B00083E97FF70960FE4EE5E167170DE3021704
:1058C000CB6783EED561C467006B851700000100CC
:1058D000E8B4039DFFFFFF00F76404678D65042CA7
:1058E0001A18DACE85679E11A844FFF77C9C04D372
:1058F000046ECBEE6CEE4C670B4A175A0661086BD0
:105900006BEB4CEB005302600410106B8C6783EB65
:1059100004600C6BC5B260DA841162EE40F11F6066
:10592000C9E5C3B7229F29652AEA819A4C650A60B6
:10593000026FEBEF8CEFFDE20F65016F2867219995
:105940002CEF222F046FEBEF8A67ECEC0C65DDE4A3
:1059500013612743094922EF1A6175E5B4B1A2D951
:105960007FE7016A4DEFE1DDFFF79C988CEA6DEA75
:10597000FFF75CD85067561162EF0961839A429A2B
:1059800083DA42DCC7672B11006F0F654767016F31
:1059900004912CEFC0F0132FFFF7989887E5E19959
:1059A000046C8BEC8CEFDDE709D780F00E22896761
:1059B0008AEA4D61486749E705D24743094A059796
:1059C00042EF80F002614399829943DC82DAE74139
:1059D000014FFC4E255E2660145E476798671B2CBE
:1059E000409842D9819883D91C5E04604741094A96
:1059F00008481110429844D9839885D924760460C8
:105A00004741114A10480710449846D94741194A5E
:105A1000859887D91848809880DA819881DA029829
:105A200002DA07108767B0671A1810F808D3E26720
:105A3000089375E17EB2A2DA059273E2016A4DEC39
:105A400081DD81998CEA6DEA41D94767EB1088675F
:105A5000099791E705D462EC3861839A429A83DA18
:105A600042DC4399829943DC82DA8741014CFC4E47
:105A7000255E2560145E1B61E098E2D9419843D908
:105A80001C5E04608741094C08481110829884D933
:105A9000E398E5D9247604608741114C104807103B
:105AA000449846D98741194CE598E7D91848409859
:105AB00040DCE198E1DC029802DC05963610B06724
:105AC0001A1810F808D305963710099762EF376156
:105AD0004399829943DC82DA8741014CFC4E255E72
:105AE0002660145E1B61409842D9819883D91C5E60
:105AF00004608741094C08481110E298E4D94398A2
:105B000045D9247604608741114C104807108498C9
:105B100086D98741194CE598E7D91848409840DC68
:105B2000E198E1DC029802DC0996B1675810B06791
:105B30001A1810F808D30996B167089350108C67AB
:105B400008D307D51A18DACE06D622670893079528
:105B500006966722F84A026C8BEC0497ECEC91E510
:105B60008EEA072AFFF75C99046C8BEC8CEA59E605
:105B70003610FC4E255E2A60145E1F61409840D9A5
:105B8000619861D91C5E05604741014A6740014B3D
:105B90001610829882D9E398E3D9247605604741AC
:105BA000094A6740094B0B10449844D94741114AB0
:105BB0006740114B859885D9021051677067E09B4B
:105BC000E0DA819B81DA629B62DA041091671A182D
:105BD00010F8B0671A18F3E79067516723106BE667
:105BE000105AE19D126171E5016ECCEF6DEFE1DDC0
:105BF0006267CDEB61DC49E4619ACDEB61DA084C78
:105C00001A18F3E707D507950910016B4367ECEA0B
:105C1000CDEA41DDD9E5419E6DEA41DE4745014AC5
:105C20000110006A7764A0E8F00000A058E100A02D
:105C3000D8FFBD270000BFAFC34707000400A4AFD3
:105C40000800A5AF0C00A6AF1000A7AF1400A8AFC6
:105C5000175C073CBCF0E734AAB8083C293B083580
:105C600054EF400FFF030924257018002568030036
:105C7000256002001400A88F1000A78F0C00A68FCB
:105C80000800A58F0400A48F0000092402FCCA2587
:105C90000F00412D05002014000000005500401D9C
:105CA000000000001700001000000000FFFF4A2560
:105CB0000B004005000000002A78800121608C0163
:105CC0002A10A0012168AD012168AF0125780200EA
:105CD0002148290121482F01F4FF0010FFFFCE25A4
:105CE0000800A105000000002B780C0023600C00C8
:105CF00023680D002368AF010080013C2638E100D5
:105D0000010029251A00E010000000000400A4AFE3
:105D10000800A5AF0C00A6AF1000A7AF1400A8AFF5
:105D20001800A9AF1C00AAAF25200C0025280D00E3
:105D300025300E000800072401A0083C74EC400F39
:105D4000A4DD0825257018002568030025600200E1
:105D50001C00AA8F1800A98F1400A88F1000A78F0D
:105D60000C00A68F0800A58F190000100400A48F56
:105D70000400A4AF0800A5AF0C00A6AF1000A7AFA9
:105D80001400A8AF1800A9AF1C00AAAF25200C0072
:105D900025280D0025300E000800072401A0083C2E
:105DA00074EC400F54DD08252570180025680300A9
:105DB000256002001C00AA8F1800A98F1400A88F6C
:105DC0001000A78F0C00A68F0800A58F0400A48FD9
:105DD00026482801234828012170C90125100C00FC
:105DE00025180D0025C00E000000BF8F0800E0033D
:105DF0002800BD270400E01000000C2400000E2441
:105E0000F6FF001025680E0000800D3CF3FF001027
:105E1000FF7F0E24E8FFBD270000BFAF4050050004
:105E200042550A00C04A0500425D040025482B0186
:105E3000C04204000080073C25482701FFFF4B2596
:105E4000FE07612D1F002010000000002438A7006D
:105E50000400A4AF0800A5AF1000A7AF25200800DC
:105E6000252809000CD7400F25300A0025501800BE
:105E700025480300254002001000A78F0800A58FC9
:105E80000400A48FFFFF4B25FE07612D2100201089
:105E900000000000C2220800405D090025208B00A0
:105EA00040280900022B0500005D0A002528AB00F0
:105EB00025100400251805000000BF8F0800E0032E
:105EC0001800BD27100040110000000040580900D4
:105ED0002558680109006015000000000400A104B5
:105EE0000000000000000424F1FF00102528040039
:105EF000F07F053CEEFF001000000424F8FF053C95
:105F0000EBFF001000000424F03F053CE8FF001008
:105F100000000424F6FF401D000000000C000724D0
:105F20002338EA002000E12C0500201400000000C6
:105F30002540090000000924FAFF0015E0FFE724CE
:105F40000800E01000000000255009000640E800AD
:105F50000648E90020000B24233867010450EA00BA
:105F600025400A0125280900D1FF0010252008003E
:105F70000D0A0A3E3E3E204552524F523A20556E7F
:105F800061626C6520746F20616C6C6F6361746515
:105F9000206D656D6F72790D00000065203F3F3FF9
:105FA0000D0000650D0A0A3E3E3E204552524F52FA
:105FB0003A2028465225642920000065556E61620A
:105FC0006C6520746F20706572666F726D206669F3
:105FD0006C652073797374656D206F706572617480
:105FE000696F6E0D0000006525730D0A00000065E5
:105FF0002A2E2A00000000650D0A0A4469726563B2
:10600000746F72792025730D0A0A000025632563D9
:10601000256325632563202534752F253032752FA0
:106020002530327520253032753A25303275200002
:1060300020202020203C4449523E202020000065A2
:106040002531306C7520202000000065252D387327
:1060500020000065252D3373000000650D000065EC
:106060000D0A2573257300000D0A25732573202D55
:106070003E202573000000650D0A25346C752066EE
:10608000696C652873292C202531326C7520627962
:1060900074657320746F74616C0D0A25346C7520FF
:1060A00064697228732900002C20202531326C7518
:1060B00020627974657320667265650D0A0000655B
:1060C0000D0A0A3E3E3E2025346C752066696C65DB
:1060D0002873292064656C65746564000D0A0A3EA6
:1060E0003E3E2025346C752066696C652873292036
:1060F00072656E616D6564000D0A0A3E3E3E2025A4
:10610000346C752066696C6528732920636F70692B
:1061100065640000696E697400000065556E616217
:106120006C6520746F206D6F756E7400202E2E2E9E
:1061300020000065556E61626C6520746F20726589
:1061400061642066696C6573797374656D000065C0
:10615000556E61626C6520746F2063726561746551
:106160002066696C6573797374656D000D0A3E3E37
:106170003E20257320696E697469616C697365647A
:106180002073697A6520256C75204B62797465737C
:106190000D0A0000636864697200006563640000B2
:1061A00003640000556E61626C6520746F20636843
:1061B000616E6765206472697665206F722064691C
:1061C000726563746F7279000D0A3E3E3E200000D6
:1061D00043757272656E7420706174683A2025731D
:1061E0000000006564656C0072656E00636F707915
:1061F00000000065646972006D6B6469720000657F
:10620000726D6469720000656C69737400000065EA
:106210000D0A0A25336C753A200000650D0A5E638D
:10622000616E63656C0D00000D25336C753A2000BE
:10623000626C6973740000650D0A0A2530366C586B
:106240003A000065202530325800006520202000EB
:1062500020207C20000000650D0A2530366C583A5D
:10626000000000650D0A0000556E61626C652074C7
:106270006F206D616B65206469726563746F7279FC
:1062800000000065556E61626C6520746F20726558
:106290006D6F7665206469726563746F7279000052
:1062A0004050050042550A00C04A0500427D0400E6
:1062B00025482F01C042040000800E3C25482E01D5
:1062C00040680700426D0D00C0620700427D060075
:1062D00025608F01C05A060025608E012628A70080
:1062E0002428AE00FFFF4F25FE07E12D47002010B8
:1062F00000000000FFFFAF25FE07E12D6F0020101A
:106300000000000002FCAF2521504F0119002C01B4
:10631000123800001070000019000B01122000005C
:106320001030000019002B01125800001068000006
:106330002130CB002B78CB002138ED002138EF0045
:106340000200ED10000000002B78ED002170CF015D
:1063500019000C0112400000104800002130C80054
:106360002B78C8002138E9002138EF000200E9103D
:10637000000000002B78E9002170CF01257886000D
:106380000200E011000000000100E73425480E0083
:1063900006002005254007002A7800012140080159
:1063A0002148290121482F01FFFF4A25FFFF4F25E2
:1063B000FE07E12D68002010000000000004082501
:1063C00000040F2D21482F012B782F0121504F0160
:1063D000C27A08000100EF3123400F01C2220800F9
:1063E000407D090025208F0040780900027B0F00C6
:1063F0002528AF00007D0A002528AF0025100400E5
:10640000251805000800E003000000002A780001BC
:1064100021400801214829011C00401521482F0175
:10642000257828011400E011000000000800201564
:10643000000000000300001500000000ADFF001088
:1064400000000A242548000100000824E0FF4A2536
:1064500020702E71A7FFC0110000000023504E01D4
:1064600022380E000638E8000440C8010448C9017B
:10647000A0FF001025482701FF0701243300A111C8
:1064800000000000DDFF001000000000257828015A
:106490002E00E015000000000500A015000000001F
:1064A00040780C002578EB012800E0110000000086
:1064B000FF0701242100A115000000002A786001D7
:1064C00021586B0121608C011900A01521608F01FA
:1064D00025788B011400E0110000000008008015F1
:1064E00000000000030060150000000085FF0010A0
:1064F00000000D242560600100000B24E0FFAD25A5
:10650000203086717FFFC010000000002368A601C4
:10651000227006000670CB010458CB000460CC004A
:1065200078FF001025608E01B4FF001000000424E5
:1065300025788B010500E01500000000F07F013C8C
:106540002528A100ADFF001000000424F8FF053C41
:10655000AAFF001000000424F8FF401D0000000006
:1065600001000E242370CA012000C12D0700201451
:1065700000000000E0FFCE212B3008000D000910C4
:1065800025402601F8FF0010000009340900C01161
:106590000000000022380E000430E8000438E90052
:1065A0000640C8010648C9010200C0102540E800A5
:1065B000020008350004082500040F2D21482F0192
:1065C00083FF0010C257090000000000E8FFBD274C
:1065D0000000BFAF02450500C03A0500427D04003F
:1065E0002538EF00C03204000080013C2538E1006E
:1065F000FFFF0F25FE07E12D88002010000000009E
:106600000400A4AF0800A5AF0C00A6AF1000A7AF10
:106610001400A8AF25200600252807007CDE400FC7
:106620002530080025581800255003002548020091
:106630001400A88F1000A78F0C00A68F0800A58F4C
:106640000400A48F01000F310500E01100000000DC
:1066500042300600C07F07002530CF0042380700D7
:106660001900490112680000106000002A78A0019A
:106670002168AD0121608C0121608F0119004A0160
:10668000122000001070000021608401190029010F
:1066900012700000102000002168A4012B78A401D2
:1066A00021608F012360860125788D012578EE0118
:1066B0004900E011000000002200800500000000F9
:1066C00001002F2DFFFF292523504F010100CF2D61
:1066D000FFFFCE250000E2252B78A2012368A2014E
:1066E00023608F012B78C9012370C9012B10AF01E2
:1066F0002368AF012B78AA012578E2012368AA015B
:1067000023608F012B78C9012370C9012B10AF01C1
:106710002368AF012B78AA012578E2012368AA013A
:1067200023608F012C0080050000000025788D017A
:106730002578EE01E2FFE0150000000026000010C1
:10674000000000000100292501002F2D21504F01DC
:106750002B784F011D00E015000000002170C901D9
:106760002B78C9012168AA012168AF010200AA1192
:10677000000000002B78AA0121608F012170C9015F
:106780002B78C9012168AA012168AF010200AA1172
:10679000000000002B78AA0121608F010100CF2D9D
:1067A000FFFFCE250000E2252B78A2012368A2017D
:1067B00023608F01E3FF80050000000025788D0134
:1067C0002578EE010400E0110000000001002F2DEB
:1067D000FFFF292523504F010004292500042F2DF8
:1067E00021504F012B784F0121586F01C22209001F
:1067F000407D0A0025208F0040280A00022B05005A
:10680000007D0B002528AF00251004002518050089
:106810000000BF8F0800E0031800BD270700A10497
:1068200000000000407805002578E4012600E0150E
:1068300000000000F4FF0010000000001B00001525
:10684000000000002A78C0002130C6002138E7008F
:106850002138EF002578E6002000E011000000005C
:106860000800E014000000000300C0140000000055
:1068700063FF0010000008242538C0000000062433
:10688000E0FF08252060EC705DFF80110000000033
:1068900023400C0122680C000668A6010430860122
:1068A0000438870156FF00102538ED0040780700B6
:1068B0002578E6010400E015000000002510040022
:1068C000D3FF001025180500F8FF053C0000042444
:1068D00025100400CEFF0010251805000000042438
:1068E0002528040025100400C9FF00102518050004
:1068F00000000000C3649C67B0F11C4C1A1833F907
:106900000065829A80336C33A39AA03480348DEB77
:10691000A19AB4348DEB809A86348DEB859AB04C75
:1069200040F680348DEB449A014A40F5403243648E
:1069300020E86DEA20E846AC5C67055C206088359D
:1069400011B36DE5609B80EB5D69039D5D69039DFF
:106950006169039D6D69039D6D69039D20E8006A6F
:1069600090F0509A015A586720E84432C364FD4CB5
:10697000D0F18CC21A184BB9006C4364A0E820E82F
:10698000016A00654869039DE3641C67055C336028
:1069900088331CB249E3409A80EA0065B769039DD9
:1069A000B169039DBB69039DD769039DD769039DA9
:1069B00015B210F054D8006B1F1090F05098FB2ABD
:1069C000906790F0104C1A1859CC006D90F05098C8
:1069D000F22A026B1110FD4CD0F18CC0016C006DDD
:1069E0000AB71A188A51086E016B062A1A1850B98C
:1069F000006C62670110016B636420E84367006507
:106A00009C69039D0000009D809698005C67055C72
:106A10003B60F5646567066788361EB5B5E6A09DE0
:106A200000ED2767536A039D396A039D576A039DEA
:106A3000636A039D636A039D00F208580261046A59
:106A400025101C3010F0B49A836715E51A1C3FE737
:106A5000FC36006A1B1090F0709A046A172B036AC8
:106A60001510FD4CD0F18CC2016C006D086E0AB798
:106A70001A188A5104D30493E22A006CA367D067E2
:106A80001A18ABB9F167021020E8046A7564A0E82F
:106A9000246A039D809698007C67055C4E600EF02A
:106AA000F6642567883528B249E5409A00EA06670A
:106AB000056B039DC56A039D0D6B039D196B039DBB
:106AC000196B039D00F2085E0261046A3810006AC7
:106AD00004D2040400F4006D1A1859CC06D30497AC
:106AE0000693122719B246AA58E812ED10F0949BAB
:106AF0000F9358EBB1E4B1671A18245812EE1A1824
:106B000041CC0404006A1B10016A191090F0709BBC
:106B1000046A152B036A1310FD4CD0F18CC3016C71
:106B2000006D0BB71A188A51086ECF2A006CB16736
:106B3000D0671A18CDB90F97021020E8046A76645E
:106B4000A0E80065B06A039D040A00A08096980042
:106B5000055C4C60F5642567883329B249E3409AA7
:106B600000EA0667796B039D876B039DA56B039D08
:106B7000C76B039DC76B039D02751E6121B246AAB8
:106B800040C64232151002750F600375136001751F
:106B9000306100F2086A04D2906704051A1C3FE7CE
:106BA000046E271002750861806A4BEA40C0006AD3
:106BB00041C01F10086AEF170371016AEC604EE9CB
:106BC000182904D1E917FD4C5C67D0F18CC2016C27
:106BD000006D0DB71A188A51086E046B0B2A006CF1
:106BE000B1671A18FFB9D06762670410046B20E818
:106BF0004367006B756420E843670065646B039D21
:106C0000040A00A0809698006D656D63707900009D
:106C1000762A2C762A2C43762A2C7A006D656D73A1
:106C200065740000762A2C762A2C692C7A0000657F
:106C30006D656D6D6F7665006D656D636D700000DF
:106C4000692C43762A2C43762A2C7A006D656D6375
:106C50006872000043762A2C43762A2C692C7A002D
:106C60007374726C656E00007A2C43632A000065B1
:106C70007374726370790000632A2C632A2C436357
:106C80002A0000657374726E63707900632A2C6346
:106C90002A2C43632A2C7A00737472636174000097
:106CA0007374726E63617400737472636D7000004C
:106CB000692C43632A2C43632A0000657374726E47
:106CC000636D7000692C43632A2C43632A2C7A007D
:106CD000737472636872000043632A2C43632A2C26
:106CE0006900006573747272636872007374727302
:106CF000706E00007A2C43632A2C43632A000065DF
:106D00007374726373706E007374727062726B006E
:106D100043632A2C43632A2C43632A0073747273DF
:106D200074720000737472746F6B0000C5C1029DB1
:106D3000086C039D06000000106C039D000000001D
:106D400029C1029D1C6C039D06000000246C039D5C
:106D50000000000061C2029D306C039D070000002E
:106D6000106C039D00000000FDC2029D386C039D65
:106D700006000000406C039D0000000099C3029DC6
:106D80004C6C039D06000000546C039D0000000045
:106D900035C4029D606C039D06000000686C039D75
:106DA0000000000071C4029D706C039D060000008D
:106DB000786C039D00000000DDC4029D846C039D7F
:106DC000070000008C6C039D0000000079C5029D47
:106DD000986C039D06000000786C039D0000000085
:106DE000E5C5029DA06C039D070000008C6C039D0F
:106DF0000000000081C6029DA86C039D06000000F3
:106E0000B06C039D00000000EDC6029DBC6C039DAC
:106E100007000000C46C039D0000000089C7029DAC
:106E2000D06C039D06000000D86C039D000000009C
:106E3000F5C7029DE46C039D07000000D86C039D1C
:106E40000000000061C8029DEC6C039D060000007C
:106E5000F46C039D00000000CDC8029D006D039DF1
:106E600007000000F46C039D0000000039C9029D7A
:106E7000086D039D07000000106D039D00000000D9
:106E8000A5C9029D1C6D039D06000000106D039DA9
:106E90000000000011CA029D246D039D0600000041
:106EA000786C039D0000000000000000000000005E
:106EB0000000000000000000000000004E554C4C97
:106EC0000000006500650065000000000000000093
:106ED0006001000000000000000000000000000051
:106EE0000000000000000000BC6E039D04000000D4
:106EF0000000000000000000000000000000000092
:106F00000000000000000000000000000000000081
:106F10000000000000000000C8FFBD270000BFAF58
:106F20004050050042550A00C04A0500427D040059
:106F300025482F01C042040000800E3C25482E0148
:106F400040680700426D0D00C0620700427D0600E8
:106F500025608F01C05A060025608E012470C5018E
:106F6000FFFF4F25FE07E12D5A0020100000000012
:106F7000FFFFAF25FE07E12D750020100000000087
:106F80000400A4AF0800A5AF0C00A6AF1000A7AF87
:106F90002000ABAF2400ACAF2800ADAF2C00AEAFEB
:106FA000252008002528090025300A0025380B0077
:106FB00025400C0068E0400F25480D002520020008
:106FC00025280300A4D3400F2530180025501800B1
:106FD00025480300254002002C00AE8F2800AD8F0D
:106FE0002400AC8F2000AB8F1000A78F0C00A68F61
:106FF0000800A58F1500E1040400A48F25200800D7
:107000002528090025300A006821073C35C2E734ED
:107010000FC9083CA2DA083579F0400F00040924B2
:107020002550180025480300254002002C00AE8F93
:107030002800AD8F2400AC8F2000AB8F1000A78FED
:107040000C00A68F0800A58F0400A48F1400401D1B
:1070500000000000010006242330CA002000C12CDB
:10706000050020140000000025400900000009244C
:10707000FAFF0015E0FFC6240800C0100000000061
:10708000255009000640C8000648C90020000F240A
:107090002330E6010450CA0025400A0100000A24FA
:1070A000C2220800407D090025208F0040280900E9
:1070B000022B0500007D0A002528AF002528AE0020
:1070C00025100400251805000000BF8F0800E0030C
:1070D0003800BD270700401100000000407809007B
:1070E0002578E8014100E01500000000A0FF001035
:1070F00000100A242A7800012140080121482901B2
:1071000021482F0108002015000000000300001591
:107110000000000096FF001000000A24254800012E
:1071200000000824E0FF4A252030267190FFC0109F
:10713000000000002350460122200600062088009F
:107140000440C8000448C90089FF001025482401F4
:107150000A00A0110000000040780C002578EB0127
:107160002200E0150000000000100D241F004D114A
:107170000000000082FF0010000000002A7860017B
:1071800021586B0121608C0121608F012578280135
:107190002578EC012578EB011400E01100000000D7
:1071A00008008015000000000300601500000000CA
:1071B00073FF001000000D242560600100000B2407
:1071C000E0FFAD25203086716DFFC010000000008B
:1071D0002368A6012220060006208B000458CB005D
:1071E0000460CC0066FF001025608401F8FF053CB8
:1071F000B3FF00100000042400000000A0E80065B8
:1072000008F0F96460849FB469E44082886C8CEA79
:1072100012900822014860809AB569E54082886C26
:107220008CEAF82A2D73C0F011602B6C8EEB006D88
:107230000AD5015B786761E0608092B469E440A29E
:10724000046C8CEA006905D1E0F01F2206D193B4EA
:1072500093B508D409D50148D04B04D306956DEDFC
:1072600006D59167059508961A1CA8D80997049425
:107270000BD21A1CA4F30CD30B960C978667A76746
:10728000C2671A1CC8CCE367226705D360807DB44F
:1072900069E440A2046C8CEADE2A016A2E73546011
:1072A00080F0182A13933B23129304D3006C07D465
:1072B0000492139540DD07933223C0F763324EEBFF
:1072C0004FE308D370B404D476B277B309680410DE
:1072D0000494F84C04D41120FF48089487E8016D09
:1072E000ACECF6248267A3670492C09A1A1CA8D853
:1072F000E19A0494F84C04D4EF280795916700555F
:107300000595C267E36780F01A611A1CA8D800656A
:107310008267A3671A185EEB0796226705D35BB2F4
:1073200005936CEAA0F0062105922DEA80F01B225D
:107330000A95062591671A1C93FA0595226705D3CD
:10734000516705937964A0E8A14004D501804DB44C
:107350000DE460A3046C8CEB80F00323006D07D573
:107360004EB24FB308D209D30493014B04D3D04893
:1073700006940DEC06D49167059508961A1CA8D8BA
:10738000099790670BD21A1CA4F30CD30B960C9799
:107390008667A767C2671A1CC8CCE367226705D354
:1073A0000795FF4D07D50492008236B309E340A24A
:1073B000046B6CEAD92A7067216A4BEA6CEA91EA9D
:1073C0004572126013927FF7132A75170148016AFC
:1073D0000AD23217608004D0006C07D4216A4BEACD
:1073E0006CEA91EA4572EE61049581852D74226004
:1073F0002B7431600492014A04D2006E21B589E5F4
:1074000040A2046B6CEA006B0F2264326C336DE2B5
:107410000492014A04D2D04C8DE3808219B589E5EB
:1074200040A2046DACEAF12A01266BEB079269E2F7
:1074300007D2C8178285024D04D5016EDF171A1CCA
:1074400077CA00658267A3676517516706D12E73F7
:107450003FF70661791704938283024B04D3006ED1
:10746000CD1704901D1706947FF70224226B08B2F3
:1074700060DA5E1707B36EEA5FF7162AF717006542
:10748000E5B3039D50DD039DFFFFFF7FF00000A0EB
:107490000000F07F0065006500000000000024404F
:1074A000000000000000F03F4050050042550A0077
:1074B000C04A0500427D040025482F01C042040057
:1074C00000800E3C25482E0140680700426D0D00EB
:1074D000C0620700427D060025608F01C05A060089
:1074E00025608E012470C501FFFF4F25FE07E12DA9
:1074F0005600201000000000FFFFAF25FE07E12D21
:107500006E0020100000000023384D014B00E00405
:107510000000000042400800C07F090025400F0124
:107520004248090042580B00C07F0C0025586F01EB
:1075300042600C002B780B0123400B012B102F0114
:1075400023482F012B782C012578E2010500E0115A
:1075500023482C0121400B012B780B0121482C01E1
:1075600021482F012A7800012140080121482901E2
:1075700021482F01FFFFE724EEFFE1040000000097
:107580000800201525500D00030000150000000024
:107590000D00001000000A24254800010000082406
:1075A000E0FF4A25203827710700E01000000000A6
:1075B00023504701223007000630C8000440E8008D
:1075C0000448E900254826011400401D0000000081
:1075D000010007242338EA002000E12C05002014D4
:1075E000000000002540090000000924FAFF0015F2
:1075F000E0FFE7240800E01000000000253009004B
:107600000640E8000648E90020000F242338E7017F
:107610000430E6002540060100000A24C2220800CA
:10762000407D090025208F0040280900022B05001D
:10763000007D0A002528AF002528AE002510040093
:10764000251805000800E003000000003B0040157D
:10765000000000002A78000121400801214829018A
:1076600021482F0125782801A3FFE0110000000028
:1076700008002015000000000300001500000000B5
:107680009DFF001000000A24254800010000082486
:10769000E0FF4A252038277197FFE0100000000026
:1076A00023504701223007000630C8000440E8009C
:1076B0000448E90090FF0010254826011B00A01592
:1076C000000000002A78600121586B0121608C01C4
:1076D00021608F0125788B011800E0110000000067
:1076E0000800801500000000030060150000000085
:1076F00085FF001000000D242560600100000B24B0
:10770000E0FFAD25203887717FFFE010000000000A
:107710002368A701223007000630CB000458EB0095
:107720000460EC0078FF00102560860140780C00B2
:107730002578EB01C1FFE01100000000F8FF053CD7
:10774000BEFF001000000424000000000A000065D5
:10775000FA6424670567D1671A1C83EAF06704227C
:10776000516770677A64A0E891671A188CFAB0675D
:10777000E0F00D228DB48EB5D1671A1C83EAF06754
:107780009167B0670052E0F014608AB68AB71A18A1
:107790005FF90065826789B689B71A1C83EAA36717
:1077A0000052DE61916783B683B71A1CC8CCB067FC
:1077B00082671A18F8F1A36782671A1C92F2A3670E
:1077C00008D24BEF9167B067C7671A1CE4E60ED783
:1077D00004D205D377B478B50E971A1CE4E6C767D0
:1077E0000267236704940595C2671A1CC8CCE36737
:1077F00074B475B5C2671A1C83EAE367015213605B
:107800000892014A08D2049470B671B71A1CA8D81D
:10781000059504D205D390676CB66DB71A1CA8D82D
:10782000B16702672367906762B663B71A1CC6CC5C
:10783000B16706D207D38267A36704961A1CC8CC27
:1078400005970267236706940795C2671A1CC6CC82
:10785000E36704940595C2671A1CC8CCE36706D297
:1078600007D390675BB65CB71A1CC8CCB16790674A
:10787000B167C2671A1C77CAE36704D205D3906761
:10788000B167D0671A1CA8D8F16782674FB650B7A6
:107890001A1CA8D8A3670AD20BD31A1CA4F3089405
:1078A00008D209D382674DB64DB71A1CA8D8A36772
:1078B0000CD20DD39067B16706961A1CA8D807970B
:1078C0000C940D95C2671A1CC6CCE3670694079505
:1078D000C2671A1CC8CCE36706D207D30494059587
:1078E000C4671A1CA8D8E56782671A18B0EEA367A8
:1078F0000A940B95C2671A1CC8CCE36704940595DB
:10790000C2671A1CA8D8E36706940795C2671A1CB9
:10791000C8CCE3678267A3670A961A1CC6CC0B978C
:107920009067B167C2671A1CC8CCE3670267236718
:1079300008942CB62CB71A1CA8D809959067B16783
:10794000C2671A1CC8CCE3672267036709179167EF
:1079500026B627B71A1C83EAB06700521FF70060EB
:1079600022B423B5C4671A1C77CAE5672267036788
:10797000F7160EB60EB71A1C83EA0065062A226BAC
:1079800006B260DA006906B0EB16216B03B260DA6A
:10799000006904B0E5160065F00000A0000080FF5B
:1079A0000000C0FF00650065000000000000F0BF9F
:1079B000000000000000F03F2342920CA19CC73B56
:1079C000CD3B7F669EA0F63F000000000000E03F38
:1079D0000000000000000040763C7935EF39EA3DB8
:1079E0000000E0FE422EE63F000000000000000024
:1079F000A000A010000000000100CF300E00E01138
:107A000000000000F2670A3C00184A351900AA007D
:107A100010500000134D013C004821342150410119
:107A200042200400C07F050025208F004228050069
:107A3000070000100100C62400930A3C1900AA00A8
:107A400010500000FF6C013C00FC2134215041012A
:107A500043300600FF01C62442200400C07F050019
:107A600025208F004228050002540A00F40140013D
:107A70001B00AA0012400000C0530A000044080086
:107A8000215048012B78480123504F01026C0A0015
:107A9000F401A0011B00AD001238000010700000BE
:107AA000FFFF4B31190067011260000000740E00E7
:107AB000027C04002570CF012B78CC010600E01178
:107AC0002370CC01FFFFE7242170CA012B08CA01F3
:107AD000FCFF201000000000F401A0011B00CD01FC
:107AE00012400000107000001900680112600000D0
:107AF00000740E00FFFF8F302570CF012B78CC0172
:107B00000600E0112370CC01FFFF08252170CA0197
:107B10002B08CA01FCFF201000000000007C0700B9
:107B200021400F0142500A00215048012B784801A2
:107B300023504F01026C0A00F401A0011B00AD00AC
:107B40001240000010700000FFFF4B311900680167
:107B50001260000000740E00027C04002570CF014A
:107B60002B78CC010600E0112370CC01FFFF082523
:107B70002170CA012B08CA01FCFF20100000000080
:107B8000F401A0011B00CD01126000001070000084
:107B900019006C011268000000740E00FFFF8F30A6
:107BA0002570CF012B78CD010600E0112370CD01A7
:107BB000FFFF8C252170CA012B08CA01FCFF201091
:107BC000000000000044080021400C0102640A008B
:107BD000F40180011B00CC0112280000107000008D
:107BE000FFFF4B31190065011268000000740E00A0
:107BF0002B78CD010600E0112370CD01FFFFA524F5
:107C00002170CA012B08CA01FCFF201000000000EF
:107C1000F40180011B00CC0112380000107000003C
:107C2000190067011268000000740E002B78CD0166
:107C30000600E0112370CD01FFFFE7242170CA0187
:107C40002B08CA01FCFF201000000000007C05008A
:107C50002138EF00C05F0A0042500A002138EB00D3
:107C60002B78EB0021400A0121400F012528080054
:107C700025200700251004002518050025C0060052
:107C80000800E0030000000000000000D0FFBD2756
:107C90000000BFAF40480500424D090025300900F3
:107CA0009800C01000000000C0420500426D0400B2
:107CB00025400D01C03A04000080013C254001012F
:107CC0000080013C2428A100FE03212D3D0020144A
:107CD00000000000FE0301240B0021110000000041
:107CE0000004212D8C0020100000000040680800D6
:107CF0002568A7018800A0150000000000000824E6
:107D000043000010254808002550070025580800AA
:107D1000256009002B680A0023500A0023580B0035
:107D200023586D0108006015000000000300401595
:107D3000000000000D00001000000C242558400138
:107D400000000A24E0FF8C25203867710700E0104E
:107D500000000000236087012240070006400A015E
:107D60000450EA000458EB0025586801FFFF8C25F9
:107D70000400A4AF0800A5AF0C00A6AF1C00AAAF7A
:107D80002000ABAF2400ACAF25200A0025280B0053
:107D90007CDE400F25300C002548180025400300EC
:107DA000253802002400AC8F2000AB8F1C00AA8F66
:107DB0000C00A68F0800A58F0400A48F14000010EB
:107DC000010029250400A4AF0800A5AF0C00A6AF50
:107DD0001000A7AF1400A8AF1800A9AF2520070016
:107DE0002528080054EF400F2530090025601800B1
:107DF00025580300255002001800A98F1400A88FF1
:107E00001000A78F0C00A68F0800A58F0400A48F78
:107E10000400A4AF0800A5AF0C00A6AF1000A7AFE8
:107E20001400A8AF1800A9AF25200A0025280B00D0
:107E300025300C000B00072401A0083C74EC400F17
:107E4000A4E908251C00A2AF2000A3AF2400B8AF0E
:107E50001000A48F1400A58F1800A68F25380200EB
:107E60002540030054EF400F25481800254818000E
:107E700025400300253802002400AC8F2000AB8F82
:107E80001C00AA8F0C00A68F0800A58F0400A48FE9
:107E9000FE03C12813002014000000002520070065
:107EA00025280800253009006821073C35C2E73441
:107EB0000FC9083CA2DA083579F0400FFF03092406
:107EC0002548180025400300253802002400AC8F07
:107ED0002000AB8F1C00AA8F0C00A68F0800A58F76
:107EE0000400A48FC2220700406D080025208D00E9
:107EF00040680800026B0D002528AD00006D0900E8
:107F00002528AD0025100400251805000000BF8FAE
:107F10000800E0033000BD27F8FF053CF9FF001022
:107F200000000424000000000080013C2628A1007D
:107F3000C24D0400FF002931C25D0500FF006B3116
:107F40000080073C00420400254007010052050064
:107F500025504701FFFF2D25FE00A12D61002010B7
:107F600000000000FFFF6D25FE00A12D770020100E
:107F70000000000023602B010D00800500000000C0
:107F800020008129030020140000000015000010CB
:107F900002000A2425300A0006508A0104688A017A
:107FA0001000A611000000000E00001002004A356B
:107FB00025480B0023600C002000812903002014B9
:107FC000000000000700001002000824253008000F
:107FD00006408801046888010200A6110000000024
:107FE0000200083524608700266885011000A0057E
:107FF0000000000021400A012B680A011700A011AF
:108000000000000001000D310200A011000000007E
:10801000020008354240080001002925FF00012424
:108020000E002115000000000C00001000000824C4
:108030002B680A010400A01123400A012340080014
:1080400003000010266087015000001100000000AE
:1080500020300671234826010440C8000E00201974
:10806000000000008000082580000D2D21482D0112
:10807000026A08000100AD3123400D0140400800B4
:1080800042420800C06D090025400D0125100C0179
:108090000800E00300000000010006242330C900AE
:1080A0002000C12C39002010000000000080013C9D
:1080B0002540010120000D242368A6010448A801E1
:1080C000020020110640C800010008350000092404
:1080D00080000D25E3FFA10500000000E1FF001076
:1080E000010009240E0020150000000021400801B5
:1080F000050000110000000020600C7123482C01D5
:1081000098FF001004408801FF0001240F00611156
:10811000000000000080013C1800A11400000000D5
:10812000216808011B00A01500000000FF000124C9
:108130001400611500000000266885001500A005E8
:10814000000000000D000010000000000800601595
:108150000000000021504A010A0040110000000008
:1081600020604C7123586C0182FF001004508A017A
:1081700021684A010700A01500000000C4FF00109C
:1081800025100500C2FF001025100400C0FF0010DC
:1081900000000224BEFF0010C0FF023C00000000EF
:1081A00094000011000000002330C900FF03C62422
:1081B00042200400C077050025208E0042280500DB
:1081C000026C0800F401A0011B00AD001250000079
:1081D00010280000FFFF0B3119006A011260000037
:1081E000002C0500027404002528AE002B70AC00A2
:1081F0000600C0112328AC00FFFF4A252128A80053
:108200002B08A800FCFF201000000000F401A001D2
:108210001B00AD00126800001028000019006D015D
:1082200012600000002C0500FFFF8E302528AE00F4
:108230002B70AC000600C0112328AC00FFFFAD2559
:108240002128A8002B08A800FCFF20100000000037
:1082500000540A0021504D01190047011268000026
:1082600010600000000004242B708D0023208D007E
:108270002B78AE002328AE002B70AC002570CF0108
:108280000B00C0112328AC00FFFF4A2521208700E6
:108290002B7087002128A8002128AE000200A8101A
:1082A000000000002B70A800F7FFC01100000000C4
:1082B0000600A8140000000025600700252804001F
:1082C00000000B242A00001025680B00026C080037
:1082D000F401A0011B00AD0012580000102800009E
:1082E000FFFF093119002B0112600000002C05006E
:1082F000027404002528AE002B70AC000600C011EB
:108300002328AC00FFFF6B252128A8002B08A8001C
:10831000FCFF201000000000F401A0011B00AD00D4
:10832000126800001028000019002D0112600000E2
:10833000002C0500FFFF8E302528AE002B70AC000E
:108340000600C0112328AC00FFFFAD252128A8009E
:108350002B08A800FCFF201000000000005C0B00B0
:1083600021586D01190067011268000010600000BB
:10837000000004242B708D0023208D002B78AE008C
:108380002328AE002B70AC002570CF010B00C0116C
:108390002328AC00FFFF6B25212087002B7087006E
:1083A0002128A8002128AE000200A810000000002B
:1083B0002B70A800F7FFC011000000000600400568
:1083C000000000002A70600121586B0121504A0111
:1083D00021504E01FFFFC62425280A0025200B004E
:1083E000251004002518050025C006000800E0033C
:1083F00000000000FF0706240080053CF8FF001085
:10840000000004240000000008F0F764608486B7D0
:1084100069E74082886C8CEA0E90072201486080F0
:1084200069E74082886C8CEAF92A2D73A0F00E600F
:108430002B6C8EEB006A06D2015B786761E0C0802E
:10844000C9E740A2046B6CEA006BC0F018222367F6
:1084500076B204D20148D04ECDE98367049508D6A0
:108460001A1C91E309D7089686671A1C7FF507D274
:10847000079383671A1CCCDFA2676267C0800997E5
:10848000C9E740A2046C8CEAE52A016A2E763A60BC
:1084900080F0002A0F9226220E96006C05D40F92CF
:1084A000C0DA05941F24C0F78332E4674EEF5FE71C
:1084B0005FB606685FB20A65FF48A767A7E8016A6A
:1084C0004CED562DFC4EF828059400548367A867A0
:1084D00080F010611A1C91E3006582671A181CF085
:1084E00005956267643454B28EEA80F0172280F0FA
:1084F0001323069204221A1C12FB836762677764B7
:1085000020E84367C140018011E780A4046DACEC12
:1085100080F00024006C05D444B204D2014ED0484F
:108520000DE98367049508D61A1C91E309D7906773
:108530001A1C7FF507D2079383671A1CCCDFA2674A
:1085400062670594FF4C05D408960086099709E7F1
:1085500040A2046C8CEAE22A9067216A4BEA8CEA1A
:1085600091EA457221600F949C240F92C0DA99170A
:108570008867A09E07D308D61A1C91E309D70A651D
:10858000099708960793FC4E97289E170148016AA1
:1085900006D255178080D067006A05D2216A4BEA5F
:1085A0008CEA91EA4572DF61A1862D751E602B75FC
:1085B0002C60014E006A0A65A9E740A2046C8CEAAF
:1085C000006C0C2284328C3491E2014ED04DB1E427
:1085D000A086A9E740A204680CEAF42A48670122B1
:1085E0008BEC059289E205D2BE17A286024E016C81
:1085F0000C65E2171A1C8FE1006582676F174367ED
:1086000023672E765FF704617D17A286024E006C09
:108610000C65D21706673C177FF70B21226C07B257
:1086200080DA6717E5B3039D00002041A4EB039DAA
:108630000000803F000000FFF00000A000800B3C25
:10864000C2450400FF000831C2550500FF004A3151
:10865000003A04002538EB00004A050025482B01AC
:108660002670850024586E01FFFF0E25FE00C12DE7
:108670003F00201000000000FFFF4E25FE00C12D2E
:1086800053002010000000002B08E9000300201414
:10869000000000004238070001000825826309003D
:1086A000F40180011B00EC001220000010300000DB
:1086B000FF3F2D311900A40112280000803306006D
:1086C0002B70C5000400C0112330C500FFFF8424B7
:1086D0002130C9002B70C900F40180011B00CC00BF
:1086E00012380000103000001900A7011228000005
:1086F000803306002B70C5000400C0112330C50074
:10870000FFFFE7242130C9002B70C90080730400EB
:108710002138EE000200C010003907000100E734E4
:108720007E000E242370CA0121400E01FFFF0E259A
:10873000FE00C12D34002010000000008000E7245E
:108740008000EE2C21400E01027207000100CE31A4
:108750002338EE0040380700423A0700C075080091
:108760002538EE002510EB000800E00300000000B3
:1087700008000015000000002138E7000500E010A7
:10878000000000002060EC7023400C01BAFF0010D4
:1087900004388701040048150000000021702901F9
:1087A0002F00C01100000000FF000124080041114B
:1087B0000000000012000011000000002170E7001E
:1087C0002700C0150000000022000010000000007B
:1087D0000800401500000000214829011D0020115B
:1087E0000000000020602C7123504C01A6FF0010F7
:1087F00004488901217029011900C01500000000FA
:10880000D9FF001025100B001200001D0000000011
:1088100001000C24236088012000812DF8FF201026
:108820000000000020000E242370CC010440C7018A
:1088300002000011063887010200E7340000082416
:108840008000EE24BDFFC10500000000BBFF00104A
:1088500001000824807F013CC3FF00102510610146
:10886000C1FF0010C0FF023C00000000C8FFBD2790
:108870000000BFAF0400A4AF6EE4400F0800A5AF36
:108880002548180025400300253802000800A58F60
:108890000400A48FFFFF01246A00211100000000E2
:1088A00042270900801704002628A2000080013C0E
:1088B0002428A100FF0729310400A4AF0800A5AFB8
:1088C0001000A7AF1400A8AF1800A9AF252007001B
:1088D0002528080054EF400F253009001C00A2AFE6
:1088E0002000A3AF2400B8AF2520020025280300F4
:1088F000253018000200072401A0083C74EC400F4A
:10890000C8EB08252800A2AF2C00A3AF3000B8AFF9
:108910001C00A48F2000A58F2400A68F020007242E
:1089200001A0083C74EC400FA8EB082525200200AC
:1089300025280300253018001000A78F1400A88FE9
:1089400054EF400F1800A98F256018002558030028
:10895000255002003000AF8F2C00AE8F2800AD8F65
:108960001800A98F1400A88F1000A78F0800A58FEA
:108970000400A48FFFFF8224020042301700401041
:10898000000000001C00AAAF2000ABAF2400ACAF79
:1089900025200A0025280B0025300C0025380D0065
:1089A00025400E0068E0400F25480F0025481800BC
:1089B00025400300253802003000AF8F2C00AE8F19
:1089C0002800AD8F2400AC8F2000AB8F1C00AA8F35
:1089D0000800A58F1B0000100400A48F0400A4AFA2
:1089E0000800A5AF1C00AAAF2000ABAF2400ACAFBD
:1089F0002800ADAF2C00AEAF3000AFAF25200D008A
:108A000025280E0025300F0025380A0025400B00D0
:108A100068E0400F25480C00254818002540030059
:108A2000253802003000AF8F2C00AE8F2800AD8FAC
:108A30002400AC8F2000AB8F1C00AA8F0800A58FEC
:108A40000400A48FC22207004015080025208200E0
:108A500040100800021302002528A200001509009A
:108A60002528A20025100400251805000000BF8F4E
:108A70000800E0033800BD2700000000BC670A249E
:108A8000C36490F08CA590F0044D1A183053006523
:108A90004364A0E8016A20E84BEA00655C6716249D
:108AA000C36490F0C4AA016DCCEDC636016B6CEEC8
:108AB00090F060A2027390F08CA204611A182A53FD
:108AC000006507101A182C5300650310016A20E88E
:108AD0004BEA4364A0E80065F7643C67046784A43C
:108AE00041A00E2A40A02172586146A0A7A0A0353F
:108AF0001A1826534DED11EA5E324BEA11EABD1009
:108B000001721B6160A0A173636146A0A7A0A0359C
:108B1000060304D34DED08061A1828530707005220
:108B20003C610894A6A067A06033ADEBA26742EB5E
:108B30000160A367079606979C1002720D6160A002
:108B40002173756162A043A040326DEA0172256114
:108B500090F08CC1026A0E100472146160A021733F
:108B6000776162A043A040326DEA0172166190F015
:108B70008CC1046A90F040C1916790F0044C026D82
:108B800040B639100372246140A0A172066162A050
:108B900043A040326DEA01720260FF6A6E10070561
:108BA0001A182E5306060052F8617D6758A3443206
:108BB0007CA36DEA90F044C966A047A040326DEAFC
:108BC000025A026D0160A267916790F0044C2D106B
:108BD0002072166140A02172E06190F08CC166A005
:108BE00047A040326DEA075A076D0160A26791679E
:108BF00090F0044C24B61A18E1A8006F006A3D10EA
:108C00002172156140A0A172C86190F004491A1840
:108C10003553B16700529167C06166A047A04032EA
:108C20006DEA075A076D0160A267006E211022727B
:108C30000F6140A02172B16162A043A040326DEA91
:108C40004636016D4CED016A1A183B534CEE0B1081
:108C50002372A36140A02172A06142A0A3A0A0350D
:108C60001A183C534DED00529861006CA467C4671C
:108C7000E6671A18E8A80065C1177764A0E80065E0
:108C80009D8A039D7D8A039D0D0000650D0A0A43A0
:108C9000505520455843455054494F4E3A202725BA
:108CA00073272061742061646472657373202425C6
:108CB00030346C780D0A52657374617274696E6732
:108CC0002E2E2E0D0A0A0A00496E74657272757096
:108CD00074000065556E6B6E6F776E004164647250
:108CE000657373206572726F7220286C6F616420E7
:108CF0006F7220696665746368290000416464725C
:108D0000657373206572726F72202873746F726559
:108D100029000065427573206572726F72202869A0
:108D20006665746368290000427573206572726F0E
:108D30007220286C6F61642F73746F726529000054
:108D400053797343616C6C00427265616B706F693B
:108D50006E740000526573657276656420696E7387
:108D60007472756374696F6E00000065436F707292
:108D70006F636573736F7220756E757361626C6576
:108D80000000006541726974686D65746963206FE5
:108D9000766572666C6F7700547261702028706F10
:108DA000737369626C6520646976696465206279B1
:108DB000207A65726F290000496D706C656D656E73
:108DC000746174696F6E207370656369666963208E
:108DD00031000065436F72457874656E6420556E8E
:108DE000757361626C650000436F70726F636573C9
:108DF000736F722032000065C88C039DD48C039D74
:108E0000D48C039DD48C039DDC8C039DFC8C039D32
:108E1000148D039D288D039D408D039D488D039DDA
:108E2000548D039D6C8D039D848D039D988D039DB2
:108E3000D48C039DD48C039DB88D039DD48D039D4C
:108E4000E88D039DC23D0400FF00E730C24D0500E0
:108E5000FF00293100800A3C003204002530CA009E
:108E60000042050025400A012660850024504C017F
:108E7000FFFFEC24FE00812D2100201000000000E7
:108E8000FFFF2C25FE00812D360020100000000081
:108E90001900C800125800000200601110300000D4
:108EA0000100C6340300C00400000000403006008A
:108EB000FFFFE72482FF2C252138EC00FFFFEC2484
:108EC000FE00812D3A002010000000008000C62422
:108ED0008000CC2C2138EC000262060001008C31AD
:108EE0002330CC004030060042320600C065070047
:108EF0002530CC002510CA000800E0030000000067
:108F00000D00E014000000002130C6000500C01074
:108F1000000000002058CB702338EB00D8FF001071
:108F200004306601FF0001241F0021110000000031
:108F300015000010000000002160C6001A00801516
:108F4000000000000400201500000000216008015E
:108F50001500801100000000FF0001240F00211502
:108F6000000000000A002015000000002140080158
:108F7000050000110000000020580B7123482B0150
:108F8000C3FF001004406801DBFF001025100A0039
:108F9000216008010400801500000000807F013C72
:108FA000D5FF001025104101D3FF0010C0FF023C87
:108FB000FAFFE01C0000000001000B2423586701A9
:108FC0002000612DF0FF20100000000020000C2484
:108FD00023608B01043886010200E0100630660130
:108FE0000200C634000007248000CC24B7FF8105AE
:108FF00000000000B5FF0010010007240000000081
:10900000F5640467E744014F8767A4401A1848F8DD
:109010003C6E0322016A4BEAC2108740054CA767E9
:109020001A1848F8186EF62A87400D4CA740094DCB
:109030001A1848F80C6EEE2A4198483358326FE2FD
:1090400001F6106A829858EC12EC8DE340984DE3DB
:109050004398FF4A54B6D8EA12ECE4988DE3006ACC
:10906000E2EA8598B8672125036D8CED60F70C4C1A
:10907000072D646DBAEC012DE5E810E9016D0829B2
:1090800080F1106DBAEC012DE5E810ED015DB867D7
:10909000A834B03593E551E4883444B591E5809C1B
:1090A000D8EC12EC014A6DE4DB1760F70B4CA0F72B
:1090B000126A42EC1B61036D4CED072D646DBAEA38
:1090C000012DE5E810EF016D082F80F1106DBAEA6F
:1090D000012DE5E810ED015DB867A83534B7B5E7B7
:1090E000A09DD8ED12ED014A6DE5E3174898022ADC
:1090F00030B2051001520A61016A48D82EB2409A76
:109100004FE304D31A1833F904041E1029B140990F
:109110004FE304D31A1833F90404639A83988EEB4F
:109120000C2B629A82988EEB082B619A81988EEBB9
:10913000042B609A80988EEB0723609904948DE34A
:109140001DB4809C8FE304D3659A85988EEB7FF7DE
:10915000012B649A84988EEB5FF71C2B639A83989B
:109160008EEB5FF7172B629A82988EEB5FF7122BCC
:10917000619A81988EEB5FF70D2B609A80988EEB49
:109180005FF7082B689800530461889A8EEB5FF7AD
:10919000012B9067A2671A1C3FE72C6E049275643E
:1091A000A0E80065805101001CCF039D14CF039DF2
:1091B00068EA00A064EA00A04040050042450800BB
:1091C000C03A0500427D04002538EF00C03204009B
:1091D0000080013C2538E10002FC09255A002005E9
:1091E00000000000410021295C0020100000000068
:1091F00042300600C07F07002530CF00423807000C
:1092000000600E3CB4100D3C1A61AD3587640C3C17
:1092100051ED8C35FFFF0A2400000B2440500A005A
:109220002B786E0123586E012B10CF002330CF0016
:109230002B78CD002578E2012330CD002B10EF00F4
:109240002338EF002B78EC002578E2010E00E011C6
:109250002338EC0021586E012B786E012130CD00AF
:109260002130CF000200CD10000000002B78CD008F
:109270002138EC002138EF000200EC100000000063
:109280002B78EC0001004A252A78600121586B01F7
:109290002A10C0002130C6002130CF0025780200FE
:1092A0002138E7002138EF00FFFF2925DBFF2105EA
:1092B00000000000FFFF01242650410101004F3152
:1092C0001200E0110000000025480B0040580E007D
:1092D0002B78690123586901254806006821063C5E
:1092E00034C2C6342B10CF002330CF002B78C900F6
:1092F0002578E2012330C900254807000FC9073C43
:10930000A2DAE7342338EF002338E900FE0308240B
:109310000B00E004000000002A78600121586B0176
:109320002A10C0002130C6002130CF00257802006D
:109330002138E7002138EF00F5FF0010FFFF082576
:10934000407F0A0025400F01251006002518070060
:1093500025C008000800E00300000000FFFF08240B
:1093600000C0073CF8FF00100000062400000000C9
:10937000D0FFBD270000BFAF0400A4AF6EE4400FD4
:109380000800A5AF25481800254003002538020035
:109390000800A58F0400A48F42370900FFFF0124B5
:1093A0004B00211100000000FF0729310C00A6AF7F
:1093B0001000A7AF1400A8AF1800A9AF2520070020
:1093C0002528080054EF400F2530090025601800BB
:1093D00025580300255002001800A98F1400A88FFB
:1093E0001000A78F0C00A68F0800A58F0400A48F83
:1093F000FFFFCD240200AD311500A01100000000D8
:109400001C00AAAF2000ABAF2400ACAF25200A009F
:1094100025280B0025300C000500072401A0083C7E
:1094200074EC400F6CE9082525481800254003001E
:10943000253802002400AC8F2000AB8F1C00AA8FBF
:109440000C00A68F0800A58F210000100400A48F37
:109450000400A4AF0800A5AF0C00A6AF1000A7AF92
:109460001400A8AF1800A9AF25200A0025280B007A
:1094700025300C000500072401A0083C74EC400FC7
:1094800034E908251C00A2AF2000A3AF2400B8AF28
:109490002520020025280300253018001000A78F82
:1094A0001400A88F54EF400F1800A98F254818000A
:1094B00025400300253802002400AC8F2000AB8F2C
:1094C0001C00AA8F0C00A68F0800A58F0400A48F93
:1094D000C2220700406D080025208D0040280800AA
:1094E000022B0500006D09002528AD000200CD24E7
:1094F00082680D00C06F0D002528AD002510040006
:10950000251805000000BF8F0800E0033000BD27CC
:109510000000000025408500030008310300001111
:1095200021108000380000100000AA900000AA8CD2
:109530000101093C01012935C07909002340490195
:1095400024400F010700001124600A010500881162
:10955000000000000000A5240000AA902A000010CE
:10956000000084240400AB8C00008AAC2340690115
:1095700024400F010700001124600B010500881131
:10958000000000000400A5240000AA901E000010A6
:10959000040084240800AA8C04008BAC23404901F9
:1095A00024400F010700001124600A010500881102
:1095B000000000000800A5240000AA90120000107E
:1095C000080084240C00AB8C08008AAC234069019D
:1095D00024400F010700001124600B0105008811D1
:1095E000000000000C00A5240000AA900600001056
:1095F0000C0084241000AA8C0C008BAC1000842476
:10960000CEFF00101000A5240300401500008AA022
:109610000800E003000000000100AB9003006015AB
:1096200001008BA00800E003000000000200AA90E7
:109630000300401502008AA00800E00300000000BB
:109640000300AB900300601503008BA00800E0034B
:10965000000000000400AA900300401504008AA046
:109660000800E003000000000500AB900300601557
:1096700005008BA00800E003000000000600AA908F
:109680000300401506008AA00800E0030000000067
:109690000700AB900300601507008BA00800E003F3
:1096A000000000000800AA9008008424D6FF0010E3
:1096B0000800A52477622B0008F0F664266704678B
:1096C000408012225FB36DE26083886C8CEB0223D2
:1096D0000148F6172B722D6B6EEA0160082A015AB9
:1096E000786705D301480510006C05D40210006DA1
:1096F00005D5142940803072286161A0216A4BEAA7
:109700006CEA91EA587205600148016A04D208695E
:109710001F100248016B04D310691A101071006CFD
:1097200004D45867152A40803072126161A0216A02
:109730004BEA6CEA91EA587204600148016D04D565
:1097400007100248016A04D20310006B04D30A69AF
:10975000C0F7233406D43DB43DB5D1671A18D2CD35
:1097600006974A650B65FF48006E466766670148C5
:10977000E0800B2733B491E780A4046D8CED0225C3
:10978000D04F0D10036D8CED032D05953C2D42102F
:10979000016DACEC616D0124416DBFE70A4F0057CC
:1097A000F46122EFF260886762EC29618AEB036161
:1097B000AA6743ED2461232E38EB12EC069358EB95
:1097C00012EB6DE439EA12EC10EDAC654467ADE3E1
:1097D000C0F7E3348C654FED6D651DB477E48C679D
:1097E00082ED0D61AAEC0361AB67E3ED08618D6763
:1097F00089E783EA9867AC67ADE36DE40110016E19
:10980000016C04D4B417072E4BEA43EED8676BEB18
:10981000CFE30C100B26226B0BB260DA0592032209
:10982000006A0DB30310016A4BEA09B30D940624D4
:109830000C940495012590670D9580DD7664A0E871
:10984000E5B3039DF00000A0FFFFFFFFFFFFFF7FD8
:1098500000000000000000806966733A2F61757493
:109860006F72756E000000007364313A2F61757479
:109870006F72756E0000000025730D0A0000000075
:10988000454C4C4F203141000D202020202020202D
:10989000202020202020202020202020200D417466
:1098A00074616368696E67205553422E2E2E200026
:1098B0000D202020202020202020202020202020BB
:1098C00020202020200D000052257320284329202D
:1098D0002563256325632025732C2025730D000047
:1098E000313135004D61792031302032303236004F
:1098F0004B6E6976440000005B7573625D0000008A
:109900005B7365725D0000005B6B62645D0000006C
:109910005B7669645D0000005B7274635D0000004B
:109920000D0A00004946533A00000000696E697450
:10993000204946533A0000006966733A2F242E6B83
:1099400065790000566964656F202052414D3A20C8
:1099500025356C752062797465730D0A000000006E
:1099600053797374656D2052414D3A2025356C75DD
:109970002062797465730D0A000000004B62642058
:109980006C61796F75743A20000000005553000037
:10999000554B00004445000046520000756E6B6E4A
:1099A0006F776E000D0000003C4573633E20746FBE
:1099B0002063616E63656C206175746F72756E2EC5
:1099C0002E2E20000D2020202020202020202020AE
:1099D0002020202020202020202020202020202087
:1099E00020200D0A000000005344313A000000001E
:1099F0002F000000D0FFBD270000BFAF0400A4AFC0
:109A00006EE4400F0800A5AF25481800254003006C
:109A1000253802000800A58F0400A48F2628A9007D
:109A20000080013C2428A100FFFF01244A002111ED
:109A30000000000042370900FF0729310800A5AFE8
:109A40000C00A6AF1000A7AF1400A8AF1800A9AF74
:109A5000252007002528080054EF400F2530090075
:109A60002560180025580300255002001800A98F12
:109A70001400A88F1000A78F0C00A68F0800A58FD8
:109A80000400A48FFFFFCD240200AD311C00A01103
:109A90000000000025200A0025280B0025300C00BE
:109AA0000500072401A0083C74EC400F34E90825A8
:109AB0001C00A2AF2000A3AF2400B8AF25200200F5
:109AC00025280300253018001000A78F1400A88F48
:109AD00054EF400F1800A98F2548180025400300B7
:109AE000253802002400AC8F2000AB8F1C00AA8F09
:109AF0000C00A68F0800A58F170000100400A48F8B
:109B00000400A4AF0800A5AF0C00A6AF1C00AAAFCC
:109B10002000ABAF2400ACAF25200A0025280B00A5
:109B200025300C000500072401A0083C74EC400F10
:109B30006CE9082525481800254003002538020057
:109B40002400AC8F2000AB8F1C00AA8F0C00A68FC6
:109B50000800A58F0400A48FC2220700406D0800F2
:109B600025208D0040680800026B0D002528AD00FF
:109B7000006D09002528AD002510040025180500FA
:109B80000000BF8F0800E0033000BD270000000088
:109B900040480500424D0900FFFF2C25FE07812D9E
:109BA0000F0020100000000021482601FFFF2C2597
:109BB000FE07812D21002010000000000F80013CD5
:109BC000FFFF21342428A100006509002528AC00EE
:109BD00025100400251805000800E003000000001F
:109BE0000063050025608401F9FF8011000000007A
:109BF0000400201100000000F8FF053CF4FF0010F5
:109C000000000424010029250080013C2450A1000B
:109C1000FFFF29252A608000212084002128A5003B
:109C20002128AC001000013C2B08A100F8FF2014F3
:109C300000000000DCFF00102528AA00C04205003B
:109C40004265040025400C01C03A04000080013C3C
:109C5000254001010080013C050020192428A100B5
:109C6000F07F013C2528A100D9FF0010000004244A
:109C700001000A24235049012000412D070020142F
:109C800000000000E0FF4A212B2007000D00081013
:109C900025380401F8FF00100000083409004011C5
:109CA0000000000022580A000420670104586801DF
:109CB0000638470106404801020080102538670138
:109CC0000200E7340004E7240004EC2C21400C01DE
:109CD000C262070001008C312338EC00C222070069
:109CE0004065080025208C004060080002630C00DD
:109CF000B7FF00102528AC000000000021108000F4
:109D00005600C0100C00CA2C4D0040152618A400A7
:109D10000300633023380400290060100300E7309B
:109D20000600E0102330C7000000A3980300A388BA
:109D30002128A700000083B8212087000F00C3302E
:109D40002338C3001100E010213060002138E50005
:109D50000000A3980300A3880400A8980700A8881F
:109D60000800A9980B00A9880C00AA980F00AA88DF
:109D7000000083AC040088AC080089AC1000A52466
:109D800010008424F2FFA714FCFF8AAC0300C33048
:109D90002338C3002A00E010213060002138E5009C
:109DA0000000A3980300A3880400A52404008424D1
:109DB000FBFFA714FCFF83AC210000100000000093
:109DC0000500E0102330C7000000A3982128A70059
:109DD000000083B8212087000F00C3302338C30060
:109DE0000D00E010213060002138E5000000A38C58
:109DF0000400A88C0800A98C0C00AA8C000083AC7D
:109E0000040088AC080089AC1000A524100084244C
:109E1000F6FFA714FCFF8AAC0300C3302338C3004D
:109E20000700E010213060002138E5000000A38C1D
:109E30000400A52404008424FCFFA714FCFF83ACC9
:109E40000600C0102138C5000000A3900100A52421
:109E500001008424FCFFA714FFFF83A00800E00397
:109E60000000000000008A902110800003004015CF
:109E7000000000000800E0030000022401008A90B6
:109E800003004015000000000800E0030100022468
:109E900002008A9003004015000000000800E00363
:109EA0000200022403008A9003004015822004006F
:109EB0000800E00303000224010084248020040041
:109EC00000008A8C0101093C01012935C079090093
:109ED0002340490124400F010600001124600A01BB
:109EE000040088110000000000008A902200001089
:109EF0000000842404008B8C2340690124400F015E
:109F00000600001124600B0104008811000000000D
:109F100004008A90180000100400842408008A8C31
:109F20002340490124400F010600001124600A016A
:109F3000040088110000000008008A900E00001044
:109F4000080084240C008B8C2340690124400F01FD
:109F50000600001124600B010400881100000000BD
:109F60000C008A90040000100C00842410008A8CDD
:109F7000D7FF0010100084240400401500000000EA
:109F8000000084240800E0032310820001008A906E
:109F90000400401500000000010084240800E003D4
:109FA0002310820002008A90040040150000000087
:109FB000020084240800E0032310820003008A903A
:109FC000030084240800E00323108200A0F007248B
:109FD000F4644844FFF73C9C026B6BEB2CEB79E29A
:109FE000A19E016F0F650767ACE880F01720046839
:109FF0000BE8ACE84BB5E29DEAEEE867ECE91761E7
:10A000006DE00829F84C809C8BE28DE3839AC29A1C
:10A0100083DEC2DC016C6DEC81DA42DD42B2009A73
:10A0200003EB7C6141B21A186DF2809A771001DE61
:10A03000006F0D29F84C809C8BE28DE3829A3CB135
:10A0400027E40421239A23DC82D90110016F05E65D
:10A05000016C21992CEC0F2C0DE3829E092F34B05A
:10A0600007E4062945DD44DD03DA02DA016F031057
:10A07000C39EC3DC82DE016CC3678DEEC1DA79E278
:10A0800060DE4C2F00F2005B0E606E336B3684EEA8
:10A09000C19DCDEC81DD6C3375E5629DA3DA62DA9A
:10A0A00042DD43DB3B106236C634055C03607A3424
:10A0B000384C1610155C02605B4C1210555C036046
:10A0C000D2346E4C0D1040F1155C0360DE34774CD9
:10A0D000071040F5155C7E6C036080F462347C4CA4
:10A0E0008C3610B7D5E5C29DAAEE026086670B10CC
:10A0F0008B34016B64EC819F8DEB61DF86670A1006
:10A10000829CAAEC0660C19C046FEBEFECEEC3EB03
:10A11000F761C39CC3DA82DA42DE43DC7464A0E8F0
:10A1200058E100A054E100A018EC00A060E100A0FC
:10A1300008F0F564046726674080122251B36DE28F
:10A140006083886C8CEB02230148F6172B722D6B11
:10A150006EEA0160082A015A786704D301480510A5
:10A16000006C04D40210006D04D5112940803072B7
:10A170000A69186161A0216A4BEA6CEA91EA587297
:10A180000360014808690E10024810690B10107135
:10A190000961408030720661418078720260014836
:10A1A00001100248C0F7233205D2016C8BEC016D1F
:10A1B000ABEDD1671A18B6D2E2674A650B65FF4866
:10A1C000006E466766670148E0800B272DB491E773
:10A1D00080A4046D8CED0225D04F0D10036D8CED25
:10A1E000032D0494392C3F10016DACEC616D0124FA
:10A1F000416DBFE70A4F0057F46122EFF260A86794
:10A2000063ED2861AAEB03618A6743EC2361DB2ECF
:10A2100038EB12EC059558ED12EB6DE439EA12ECCF
:10A2200010EDAC654467ADE3C0F7E3348C654FEDEA
:10A230006D656FECAC67A3EC0D618AED03618B6714
:10A24000E3EC0861AD67A9E7A3EA9867AC67ADE303
:10A250006DE4B917016EB717072E4BEA43EED867C6
:10A260006BEBCFE307100626226B07B260DA016AB8
:10A270004BEA62670B94012400DC7564A0E800657A
:10A28000E5B3039DF00000A00CF0F664B8EE12E90F
:10A290000229006A9D100767669F449B876740EA12
:10A2A000016DF7224098014A032A1A1867F5906752
:10A2B000017107610C9380831A1832F7B067016A45
:10A2C000871080986398673242EC0160446722EA05
:10A2D00003610C94B16776101A18C5F690670D9358
:10A2E000005330600E9304D30E9304948FE305D390
:10A2F0006E240D910C930D9489E32FE20051C74019
:10A300000B4E58670B2234B78367A7671A1889F773
:10A3100007D70797EEEA0B2AE7E1EC178367B167E7
:10A320001A1889F707D3E2672EEF0793052768A865
:10A33000406A6DEA48C84B100494FF4C04D44DE3C6
:10A340000CD3D217409824B40D937BEC012BE5E895
:10A3500012EB06D30D9498EB12EB05D343EB01609F
:10A3600005D2006A04D2059223EA13600C94A36715
:10A37000C7400B4E1A1889F707D307936AEA16618C
:10A380000494069251E404D467E10C9471E40CD473
:10A39000EA17639867320C94B16722EA1360C740EA
:10A3A0001A1889F70B4EE2672EEF042788A8406B36
:10A3B0008DEB68C80D937BEA012BE5E812EA049364
:10A3C00069E206101A1883F4D0670E920110059204
:10A3D0007664A0E8FFFFFF7FB1640C652D654467DC
:10A3E000608212234BB491E3E084886C8CEF0227E7
:10A3F000014AF6172B732D6D6EED0160082D015D7E
:10A400007867CB65014A0510006CCC650210006DC1
:10A41000CD65122E60823073216181A2216B6BEBBE
:10A420008CEB91EB58730460014A016B086E1810B5
:10A43000024A016B106E14101076006B9867102C96
:10A44000808230740D6181A2DF4B8CEB91EB5873ED
:10A450000260014A0110024A016B0210006B0A6E91
:10A460002DB4DAEC012EE5E812EF6F652F42006F94
:10A4700047674C6501490081122026B491E080A411
:10A48000AC65046C8C65AC678D678CED0225D0489B
:10A490001810036D8D658C67AD67ACEC032C8E676F
:10A4A000232C2510016D8D658C67AD67ACEC8C6538
:10A4B000616CAC65AC670225416CAC65AD67A3E02F
:10A4C0000A480050EC61C2E8EA606B6742EB096140
:10A4D000082F58EE12EA8A674FE402EB026109E2A4
:10A4E0000110016F016BC6174BEA092701100727FE
:10A4F000226C0AB280DA4A67AE67012508B2E967C2
:10A500000527886701239167696780DB3164A0E8CC
:10A51000E5B3039DFFFFFF7FF00000A00000008077
:10A52000640344006F006E00270074002000770071
:10A530006500200061006C006C0020006D00690067
:10A54000730073002000740068006500200067003D
:10A550006F006F00640020006F006C00640020003A
:10A560007200650061006C002000730065007200DD
:10A57000690061006C00200070006F0072007400C0
:10A580003F00000028034300440043002000440033
:10A59000610074006100200049006E0074006500D5
:10A5A0007200660061006300650000001E03430046
:10A5B00044004300200049006E00740065007200F2
:10A5C0006600610063006500000000651E03450031
:10A5D0004C004C004F00200043006F006D007000E5
:10A5E0007500740065007200000000650E034B00EA
:10A5F0006E00690076004400000000650403090451
:10A60000090246000201028032080B000202020029
:10A6100002090400000102020003052400110104E4
:10A620002402060524060001070581030A0001092A
:10A63000040100020A00000407058202400001072D
:10A64000050202400001006512010002EF0201084C
:10A6500086761A0001000102050100654641543367
:10A6600032202020000000652A2B2C3A3B3C3D3E46
:10A670005B5D7C223F7F0000EBFE904D53444F53C7
:10A68000352E300049465320564F4C554D452046F7
:10A69000415433322020200049465320564F4C5518
:10A6A0004D45204641542020202020000100040078
:10A6B00010004000000100020000006501000200DF
:10A6C00004000800100020000000006507000000E2
:10A6D0000000000000000000000000002B2E2C3BBA
:10A6E0003D5B5D2F2A3A3C3E7C5C223F7F0000654B
:10A6F000809A45418E418F804545454949498E8F15
:10A700009092924F994F555559999A9B9C9D9E9F17
:10A7100041494F55A5A5A6A7A8A9AAABACADAEAF18
:10A72000B0B1B2B3B4B5B6B7B8B9BABBBCBDBEBFB1
:10A73000C0C1C2C3C4C5C6C7C8C9CACBCCCDCECFA1
:10A74000D0D1D2D3D4D5D6D7D8D9DADBDCDDDEDF91
:10A75000E0E1E2E3E4E5E6E7E8E9EAEBECEDEEEF81
:10A76000F0F1F2F3F4F5F6F7F8F9FAFBFCFDFEFF71
:10A770004E554C004946530052414D005344310060
:10A780005344320070A7039D74A7039D78A7039DCF
:10A790007CA7039D80A7039D4667809C48B6DBECA1
:10A7A000012EE5E812EBDBEC012EE5E810ECB1E45C
:10A7B00000540360D1E4FF4BFB1742B682EE046005
:10A7C00041B6D1E4014BF917A16401F6106EDAEC41
:10A7D000012EE5E812EFE2DADAEC012EE5E810EE00
:10A7E0003C6C9AEE012CE5E812EFE1DA9AEE012CCE
:10A7F000E5E810EC80DAC443076C9AEE012CE5E83A
:10A8000010EC00540160074C86DA00532FB79867AC
:10A810001C2CA0F7126C036E8CEE072E646EDAEC23
:10A82000012EE5E810E8016E082880F1106EDAECE0
:10A83000012EE5E810EE015ED867C83001E7009808
:10A8400002EB1E61014C0FE3E617A0F7126CFF4C00
:10A85000036E8CEE072E646EDAEC012EE5E810E84C
:10A86000016E082880F1106EDAEC012EE5E810EE9A
:10A87000015ED867C83001E700980DE30053E76137
:10A880009FF0144C85DA67DAD034D8369BE610B4E2
:10A8900099E6006C84DAE49AE83491E6809C82EBD5
:10A8A00004618FE3014FE4DAF617014B63DA006BC2
:10A8B00068DA08B36ADAA9DA2164A0E880510100F5
:10A8C0007F51010080AEFEFFCCD0039DD4D0039D0C
:10A8D000C8D0039DB1640C652D6544676082122366
:10A8E00049B491E3E084886C8CEF0227014AF617A3
:10A8F0002B732D6C8EEB0160082B015B9867AC65A8
:10A90000014A0510006DAD650210006BAB65122E9B
:10A9100060823073216181A2216B6BEB8CEB91EB38
:10A9200058730460014A016B086E1810024A016BEB
:10A93000106E14101076006B9867102C80823074A3
:10A940000D6181A2DF4B8CEB91EB58730260014AE1
:10A950000110024A016B0210006B0A6E016C8BEC55
:10A96000DBEC012EE5E812EC4C652F42006F4767E7
:10A9700001490081112024B491E080A48C65046D0C
:10A980006D65AB678CED0225D0481810036C6C65C3
:10A99000AB678C678CED032DAD67222D2310016C06
:10A9A0006C65AB678C678CED6D65616D8D658B67D4
:10A9B0000224416D8D658C6783E00A480050EC618C
:10A9C000C2E8EA60AA6743ED0861082FD8EA12EAF4
:10A9D0004FEB03EB026109E20110016F016BC81735
:10A9E000022F05100527226C08B280DA016A4BEAB3
:10A9F00089670524886701239167A96780DD316431
:10AA0000A0E80065E5B3039DF00000A0FEFF092467
:10AA1000405005004058070025586401255866013C
:10AA200025504B0103004015000000003C000010C1
:10AA300000000224020080104040050001000825AB
:10AA4000E0FF013C010021342B08010137002010F8
:10AA5000000000000200C01040400700010008256F
:10AA6000E0FF013C010021342B0801012F002010E0
:10AA7000000000001600A104000000000300E00434
:10AA80000000000026000010FFFF02242B5086006B
:10AA9000232086002B58AA002328AA002B50A700A9
:10AAA00025504B01030040112328A7001C00001073
:10AAB000010002242550A400030040110000000002
:10AAC00017000010FFFF02241500001000000224F0
:10AAD0000300E10400000000110000100100022446
:10AAE0002B508600232086002B58AA002328AA007A
:10AAF0002B50A70025504B01030040112328A7002D
:10AB000007000010FFFF02242550A400030040119D
:10AB100000000000020000100100022400000224D6
:10AB20000800E0030000000000000000FCFF00102F
:10AB300025100900000000002540850003000831B1
:10AB40003D0000150101093C01012935C0790900CA
:10AB50000000828C0000A38C2340490004004310B5
:10AB600024400F0100008424330000100000A524BD
:10AB7000050000112460030103008811000000009B
:10AB80000800E003211000000400828C0400A38C64
:10AB9000234049000400431024400F010400842492
:10ABA000250000100400A524050000112460030105
:10ABB00003008811000000000800E00321100000DD
:10ABC0000800828C0800A38C234049000400431035
:10ABD00024400F0108008424170000100800A52459
:10ABE000050000112460030103008811000000002B
:10ABF0000800E003211000000C00828C0C00A38CE4
:10AC0000234049000400431024400F010C00842419
:10AC1000090000100C00A52410008424CCFF0011B2
:10AC20001000A52424600301CAFF88110000828C53
:10AC30000800E00321100000000088900000A990A7
:10AC40000300001101008424FBFF09110100A52469
:10AC50000800E00323100901253804002540050001
:10AC60000080013C2458A10040480500424D0900E5
:10AC7000FFFF2C25FE07812D37002010000000006B
:10AC800033040A2423504901350041292F002010A4
:10AC900000000000200041290600201400000000F0
:10ACA000E0FF4A25000004240628450105000010A5
:10ACB000042845010300401900000000062044015B
:10ACC00004204401234005012338E4000000C4AC03
:10ACD0000400C5AC080000150B0029250300E01492
:10ACE000000000000D000010000009242540E000D5
:10ACF00000000724E0FF29252020047107008010B0
:10AD0000000000002348240122500400065047019F
:10AD1000043887000440880025400A01C222070049
:10AD20004065080025208C0040280800022B050003
:10AD3000006509002528AC002528AB00251004007B
:10AD4000251805000800E003000000000400CBAC5B
:10AD5000FAFF00100000C0ACFCFF20110000000052
:10AD6000F8FF053C000004240000C4ACF3FF001011
:10AD70000400C5AC00000000F564C0F7A23105D1A5
:10AD8000A43340F56233446741B0F067ACEF2F4322
:10AD9000E0F71E5956601FF4014B3EB48DEFCDE332
:10ADA00040F74234EC358DED4C32F0F38F430154D3
:10ADB0002B61076B4CEB152B40F7A0334E326DEA3D
:10ADC000AE35E0F71F54446032B3ACEB4F230CEDCB
:10ADD000059120336C338DEB00F56033ADEB75647A
:10ADE000A0E84E33016ECCEB034B6DE243EBD8672A
:10ADF0004367B5E628B3ACEBDF23C0F7A033463298
:10AE00006DEAA635014CD817E0F31E6ECBEE7BE65B
:10AE100038562860CBEB206C6CECE267E4EB032C3B
:10AE2000E567E4EB4DEF82671A18CEF904D7826725
:10AE30000497015F5867016DAEEA8DEAA367016C64
:10AE4000B817032B67678DEB132B44676567C7172C
:10AE5000059120336C33E0F71F6A4DEB00F560334A
:10AE6000006ABD17006AA2678267B217006CB0174C
:10AE7000E0F31E6B6BEBC0F74234E4378DEF4432E6
:10AE8000FF4B00F5E234F7248A170065FFFF0F003F
:10AE90000000100000000001636C72736372000018
:10AEA000762C76006B62686974000065692C760008
:10AEB0006765746368000065707574636800006599
:10AEC000692C69006765747300000065632A2C6350
:10AED0002A0000657075747300000065692C436377
:10AEE0002A000065637363616E660000692C43632A
:10AEF0002A2C2E00637072696E74660089D0039DDF
:10AF000098AE039D06000000A0AE039D0000000067
:10AF10005DD0039DA4AE039D05000000ACAE039D73
:10AF2000000000009D0B029DB0AE039D05000000D7
:10AF3000ACAE039D00000000F503029DB8AE039D7A
:10AF400005000000C0AE039D00000000790C029DCA
:10AF5000C4AE039D04000000CCAE039D00000000C1
:10AF60005905029DD4AE039D04000000DCAE039D94
:10AF700000000000B5D0039DE4AE039D0600000074
:10AF8000ECAE039D00000000A5D0039DF4AE039D30
:10AF900007000000ECAE039D000000000000000070
:10AFA00000000000000000000000000000000000A1
:10AFB000E8FFBD271400BFAF1000B0AF36FB400F55
:10AFC0002180800088BF033C0030658C0003A57C95
:10AFD0000700A010001006240040103681BF043C7A
:10AFE00000F490AC0048044004EC400B81BF103CDE
:10AFF00088BF043C083086AC0030648C0008843084
:10B00000FDFF801400000000F7EB400B00401036FD
:10B01000004806402330C400F000C62CFCFFC014DA
:10B0200081BF063C99AA043C5566842410F4C4AC44
:10B030006655043CAA99843410F4C4AC00800634EC
:10B0400081BF043C08F486AC00F4048E0080843098
:10B05000FDFF80140040062481BF043C04F486AC4C
:10B060000D00A010001004240030648C0003847CC8
:10B070000B0080140010052488BF043C083085AC08
:10B080000030648C00088430FDFF80140000000054
:10B0900028EC400B0000000088BF033C043064AC87
:10B0A00062FA400F2120400000F4028E003042304E
:10B0B0001400BF8F1000B08F0800E0031800BD27F8
:10B0C0002EF0F66450900274586744D2352A4298A4
:10B0D00080825E74006F0361014A42D8016F0404EC
:10B0E000A767FF6E014E1A1C29F145D74597016BE2
:10B0F0006EEF016A4BEA8298A184014AC084102253
:10B100002D760E615D750C6042ED0561040359E317
:10B11000E0C6014AF917014C82D8016A4BEA0410D3
:10B1200046670403D1E3E0C48298A144A2D8A18475
:10B130005D75E161024C82D8016E4E936CEE042E77
:10B140004398644263D8209A4F952025906745D54F
:10B150001A18C4F946D68267014A459546961622C2
:10B16000EF454C930173076119B249E44082886B43
:10B170006CEA072223104492042A7D6789E35082F7
:10B180001D22022E80C10149A767DF17016C8BECDD
:10B190004598014A45D8072E4D9301730161C0C1FE
:10B1A0004698014A46D84F936EED006A0C2D4144F3
:10B1B000015A58674BEA016B6DEA051081D8449833
:10B1C000FF4A44D8E51720F07664A0E8E5B3039D74
:10B1D000FE030924234826012000212D0500201408
:10B1E000000000002520050000000524FAFF80145F
:10B1F000E0FF29250800201100000000255005006F
:10B20000062024010628250120000C24234889015A
:10B2100004502A0125208A0000000A8D0400082518
:10B2200000000B8D040008251900AA001050000032
:10B230001900AB00124800001030000021504901F5
:10B240002B6049012130CC0019008B001048000010
:10B25000215049012B604901050061052130CC00D6
:10B260002B604401235044012330CC002330C5001F
:10B27000255806000000098D040008250000068DF1
:10B2800004000825215049012B604901215866011D
:10B2900021586C01FFFFE724E3FFE10400000000F8
:10B2A00006006005FF0306242A60400121504A0180
:10B2B00021586B0121586C01FFFFC62425200A008C
:10B2C00025280B00251004002518050025C00600C0
:10B2D0000800E00300000000000000000080013CC6
:10B2E0002430A10040380500423D0700FF0701243B
:10B2F0002B00E1100000000033040924233827014B
:10B300003500E12C0B002014000000002000E004B8
:10B31000000000002D00C0100000000040480500A3
:10B3200025482401260020150000000027000010F9
:10B33000000000000500C010000000002B480400C1
:10B3400023200400232805002328A9001F00E9303A
:10B350000100082404402801234008002000E12CBB
:10B36000040020140000000000000424020000106B
:10B370002428A800242088000500C0100000000038
:10B380002B48040023200400232805002328A900BB
:10B3900025100400251805000800E0030000000047
:10B3A0000F00013CFFFF21342448A100254824015F
:10B3B0000900201500000000F5FF0010000000004B
:10B3C000F0BF053CF2FF0010000004242528060011
:10B3D000EFFF001000000424F8FF053CECFF001014
:10B3E00000000424002020202020202020202828C5
:10B3F0002828282020202020202020202020202035
:10B40000202020202080101010101010101010107C
:10B4100010101010100404040404040404040410A4
:10B420001010101010104141414141410101010132
:10B4300001010101010101010101010101010101FC
:10B440001010101010104242424242420202020208
:10B4500002020202020202020202020202020202CC
:10B46000101010102000000000000000000000007C
:10B4700000000000000000000000000000000000CC
:10B4800000000000000000000000000000000000BC
:10B4900000000000000000000000000000000000AC
:10B4A000000000000000000000000000000000009C
:10B4B000000000000000000000000000000000008C
:10B4C000000000000000000000000000000000007C
:10B4D000000000000000000000000000000000006C
:10B4E000000000000000000000010202030303034B
:10B4F0000404040404040404050505050505050504
:10B5000005050505050505050606060606060606E3
:10B5100006060606060606060606060606060606CB
:10B5200006060606060606060707070707070707B3
:10B53000070707070707070707070707070707079B
:10B54000070707070707070707070707070707078B
:10B55000070707070707070707070707070707077B
:10B560000707070707070707080808080808080863
:10B57000080808080808080808080808080808084B
:10B58000080808080808080808080808080808083B
:10B59000080808080808080808080808080808082B
:10B5A000080808080808080808080808080808081B
:10B5B000080808080808080808080808080808080B
:10B5C00008080808080808080808080808080808FB
:10B5D00008080808080808080808080808080808EB
:10B5E00008080808080808080080013C2440A10059
:10B5F00040380500423D0700FF0701242A00E11002
:10B600000000000033040A24233847012200E01818
:10B61000000000003500E1280800201400000000B0
:10B620002A000015000000002550A4002400401549
:10B6300000000000250000100000000005000015BB
:10B64000000000002B5004002320040023280500E4
:10B650002328AA001F00EA300100092404484901F8
:10B66000234809002000E128040020140000000005
:10B6700000000424020000102428A90024208900CE
:10B6800005000015000000002B50040023200400DA
:10B69000232805002328AA002510040025180500EA
:10B6A0000800E0030000000000530500255044019D
:10B6B0000900401500000000F7FF00100000000026
:10B6C000F03F053CF4FF001000000424252808008A
:10B6D000F1FF001000000424F8FF053CEEFF00100D
:10B6E0000000042400000000C03A0500425D040090
:10B6F0002538EB00C03204000080013C2538E10011
:10B700000080013C2448A10040400500424508005B
:10B7100080FC0825FFFF0B25FE00612D1200201084
:10B72000000000000200C010000000000100E7342B
:10B730008000E7248000EB2C21400B01025A070017
:10B7400001006B312338EB0040380700423A070014
:10B75000C05D08002538EB002510E9000800E00373
:10B7600000000000000000007F0401240700011514
:10B7700000000000405807002558660103006011D2
:10B7800000000000F5FF0010C0FF023CFF0001298F
:10B790000400201400000000807F013CEFFF001037
:10B7A0002510210101000A24235048012000412DC9
:10B7B0000300201400000000E8FF0010251009001D
:10B7C00020000C2423608A01045887012530CB0017
:10B7D00006384701000008240080013CD1FF00101A
:10B7E0002538E10000000000F56424670567016A60
:10B7F00031B3609B6CEA072232B633B71A1C83EA76
:10B800000065005251619167B067D1671A1C83EAE5
:10B81000F067312A2DB42EB5D1671A1C83EAF06780
:10B820009167B06700522B6126B627B71A1CC6CCA9
:10B83000006582671A1C73D9A36704D205D3916788
:10B8400020B621B71A1CC8CCB06782671A1C73D9FE
:10B85000A3678267A36704961A1CC8CC0597826702
:10B86000A36704961A1CA8D8059782671A18D4DD16
:10B87000A36722670367516770677564A0E81A18A9
:10B88000D4DD0065826713B613B71A1CC8CCA36752
:10B89000826712B612B71A1CC8CCA3672267036767
:10B8A000516770677564A0E8216B04B260DA0069C3
:10B8B00003B0E117F8DD00A0F00000A00000F87F61
:10B8C000000000000000F03F408CB5781DAF15442B
:10B8D000763C7935EF39EA3D0000E0FE422EE63F46
:10B8E000F66404D431B632B71A185FF905D5026789
:10B8F000236730B430B5C2671A1C83EAE36700528D
:10B900004F6090672DB62EB71A1C83EAB1670052BC
:10B91000186190671A18D4DDB167826729B62AB713
:10B920001A1CC8CCA367826728B629B71A1CC8CCD2
:10B93000A3678267A36704961A185FF90597766470
:10B94000A0E81AB41AB5D0671A1C77CAF16706D2F4
:10B9500007D38267A367C2671A1CA8D8E367826708
:10B9600012B613B71A1CC8CCA36782671A189EF6C2
:10B97000A36706940795C2671A1CC8CCE367906753
:10B98000B167C2671A1C77CAE3679067B167C2677D
:10B990001A1CC8CCE36782671A18D4DDA367C917DD
:10B9A000049205937664A0E8000000000000F03FD8
:10B9B000BBBDD7D9DF7CDB3D408CB5781DAF1544CE
:10B9C000763C7935EF39EA3D0000E0FE422EE63F55
:10B9D0002350C90012004005000000002000412D46
:10B9E000050020140000000025380800000008248D
:10B9F000FAFFE014E0FF4A251B00401100000000A0
:10BA000025580800063847010640480120000C244C
:10BA100023508A0104584B01130000102538EB0015
:10BA20002530090023500A002000412D0500201474
:10BA3000000000002520050000000524FAFF801406
:10BA4000E0FF4A25080040110000000025580500CD
:10BA5000062044010628450120000C2423508A01B9
:10BA600004584B0125208B00212087002B60870084
:10BA70002128A8002128AC000200A8100000000026
:10BA80002B60A80008008011000000004220040084
:10BA9000C067050025208C00422805000080013C7D
:10BAA0002528A1000100C624251004002518050042
:10BAB00025C006000800E0030000000000000000B0
:10BAC000F464046729B62AB71A1CA8D825678267C8
:10BAD00028B629B71A1CC8CCA3678267A367D067AA
:10BAE0001A1CA8D8F167826724B625B71A1CC8CCDF
:10BAF000A3678267A367D0671A1CA8D8F16782671B
:10BB000020B621B71A1CC8CCA3678267A367D06789
:10BB10001A1CA8D8F16782671CB61DB71A1CC8CCBE
:10BB2000A3678267A367D0671A1CA8D8F1678267EA
:10BB300018B619B71A1CC8CCA3678267A367D06769
:10BB40001A1CA8D8F167826714B615B71A1CC8CC9E
:10BB5000A3678267A367D0671A1CA8D8F1677464CB
:10BB6000A0E8006500650065225108F039F0C23F89
:10BB70005B0414C01E9AC33F2F3494CC6346C73F66
:10BB8000A6BE5021C571CC3FB4071E942449D23FB4
:10BB900024FF97999999D93F925555555555E53FA9
:10BBA000A8FFBD270400A1AF0800A2AF0C00A3AFFF
:10BBB0001000A4AF1400A5AF1800A6AF1C00A7AFDB
:10BBC0002000A8AF2400A9AF2800AAAF2C00ABAF7B
:10BBD0003000ACAF3400ADAF3800AEAF3C00AFAF1B
:10BBE0004000B8AF4400B9AF4800BFAF12400000FA
:10BBF0004C00A8AF104000005000A8AF019D1A3CB7
:10BC000018495A2700000000006804400060054001
:10BC100009F84003000000005000A88F1100000147
:10BC20004C00A88F130000010400A18F0800A28F10
:10BC30000C00A38F1000A48F1400A58F1800A68FEE
:10BC40001C00A78F2000A88F2400A98F2800AA8F8E
:10BC50002C00AB8F3000AC8F3400AD8F3800AE8F2E
:10BC60003C00AF8F4000B88F4400B98F4800BF8FB1
:10BC70005800BD27C00000001800004220E8006AFC
:10BC80000EF0F5642FB230B304D205D329B0016AA7
:10BC900060986CEA1B221A1845FA0065082A0A9473
:10BCA0002AB62BB71A1C83EA0B95005227610A9417
:10BCB00026B627B71A1C83EA0B95082A0C9423B6DC
:10BCC00023B71A1C83EA0D9501522A610A940B9539
:10BCD0000C961A1CFBC70D97016CA098ACEC026780
:10BCE0002367082482671A1845FAA3670322226B88
:10BCF00011B260DA506771677564A0E80C941A1885
:10BD000045FA0D95D42A0C940D951A1C16EB0406D1
:10BD10001A1C7FF5826709B51A1C20F28267C722B8
:10BD2000216B05B260DA006B05B203672267E21788
:10BD3000F8DD00A0F00000A0000000000000F8FF07
:10BD4000000000000000F03F0000000000000000C4
:10BD50001900A80012580000105000001900A70098
:10BD6000126800001060000021586C012B786C01F3
:10BD700021504F011900880012700000106000006F
:10BD80002170CD012B78CD0121586C0121586F0114
:10BD900002006C11000000002B786C0121504F0153
:10BDA0002A78C0012170CE0121586F012B786F01D4
:10BDB00021504F010C00400500000000130040110D
:10BDC000000000002A78C0012170CE012A10600115
:10BDD00021586B0121586F012578020021504A013A
:10BDE00021504F01FFFFC6242130C90002FCC624A8
:10BDF00025200B0025280A00251004002518050021
:10BE000025C006000800E003000000000000062432
:10BE100025280600F8FF001025200600000000007D
:10BE2000F4640467082C2BB42BB5146E1A181FF396
:10BE3000006F0267482229B41A181FEF006528B264
:10BE4000409A2B9A27B322EB076024B41A1853F1B7
:10BE50000065006A40C03710614120B41A1853F1E0
:10BE60006BDA21B51A1C45E5906720B51A18B9F7A9
:10BE700090671A1C99E7906769426DE0CB43AFF277
:10BE8000176C0A6DBAEC012DE5E810EF304FE0C3F6
:10BE9000BAEC012DE5E812EC0324FF4BCAEBF1618B
:10BEA000FF4A49E08B420A6B7AE9012BE5E810ED85
:10BEB000304DA0C27AE9012BE5E812E90621FF4ADC
:10BEC0008AEAF1610210006A011050677464A0E808
:10BED0007CEB00A040ED00A05CEB00A0340000A0D3
:10BEE0009E86010078EB039D80EB039DF6646467FA
:10BEF000056748AD806C8CEA022283675610409D2E
:10BF0000814280DD024A052A85671A1867F507D342
:10BF10000793239815295D6770C220D88988040586
:10BF2000016E1A18A9F707D300520793056021B2D2
:10BF3000409A0472F3601F10017283671C61351010
:10BF40004098202AE298E1D820D88988A767D1674D
:10BF500007D31A18A9F706D700520793069705606A
:10BF600014B2409A04720460051002225DE747E1B2
:10BF7000EC290810072168A8406A6DEA48C8016CDE
:10BF80008BEC13104098FF4A40D84198814281D8E9
:10BF900060C248A8086C8CEAB0220A73AE611A1815
:10BFA000C5F690670A6C0122F54C766420E8446778
:10BFB000F00000A008F0F564646785671A184FF573
:10BFC00004D30267005204933A611A18D9F204D3D9
:10BFD000226704933422046A0CEA0522046A4BEABD
:10BFE0004CE8026D0510016AB0674CED4EED4CED6A
:10BFF00010F0006A90674CEC01244DED0B944084E6
:10C000007272086077720A6061721161836700F270
:10C01000086A07101A18235883670C10836700F604
:10C02000006AA0F1166E1A1823584DED03101A1865
:10C0300040FB0065005205601A183CFB9167006ADE
:10C04000121082671A1842FB04D204930222086A73
:10C050004DE869C908C9016A4BEA40D9406A43D929
:10C0600003B246D951677564A0E8006520EC039DD2
:10C07000A164C0F78232C0F5823611EE2AB7646738
:10C08000ECEB0F46FE583760814E28B48DEBB9E6D5
:10C090006C338746784C01541C61076D6CED0E2D96
:10C0A0006E33FF542C6021B56CED3225ECEB403241
:10C0B0008DEAC0F540326DEA2164A0E86E35016E6C
:10C0C000CCED034BADE3C0F66235EA256633014C97
:10C0D000E7177E6C8BECD3E41B541760A367A6ECC8
:10C0E00085677F4E1F4E64EE015B7867016DAEEB96
:10C0F0008DEB8567D217012E0D2B4467DD1740327B
:10C10000FF6B6DEAC0F54032D717006B8367CF171E
:10C11000006CCD177E6ECBEE6433FF4EC0F56234FB
:10C12000FB24B517FFFF7F000000800025B6409E6E
:10C13000462AF66424B3009B012824B024B5209D30
:10C14000032924B221B145E180F702320272026173
:10C1500021B24CE880F72232027202611EB24CE931
:10C1600005D306D51A189AFA04D6809A419A49E45A
:10C1700083E8059306950496026143E8066117B7C4
:10C1800015B00CEFE3EC1A61046703E9026143E9BF
:10C19000036143E81360226710B240F74232057230
:10C1A00002610FB20310047206610EB24DE800DBAB
:10C1B0004DE920DD011020DB609B60DE7664A0E8A5
:10C1C000E4EC00A0ECEC00A058ED00A0E8EC00A02E
:10C1D00010000000FFFFFF1F6CDC00A0000000A0AB
:10C1E00000000080235026012000412D050020146E
:10C1F000000000002520050000000524FAFF80143F
:10C20000E0FF4A2508004011000000002558050005
:10C21000062044010628450120000C2423508A01F1
:10C2200004584B0125208B002B60E4002338E400E8
:10C2300023400C0123400501080000150000000008
:10C240000300E014000000000D00001000000924AD
:10C250002540E00000000724E0FF292520500A7156
:10C26000070040110000000023482A0122580A005C
:10C2700006586701043847010440480125400B0176
:10C28000251007002518080025C009000800E00354
:10C290000000000000000000F5640467256727B473
:10C2A00027B5D0671A185FF9F16704D205D39067F4
:10C2B00024B625B71A185FF9B1670267236782674A
:10C2C00020B621B71A1C83EAA367226B09221DB48A
:10C2D0001DB5D0671A1C83EAF16700520960216B13
:10C2E00013B260DA006D13B44567756420E86467C3
:10C2F00014B415B5D0671A1CC6CCF1679067B16746
:10C30000C2671A1C77CAE3678267A367C2671A1CF1
:10C31000C8CCE36782671A18D4DDA3678267A36776
:10C3200004961A1CA8D805977564A0E8F00000A030
:10C330000000F87F00650065000000000000E03F9D
:10C34000000000000000F03FF56425673D2506670A
:10C35000006A3B26372C1FB20C226567016C1A1845
:10C36000B34F04D3049340C3014B09E16EEAF62AAC
:10C37000291019B32A2319B2409A0272056018B223
:10C38000609A18B614B4061017B2F92217B2609A60
:10C3900017B618B410F0006A4CEB022B16B340DB52
:10C3A0005067A16BA09C016FECED022DFF4BFA2BA7
:10C3B000609C016DACEB052B609E60C1FF4A01499A
:10C3C000F02A43E050670110006A7564A0E8006538
:10C3D000CD3E019D106080BF380000A0006080BF8E
:10C3E000306080BF406280BF006280BF306280BF2B
:10C3F000106280BF086080BFC23D0400FF00E730CC
:10C400000080013C24308100FFFFE924FE00212D43
:10C410000D002010000000008003E724404A0400C3
:10C42000024B09002530C900402F0400004D0700D1
:10C430002530C90025100500251806000800E00376
:10C4400000000000000000000000052421208400FE
:10C45000F6FF8010000000000900E014000000005A
:10C46000FFFFE724212084008000013C2B0881008D
:10C47000FBFF201400000000E7FF00100000000098
:10C48000FF07072400FF013C010021342B08810035
:10C49000E6FF201400000000E4FF0010F8FF063C57
:10C4A00000000000211080002600C0101000CA2CDF
:10C4B0001F004015FF00A530005205002528AA00E6
:10C4C000005405002528AA000300833005006010F1
:10C4D000040007242338E3002330C700000085B898
:10C4E000212087000F00C3302338C3000800E0106C
:10C4F000213060002138E400000085AC040085ACE8
:10C50000080085AC10008424FBFF8714FCFF85AC79
:10C510000300C3302338C3000500E0102130600061
:10C520002138E40004008424FEFF8714FCFF85AC5E
:10C530000400C0102138C40001008424FEFF8714C9
:10C54000FFFF85A00800E0030000000020E8006A6B
:10C550000EF0F564266723B623B71A1C83EA0E9003
:10C560000C220A9421B622B71A1CA8D80B95826710
:10C57000A3671A1C16EB040608105D6720F09C8266
:10C580001A1CA4F3D04C04D205D31AB41AB50496DD
:10C590001A1C83EA05970052206040802E7258676B
:10C5A000015A586743E040A0014A91EA3A521461A7
:10C5B000306A40C00D924AE80D61316A052140C0E1
:10C5C0004099014A40D90910FFF75FC00D92FF4A18
:10C5D0000DD20310FF48E11740C00D927564A0E82A
:10C5E00000000000000000000000000000002440E7
:10C5F000000000000000104040380500423D0700E8
:10C60000FFFFE924FE07212D0C0020100000000090
:10C6100002FCE7240F80013CFFFF21342428A10005
:10C62000E03F013C2528A1000000C7AC2510040014
:10C63000251805000800E003000000001300E014C6
:10C64000000000004048050025482401F6FF2011A5
:10C65000000000000080013C2440A1000100E7240C
:10C66000FFFFE7242A488000212084002128A5001C
:10C670002128A9001000013C2B08A100F8FF20147C
:10C6800000000000E2FF00102528A800F8FF053C8C
:10C6900000000724E4FF0010252007000000000030
:10C6A000F56424B41A1844FB006523B41A181FEF6C
:10C6B000026722B12E2040802C22609916238367C6
:10C6C000B0671A1CCEEA04D30493052A1AB41A18C8
:10C6D00053F100652A1090671A1C99E704D304935C
:10C6E00083671A1836D6A14206101A1C99E790677C
:10C6F0001A18DACE814240D982671A1C45E5B06724
:10C700001A181FF59067052A0BB41A181FEF006559
:10C710000C108099DB241A18F3E70065006B07B250
:10C7200007B41A181FF560DAD1177564A0E8006520
:10C7300008CF039DA0EA00A038EA00A00CCF039D1B
:10C74000F5640467409C024A032A1A1875F60065CE
:10C7500048A8206B6CEA2D2A4398102A4198614220
:10C760000423016B6BEB61D83410898804051A1817
:10C77000D2F0016E40D87D673083101048A8086B56
:10C780006CEA042215B41A1899F700658988A298F2
:10C790001A18D2F0C39840D8429841D84098005215
:10C7A0000B600FB2409A0472D76068A8406A6DEAC5
:10C7B00048C8016A4BEA0D10032A68A8206AF717D7
:10C7C000FF4A40D85167639804234198614261D879
:10C7D00040A27564A0E8006515EA039DF00000A082
:10C7E00008F0F5645D67178AEFF7106C0CECEFF753
:10C7F00010741D60102C0A941EB61FB71A1C83EA11
:10C800000B952C2A216B19B260DA006C18B1716794
:10C81000756420E8446793341FF4014C1A1CA4F398
:10C820000065826723677167756420E844670A932F
:10C830000B918367B167C367F1671A1C83EA04D35E
:10C8400004938367E42AEFF71F6A4CE85D6717CA11
:10C850000A940B917167756420E8446707B408B1C6
:10C860007167756420E84467F00000A00000C0FF15
:10C8700000000000000000000000000000F08FC079
:10C88000FEFF082440300400403805002548C7005A
:10C890001B0020110000000000FF013C01002134BA
:10C8A0002B08C1001A0020100000000000FF013C0E
:10C8B000010021342B08E1001500201000000000C9
:10C8C0000200810442300600233006000200A10469
:10C8D00042380700233807002A08C7000300201049
:10C8E0000000000007000010FFFF02242A08E600F5
:10C8F00003002010000000000200001001000224CC
:10C90000000002240800E003000000000000000016
:10C91000FCFF001025100800000000000400C928DA
:10C9200005002011213886001700C01C00000000FF
:10C930000800E003211000002540850003000831B5
:10C94000030000110000000010000010000088909B
:10C950000000888C0000A98C0400842405000911C3
:10C960000400A524FCFFA524FCFF8424070000107C
:10C9700000008890FCFFC624F5FFC01C00000000EA
:10C980000800E00321100000000088900000A9903A
:10C9900001008424030009110100A5240800E0031C
:10C9A00023100901F8FF8714000000000800E003CD
:10C9B00021100000F5641A1841FB246720B3829B04
:10C9C000019C046C8BEC8CE827E0EF4945E15BE9C6
:10C9D000012AE5E812ECFF4C58EC12E942E91F612C
:10C9E000006C1A18FCF904D30493A29B11E58EEA9B
:10C9F000162A1A18FCF92BEC014A0493122A1A1869
:10CA0000FCF9006C0493629B73E2105408610DB54D
:10CA1000A09DABE20CB540DD016A8DEA41DB006A06
:10CA20000A10429B23E0016B6DE801DA06B2609ABE
:10CA300027E320DA016A7564A0E8006558E100A0E8
:10CA400050E100A0E8EB00A0C03A05004255040008
:10CA50002538EA000080013C2538E10040500500FF
:10CA600042550A001E0406242330CA000C00C018D8
:10CA7000000000002000C12C020020140000000073
:10CA8000000007340200A1040638C700233807005D
:10CA9000251007000800E00300000000000000006F
:10CAA00002008010000000000100A534F07F013C6E
:10CAB000010021342B08A100030020140000000015
:10CAC000F4FF00100080023CFF7F023CF1FF0010E9
:10CAD000FFFF42340000000008F0F6644467266758
:10CAE0009833803063E01BB3609B01E3E7443A4F27
:10CAF0008767006D06D21A184DFA05D7406B66D8C5
:10CB000010F0006C14B380DB059706926498406CBB
:10CB10008CEBFC2B11B3609B076DACEB6EEA022A29
:10CB20000FB280DA386A45D8C74A49D81A18A8FA25
:10CB3000876700510260206A46D80AB2D1674CEE7E
:10CB4000036A0D914CE92DEEC0D87664A0E800652B
:10CB5000D402029D083088BF303088BF343088BF8F
:10CB6000FFFFFF7FF56421B41A181FEF006520B2A4
:10CB7000609A439B1522044287426D4C83E82F60E4
:10CB80008098034C05241C48F717439B40D923DBAE
:10CB9000016A4BEA15B41A1853F140D850672110B6
:10CBA000746C1A18DACE04D322670493062A0FB4E1
:10CBB0001A1853F10065006A14109167006D746EC5
:10CBC0001A1C29F104D304415067049387416D4C2A
:10CBD00083EADB60036C8BEC80DA1C4AF717409A1F
:10CBE000C9177564A0E80065F0EC00A0340000A04F
:10CBF000C03A0500425504002538EA000080013C97
:10CC00002538E1004050050042550A001E04062464
:10CC10002330CA000C00C004000000002000C12C1A
:10CC20000200201400000000000007340200A104EC
:10CC30000638C70023380700251007000800E00366
:10CC40000000000000000000020080100000000052
:10CC50000100A534F07F013C010021342B08A10024
:10CC60000300201400000000F4FF00100080023CCC
:10CC7000F2FF0010FFFF02240000000020E84567DB
:10CC8000E46404678567AF4003ED78671CB249E44C
:10CC900049E318B343EB2560E0F71F6A0CEA07226B
:10CCA00001F0006A4BEA4CE801F0006A4DE81A1CFA
:10CCB000A4F30065826713B613B71A1CA8D8A3673C
:10CCC000906704D21A187EF905D38267A367049689
:10CCD0001A1CC8CC059782671A1CBAEDA367646456
:10CCE000A0E86EEAE42AFFF71F5DD660E017006552
:10CCF000FFFF3F0000650065FFFFFFFFFFFF1F0014
:10CD0000000000000000F0410D0A616C6C6F633A96
:10CD10002025752C2020756E616C6C6F633A202580
:10CD2000752C20206C61726761766C3A2025752C19
:10CD30002020746F7461766C3A2025750D0A00000E
:10CD40002533753A20683A2538702C2020643A251E
:10CD500038702E2E2538702C20206C3A2536690D1F
:10CD60000A0000652533753A202E2E2E2E2E2E2EEB
:10CD70002E2E2E2C2020643A2538702E2E25387029
:10CD80002C20206C3A2536750D0A00002118E0038E
:10CD9000029D083C904808250000098D18002011CC
:10CDA0000400082500000A8D0400082500000B8DF2
:10CDB000090060110400082500000C91FFFF4A25BE
:10CDC0000100082500002CA1FBFF401501002925CA
:10CDD0000500001000000000000020A1FFFF4A2510
:10CDE000FDFF40150100292503000825FCFF0A244A
:10CDF000244048010000098DE7FF201500000000D5
:10CE000021F860000800E0030000000000000000BE
:10CE1000F46404672567016A19B3609B6CEA2422F5
:10CE20001AB61BB71A1C83EA00650052146190679A
:10CE30001A1CE9C1B1670267236782671A1845FAAD
:10CE4000A3679067B1670322226B0EB260DA446772
:10CE5000746420E86567216B0AB260DA006C0AB579
:10CE60004467746420E865671A1CE9C1006582673D
:10CE7000A3674467746420E865670065F8DD00A077
:10CE8000F00000A00000F8FF00000000000000001B
:10CE9000000005242548050025380500253004003C
:10CEA0000C00C010000000000600C10400000000DB
:10CEB0000080093C2B500500232805002330060084
:10CEC0002330CA001E0407242040C8702338E8001D
:10CED00004300601C24205004055060025400A0103
:10CEE0004050060002530A0025482A010055070059
:10CEF00025482A0125100800251809000800E0032C
:10CF00000000000000000000545A00005554433057
:10CF1000000000656D0100006E0100001F000000B0
:10CF20001C0000001F0000001E0000001F00000089
:10CF30001E0000001F0000001F0000001E00000077
:10CF40001F0000001E0000001F0000001F00000066
:10CF50001D0000001F0000001E0000001F00000058
:10CF60001E0000001F0000001F0000001E00000047
:10CF70001F0000001E0000001F000000000090AC19
:10CF8000040091AC080092AC0C0093AC100094AC7F
:10CF9000140095AC180096AC1C0097AC20009DAC1A
:10CFA00024009EAC28009FAC0800E0032110000084
:10CFB0000000908C0400918C0800928C0C00938CE3
:10CFC0001000948C1400958C1800968C1C00978C83
:10CFD00020009D8C24009E8C0200A01428009F8CB1
:10CFE000010005240800E0032110A00008F0F66409
:10CFF0006467066727675D6740F0E0AA086A4CEF40
:10D0000022EE586704D20C270D94B067C36706D38D
:10D010001A18EAF905D7014A069305970E2A151042
:10D020000492F222D7E10DB606D31A1849F905D7B2
:10D03000014A069305970922E7170727049205225C
:10D04000836706B61A1849F917E15067049301235C
:10D0500051677664A0E8006550D7039DE3645C6780
:10D0600070F106A2143008B201E2006A49C0046AF5
:10D070001A18195148C040D8C0F7433241D86364E8
:10D08000A0E80065280200A0E3641A18F9FA0D6C04
:10D090006568FF4804201A18F9FA0A6CFA176364E5
:10D0A000A0E80065C364006C1A182E83A46743646B
:10D0B000A0E80065C364006C1A182E83016D1A186D
:10D0C000168300654364A0E8000000656D01000060
:10D0D0006E0100001F0000001C0000001F00000087
:10D0E0001E0000001F0000001E0000001F000000C6
:10D0F0001F0000001E0000001F0000001E000000B6
:10D100001F0000001F0000001D0000001F000000A5
:10D110001E0000001F0000001E0000001F00000095
:10D120001F0000001E0000001F0000001E00000085
:10D130001F00000004F0F6646567066727675D67F7
:10D1400040F0C0AA086A4CEE032609E304D2181086
:10D15000E2E8FB600C9417E706D31A18C8F705D667
:10D16000014A069305961622F01780830C9506D384
:10D170001A1832F705D60693014B014A05960A2282
:10D1800004924AEBF261062622E804600C941A1815
:10D19000C8F717E1506722E8016051677664A0E89C
:10D1A000E4640467C09C41462E22439C1C2268AC68
:10D1B000026A6CEA04221A18C5F600651810016CA0
:10D1C0008CEB142340D8429841D801560F618988CE
:10D1D000CBEF016AC767C0F7E3371A1843FB04D2E5
:10D1E000C0F763320410016A4BEA41DC006A68A8A8
:10D1F000046C6CEC0924046C8BEC8CEB68C8016B40
:10D200006BEB60D80110006A6464A0E8F5646467A1
:10D210002567066748AE086C8CEA1F222A218367BF
:10D220000A6DD1671A18CCFA05D305931722014A63
:10D2300004D27FE28198A367C7671A1C3FE705D72E
:10D2400005976198E9E341D86098EBE340D8E7E1BE
:10D250001A18C5F690670493E1170B258198A36708
:10D260001A1C3FE7D167619829E341D8409827E22B
:10D2700020D87564A0E80065F46424674144032A5B
:10D28000016A4BEA2C100567669D449B856740EA5E
:10D29000026DF6224098014A032A1A1875F6906723
:10D2A0004398072A4198014AEB2A21D868A8DF4A07
:10D2B00013104198629843EB6098026103230E10AB
:10D2C000FF4A41D8014B60D8419860A22EEB012360
:10D2D00020C268A8216A4BEA6CEA48C851677464A6
:10D2E000A0E80065F46424670F67A5984498AEEA47
:10D2F000152A7F4D014DA4D8839805241A1836D6D7
:10D30000006543D809101A18DACE856743D88267BA
:10D31000A2981A1C3FE7806E439842D84598614214
:10D3200065D8629849E320C20E2141980A221A1852
:10D33000C4F980982267014A06224198FF4A41D8E1
:10D34000021001692BE951677464A0E820E8446782
:10D350000EF0F46404672567016A12B3609B6CEAFF
:10D36000062214B614B71A1C83EA006508229067D7
:10D37000B1670A961A1CC6DB0B977464A0E80A947E
:10D380000CB60DB71A1C83EA0B95F12A216B06B275
:10D3900060DA006D05B44567746420E86467006571
:10D3A000F8DD00A0F00000A00000F8FF00650065B7
:10D3B0000000000000000000C3641A1C36FB00657A
:10D3C00010B3409B42325232016C8CEA0D220EB2F5
:10D3D000006B60DA0DB360DA0DB360DA016B0DB289
:10D3E00060DA0DB2409A0A1002F0006C0BB280DADB
:10D3F000409B01F0006C8CEAFB2AE917FF170065DF
:10D40000003088BF30F280BF556699AAAA99665548
:10D4100018F680BF10F680BF083088BF042C12B207
:10D4200040DD20E8046A0174046110B240DD20E8A8
:10D430000E6A02740EB20360037404610DB240DD23
:10D4400020E81E6A047404610BB240DD20E8286AFB
:10D450000574046109B240DD20E8646A016A20E8CD
:10D460004BEA0065FCA5039DECA5039DCCA5039D9F
:10D47000ACA5039D84A5039D20A5039D5C6713B304
:10D4800030F07CDA30F01C4A11B361DA11B3006A73
:10D4900040DB41DB42DB43DB44DB0FB340DB41DB02
:10D4A00042DB43DB44DB40840C220CB36DE260A31F
:10D4B000046DACEB062BD54A11EA035A0261014C0C
:10D4C000F217016A20E84BEA9CEA00A098EA00A063
:10D4D00050EA00A03CEA00A0E5B3039D3F3F3F00B7
:10D4E000252E337320252E337325336420253032C7
:10D4F000643A253032643A253032642025640A00CB
:10D500004A616E4665624D61724170724D61794A41
:10D51000756E4A756C4175675365704F63744E6FD5
:10D520007644656353756E4D6F6E547565576564CB
:10D530005468754672695361740000654084727264
:10D54000056077720560617221610210016D011042
:10D55000026D618445671F232B730560627316613A
:10D5600010F0006B0110046BADEBA2844367132530
:10D570002B75056062750A6110F0006A0410046A78
:10D58000A3674CED032D6DEA63840523166B03B28C
:10D5900060DA016A4BEAA0E8F00000A0E3640467E7
:10D5A00015B2409A15B36DDA429C032A1A1854F941
:10D5B000006543980222629861D840D848A8026B5F
:10D5C0004DEB68C802F0006B4CEB1123086B6CEA62
:10D5D00008221A1842FB8988042A68A8F74A6CEACC
:10D5E00048C868A802F0016A4BEA6CEA48C863645C
:10D5F000A0E80065340000A035EC039D0080013CEC
:10D60000120080102430810002008104000000001C
:10D61000232004009E000524203887702328A700BB
:10D620000420E400800084248000882C2128A800A5
:10D630000342040001000831232088004020040038
:10D6400042220400C04505002520880025108600E0
:10D650000800E0030000000000000000B16444671F
:10D66000ADEC036B6CEC6267182C82676467045E38
:10D670001461009D0FEF0FB125E02CEF0EB12CEFE0
:10D680000C2FFC4E044D00DC044CF017FF4E014BF8
:10D690008085FFF79FC3014D0124F82ED9E3CAEB23
:10D6A0000460006C80C3014BFA173164A0E8006588
:10D6B000FFFEFEFE80808080E6640567469C075A78
:10D6C00011B60460443649E610B379E2649C0C5B01
:10D6D0000DB7046064376DE70DB25DE3439C04D27F
:10D6E000429C05D2419C06D2409C07D2459C60F7E3
:10D6F0000C4A08D207B51A182CF890675067666470
:10D70000A0E80065DCD4039D24D5039D00D5039DCE
:10D71000E0D4039D4E614E002D496E660000006509
:10D720002B496E6600000065286E756C6C29000040
:10D7300030303030303030303030303030303030E9
:10D7400030303030303030303030303030303030D9
:10D7500020202020202020202020202020202020C9
:10D7600020202020202020202020202020202020B9
:10D77000F56413B030674098062A1A184BF004D4A9
:10D78000409804940A2240998DE20154086143EBC9
:10D7900004610CB4809C63EC0E600C6B071063EAB0
:10D7A000046109B4809C83EB0660166B07B260DAF3
:10D7B000016A4BEA011060D97564A0E8E4EC00A0AE
:10D7C000E8EC00A0ECEC00A0F00000A020E8006A6B
:10D7D000F564046711B612B71A1CA8D825678267CA
:10D7E0001A1CFCF2A36704D21A187EF982678267BA
:10D7F0000CB60DB71A1CA8D8A3679067B167C267AB
:10D800001A1CC6CCE36782671A1CFCF2A367049358
:10D810007564A0E800650065000000000000F03DB0
:10D82000000000000000F041F46404672567016A0D
:10D830000FB3609B6CEA14221A1C3DFA00650FB40A
:10D840000FB5C2671A1C83EAE36700520960216BB7
:10D8500008B260DA006D08B44567746420E8646754
:10D8600090671A1C87D4B1677464A0E8F8DD00A043
:10D87000F00000A00000F87F000000000000F03F72
:10D88000F46404672567016A0FB3609B6CEA142295
:10D890001A1C3DFA00650FB40FB5C2671A1C83EA63
:10D8A000E36700520960216B08B260DA006D08B4CA
:10D8B0004567746420E8646790671A1C23DFB167CA
:10D8C0007464A0E8F8DD00A0F00000A00000F87F7C
:10D8D000000000000000F03F0000043CE8FFBD270E
:10D8E00000008424030080101400BFAF09F88000FA
:10D8F00000000000000084300000A530039D083CBB
:10D900000D25082509F80001000000000000023C78
:10D9100000004224030040100000000009F840000D
:10D9200000000000F9FF0010000000004467ADEAAD
:10D93000036B6CEA122A045E1061609C409D6EEAE3
:10D940000C2AFC4E16260DB249E36FEB6CEA0CB3C1
:10D950006CEA0F2A044C044DEE17D9E4CAEC0960B6
:10D9600040A460A56AEA026020E86BE2014C014D28
:10D97000F52A20E8006A0065FFFEFEFE80808080B8
:10D98000A164056711E8036A8CEA172A00320DEAE0
:10D990004036C0364DEE609CA367CEEDAFEA0CB7C3
:10D9A000F5E5ACEA6FEDEDE36CEDADEA09B36CEAD9
:10D9B000042A044CF0170622014C40A40AEAFB6139
:10D9C00044670110006A2164A0E80065FFFEFEFEC6
:10D9D00080808080E3640467429C032A1A1854F90B
:10D9E00000654398022AFF4A0110429841D8006A14
:10D9F00040D848A8016B4DEB68C802F0006B4CEBB7
:10DA00001123086B6CEA08221A1842FB8988042A41
:10DA100068A8F74A6CEA48C868A802F0016A4BEAAD
:10DA20006CEA48C86364A0E8FF639832803453E42A
:10DA30000FB2409A91E2005503600EB24CED021015
:10DA40000DB255E5ACDC005603600AB24CEE021094
:10DA500009B259E6D0DCF4DC069258DC079280F07B
:10DA600050DCFF6A49DC20E801630065D402029DB6
:10DA7000FFFFFF1F00000040F46404672567016A90
:10DA80000DB3609B6CEA07220EB60FB71A1C83EA2F
:10DA900000650052066190671A1C73D9B1677464FF
:10DAA000A0E8216B05B260DA90671A1C73D9B167E0
:10DAB0007464A0E8F8DD00A0F00000A00065006537
:10DAC0000000000000000000F564246711B04098D9
:10DAD000809A669C449B40EA026D0322B0671167FE
:10DAE0000610006A13100A720A6040C00148409D87
:10DAF000809A1A188DF804D561420495F42B006AB7
:10DB000040C00AE951670261EC2350677564A0E8E0
:10DB1000340000A0F5640467629C439C809C87E20B
:10DB200061D840D818218988A367D1671A18A9F746
:10DB300004D3005204930B6009B2409A0472F2605D
:10DB400068A8406A6DEA48C8016A4BEA0510EA22F3
:10DB50004DE347E1E717006A7564A0E8F00000A014
:10DB6000F46424670FB610B71A1C83EA05670052E5
:10DB7000066191671A18F4F5B0677464A0E808B2FA
:10DB80000EEA91671A18F4F5A2674BEA006C43ECB1
:10DB900098676BEB746420E88FE3006500000080F9
:10DBA00000000000000000000000023C00004224D1
:10DBB000050040100000023C000042240300401019
:10DBC000049D023C3F000070049D023C58DD42244D
:10DBD0000500401000000000E8FFBD271400BFAFA3
:10DBE00009F8400000000000FAF6400B00000000B9
:10DBF0000000023C00004224070040100000023CEC
:10DC00000000422405004050049D023C3F0000708B
:10DC10000800E00300000000049D023C58DD42249F
:10DC2000030040100000000009F840000000000060
:10DC30000800E003000000004467036C4CEC6267DE
:10DC40000A2C809B0DB7FDE48FEC8CEF0CB48CEFAD
:10DC5000022F044BF61780830224014BFC17D9E3F3
:10DC60008367CEEC0624808580C3014B014DF82CE0
:10DC7000011080C3A0E80065FFFEFEFE808080806A
:10DC8000F564046765672667022C009E1A2090677A
:10DC9000A3671A1888F904D341E040800493022A4C
:10DCA00040D9101090671A1892F9A36749E0608272
:10DCB000022B60D90410006B60C2014A40D9506742
:10DCC0000110006A7564A0E8F46424670567669D26
:10DCD000449B856740EA016D17224098FF4A40D86F
:10DCE0000052066148A8086B6CEA08220A710661B6
:10DCF0006698419B916740EAB0670810419861427D
:10DD000061D820C251670210016A4BEA7464A0E82E
:10DD10000000000000001440000000000000394036
:10DD200000000000008883400000000084D71741F5
:10DD30000080E03779C34142176E05B5B5B893440A
:10DD4000F5F93FE9034F3849321D30F948778252DF
:10DD50003CBF737FDD4F156500606041C00000006F
:10DD600099AA033C81BF023C5566632430F240AC63
:10DD700030F243AC6655033CAA99633430F243ACAD
:10DD800081BF023C0100032418F643AC81BF023C72
:10DD900010F6428C58F7400B00000000F564256730
:10DDA00088320FB349E3009A4744174A8267006DEF
:10DDB00004D21A184DFA05D610F0006B61D86DE93F
:10DDC00004921A18A8FA82670596C636FF4ECCD878
:10DDD0004898406A45D820D87564A0E8A8EB039D10
:10DDE000806BACEB0FB2883489E2409A042367421F
:10DDF000014B184A02106442144A026CACEC032432
:10DE000002F0006C80DA046CACEC032400F4006CCB
:10DE100080DA016A4CED032510F0006A40DBA0E8CF
:10DE2000E0EC039DF56424676567E66705671420E9
:10DE3000808FB167D06704D31A18A9F705D70052AD
:10DE400004930597056007B2409A0472F0600410CD
:10DE5000EE2245E143E0EB170BE37564A0E80065B3
:10DE6000F00000A0F564A4670EB2409A039A006B1C
:10DE70001320244047406D4A43E90C604099034A0F
:10DE80000722916704D340ED05D504934DEB05952A
:10DE90001C49F0170098EC17756420E8436700658B
:10DEA000340000A0F564256717250667006A15266B
:10DEB000035C10600BB20422856740EAA6670A1073
:10DEC000456780821A18BB5204D20492014A0DE1C0
:10DED0004EEBF72B50670110006A7564A0E80065EF
:10DEE00085EA039DE3640467036A8CEA0A2A409C7E
:10DEF0000AB6D9E24FEA4CEE09B24CEE022E044CBF
:10DF0000F61740840222014CFC171A1C45E50065F7
:10DF100050676364A0E80065FFFEFEFE808080809D
:10DF2000F564646705671520506721580161206A10
:10DF300043E00AB139E2CAE9F6608081A36705D3FC
:10DF40001A1832F704D60149814205930496F32C3E
:10DF50000110006A7564A0E8F0E6039D409C034A46
:10DF60000D2248AC4CED1325046B6CEA0722C36408
:10DF7000669C429BC0EA436420E8016A68AC406A40
:10DF80006DEA48CC096B04B260DA20E8006A20E848
:10DF9000016A0065F00000A088340DB291E2809C17
:10DFA000609C086A4CEBAE320123A632DBEA012EFC
:10DFB000E5E812EB014B6633AF4331EDB0DC46329E
:10DFC0007BEA012BE5E820E812EA0065E0EC039D1E
:10DFD000E46404671A1CA4F38567826709B60AB76C
:10DFE0001A1CA8D8A367906704D21A187EF905D323
:10DFF0008267A36704961A1CC8CC05976464A0E8DE
:10E00000000000000000F041E46404671A187EF983
:10E010008567826709B60AB71A1CA8D8A3679067F4
:10E0200004D21A187EF905D38267A36704961A1CD6
:10E03000C8CC05976464A0E8000000000000F0412F
:10E04000E364A3EC0361C9E543EC04611A1C3FE7F8
:10E0500000650F104F465DE455E546670922CBEB9E
:10E0600061E541E000A06DE74DE300C3FF4AF6170C
:10E0700044676364A0E800650EF0C764016A4BEA78
:10E080007D6751CB826A50CB08B204D206D405D446
:10E0900007B20AD210060BD61A185DC50404006B2D
:10E0A000059460C44764A0E8FEFFFF7F0CEC039D6D
:10E0B0000EF0C764016A4BEA7D6751CB826A50CB90
:10E0C00008B204D206D405D407B20AD210060BD681
:10E0D0001A1899BF0404006B059460C44764A0E853
:10E0E000FEFFFF7F0CEC039D0EF0E8640467016AFD
:10E0F0004BEA7D6751CB816A50CB1A1C99E70CD54E
:10E1000004D207D206D005D005B20AD212060BD629
:10E1100004041A1883BA0C956864A0E80CEC039DFB
:10E12000409D00520561DAEA012EE5E812EB061087
:10E130004FEBDAEB012EE5E812EB6FEBD8EB12EECA
:10E14000CBE240DD409C75E2A0DC42ED5867C0F7B1
:10E15000623320E86EEA0065F4641A1C07C30065A8
:10E1600002672367016A09B3609B6CEA0822906723
:10E170001A1845FAB1670322226B05B260DA5067BC
:10E1800071677464A0E80065F8DD00A0F00000A0ED
:10E19000F4641A1C85D7006502672367016A09B316
:10E1A000609B6CEA082290671A1845FAB16703224F
:10E1B000226B05B260DA506771677464A0E800658D
:10E1C000F8DD00A0F00000A0F4641A1CE4E600658D
:10E1D00002672367016A09B3609B6CEA08229067B3
:10E1E0001A1845FAB1670322226B05B260DA50674C
:10E1F00071677464A0E80065F8DD00A0F00000A07D
:10E20000E8FFBD271400BFAF006803408000023C58
:10E2100025106200006882400010032488BF023C81
:10E2200034FB400F081043AC1400BF8F0800E0031C
:10E230001800BD27E3640467669C449B40EA026DB6
:10E240000F224098FF4A40D8005205614198614230
:10E2500061D840A207106698409B40EA9067021080
:10E26000016A4BEA6364A0E80BB24CED0BB3A3EB7D
:10E270000C616EED09254CEF016AE3EB0160A0E84B
:10E280006EEF052720E8006AF62420E8016AFA26E6
:10E29000A0E80065FFFFFF7F0000F07F00680340FB
:10E2A0008000023C25106200006882400400801457
:10E2B0000010032488BF023C0800E003081043ACB0
:10E2C00088BF023C0800E003041043AC88340AB263
:10E2D00091E2609C409B09B48CEA0522449B563233
:10E2E000016C8EEA0210449B016C8CEAF32220E858
:10E2F000489B0065A8EB039D0000010088340AB22A
:10E3000091E2609C409B09B48CEA0522449B463212
:10E31000016C8EEA0310449B4E32016C8CEAF222AF
:10E3200020E8A8DBA8EB039D00000100F46424674B
:10E33000056709B409B5046E1A181FF3006F0622A9
:10E340009167B0671A1820F7C2670110006A7464F9
:10E35000A0E800654CEC00A0240200A04084072A3D
:10E360004085015A58674BEA20E88CEA014C40840A
:10E370000A22006A4DE56083072359E4C086CEEB8C
:10E38000F52B014AF717A0E820E84467F8641A184B
:10E3900088EF040408B51A18EDEF0404226707B0EB
:10E3A000609804041A1827FB0AD30A9360D85167AF
:10E3B0007864A0E8B496039DF00000A0E3640467CD
:10E3C0001A18C4F990678142062408B36DE260838D
:10E3D000886DACEBF52B41D84498FF4A44D8015CDA
:10E3E0005867636420E84BEAE5B3039D303132336C
:10E3F0003435363700000065303132333435363746
:10E4000038394142434445466162636465660000B1
:10E41000303132333435363738390000E3648832EE
:10E4200009B349E3409A609A10F0006B61DA07443F
:10E43000174890671A184DFA006D1A18A8FA9067D5
:10E440006364A0E8A8EB039DC36408B24CEC08B376
:10E4500080DB4CED07B3A0DB08F0036C1A1CECEB7F
:10E4600000654364A0E80065FFFFFF1F20F480BF44
:10E4700040F480BF0B26206ACBE201520A61656737
:10E4800067EEA4EA456786EE20E88DEA446720E857
:10E490006567C0F7A3334BEAA7EA20E84567006544
:10E4A000E36409B040981A18A6F9A19A00520661CF
:10E4B000409806B41A18A6F9A19A0210016A4BEA0C
:10E4C0006364A0E8340000A04C77039DE364046714
:10E4D00008B409B52C6E1A181FF3006F0522906757
:10E4E0001A18B0F9A2670110006A6364A0E8006519
:10E4F0006CEA00A00CEA00A0E364046708B409B564
:10E500001A6E1A181FF3006F052290671A18AEF5DD
:10E51000A2670110006A6364A0E8006578EC00A0BF
:10E5200010ED00A0F5642467056766670E20B067EC
:10E5300021580161206DA3E08367D1671A18EAF9B9
:10E5400004D381420493F22C0110006A7564A0E8A0
:10E55000E3640467839C01540A611A18DACE0065EB
:10E5600042D8052288A8106B8DEB68C80310006A9A
:10E5700043D8FF4A41D86364A0E8006500D401D5C0
:10E5800002D603D75D6767AA10F0006A4BEA6CEA0F
:10E590007D6783ABEFF71F6B8CEB6DEA7D6743CB39
:10E5A000009220E801930065883409B291E2409C12
:10E5B000C7F3186B61DA04F0006B65DA656731EB5D
:10E5C00062DAA235A23520E8A6DA0065E0EC039D08
:10E5D0000B26206BCFE301530A61446744EE86EBC0
:10E5E0006467A4EE20E8ADEB446720E86567006A45
:10E5F0006BEB84EB20E86467E3641A1CA4F3046704
:10E6000000500660826705B605B71A1CC8CCA36720
:10E610006364A0E800650065000000000000F041B0
:10E62000F5642467E56704673BE0A08009258767F8
:10E6300004D61A1860F605D7014804960597F42AFF
:10E64000756420E846670065F5642467E56704673C
:10E650003BE0A0800925876704D61A1860F605D725
:10E66000014804960597F422756420E84667006522
:10E67000C36408B408B5046E1A181FF3006F0422AF
:10E680001A1869FA82670210016A4BEA4364A0E82B
:10E690001CEC00A048EC00A0F46424671A1C99E765
:10E6A00005678698639C9167A267016E40EBF067EF
:10E6B000016B6EEA015A58676EEA746420E84BEA0F
:10E6C000E46405671A18A8F104D407B2A09A049468
:10E6D000ABED1A18E6E9D067006B68DA6ADA6464B1
:10E6E000A0E8006568EA00A0286E756C6C2900003F
:10E6F000202020202020202020202020202020201A
:10E700002020202020202020202020202020202009
:10E71000E3640467419C61420423016B6BEB61DCA1
:10E7200005101A188DF8809C614203236498014BF0
:10E7300064D86364A0E800650B26206ACBE201522E
:10E740000A61656766EEA4EA456786EE20E88DEA11
:10E75000446720E86567006B4BEAA6EA20E8456756
:10E76000DBED012EE5E812EA883406B391E3609C04
:10E770004634FF4C8CDB5BED012AE5E820E812EA29
:10E78000A8EB039DF5641A187EF904D50267236788
:10E7900004951A187EF985679067B167C2671A1CDD
:10E7A000C6CCE3677564A0E8F5640467A5E42AE8CD
:10E7B0000A608080A6671A1832F704D601486142C1
:10E7C0000496F52B0110006A7564A0E8F4642467D0
:10E7D0000567D1671A1C83EAF067062A91671A1841
:10E7E00038EEB06722670367516770677464A0E80A
:10E7F000F4641A18DCF52467026701510761014AC5
:10E8000005229067006D1A1C29F1D1675067746466
:10E81000A0E800658832903453E406B251E4609C6D
:10E82000076AC29C44EE41DB429CA4EA20E8A2DBDA
:10E830006413039D883407B291E2809C649C406E0F
:10E84000CCEB006A0323016A0125C5DCA0E8006562
:10E85000A8EB039DC36406B24CEC06B380DB08F062
:10E86000046C1A1CECEB00654364A0E8FFFFFF1F7B
:10E8700020F480BF8832903453E406B251E4409CC7
:10E88000A2DA429C0322619C6CEDA1DAA0E800654B
:10E89000E8EA039D8832903453E406B251E4409C88
:10E8A000A1DA429C0322619C6CEDA1DAA0E800652C
:10E8B000E8EA039DF46404672567A08006251A181A
:10E8C00060F69167042A0148F817006A0110506742
:10E8D0007464A0E8E364046705B406B5046E1A180E
:10E8E0001FF3006F012200DA6364A0E81CEC00A0B3
:10E8F00048EC00A0FF7F013CFFFF21342428A10049
:10E9000025100400251805000800E00300000000A1
:10E9100000000000A2324232EFF7106B6CEA6AEAA4
:10E92000006A056103B2ACEA8DEA015A5867A0E8B3
:10E93000FFFF0F008832903453E405B251E4419C4C
:10E94000629C022520E862DA20E861DA1C10039D4F
:10E95000883406B291E2409C10F0006B022520E85A
:10E9600062DA20E861DA0065A8EB039D9832803412
:10E9700053E404B2409A91E203B24CED20E8A4DCE7
:10E98000D402029D38FFFF00010084300300801094
:10E99000000000000800E003206060410800E00380
:10E9A0000060604105B2609C58EB12EA26F0194AFB
:10E9B00040DC03B320E86CEA6D4EC641FFFFFF7FE9
:10E9C0000EF0C464A467090604D604B2409A1A186B
:10E9D0005DC5819A4464A0E8340000A00EF0C464D0
:10E9E000A467090604D604B2409A1A1899BF819AFE
:10E9F0004464A0E8340000A00EF0C464A4670906D3
:10EA000004D604B2409A1A1883BA809A4464A0E8E3
:10EA1000340000A068AC0A6A6CEA0A720761C36439
:10EA2000669C429BC0EA436420E8006A20E8006AD2
:10EA300000D401D55D6763AAEFF7106A6CEAEFF7BF
:10EA4000106B6EEA4BEAC0F74232A0E80080013C4E
:10EA50002628A10025100400251805000800E00361
:10EA6000000000000000000004B2016B62DA04B391
:10EA700060DA04B320E861DACCEC00A058ED00A025
:10EA800010000000F46404670824A5E42AE8056087
:10EA90001A18BB5280800148F9177464A0E8006519
:10EAA0008832903453E404B251E4409C629C20E8E4
:10EAB00061DA00651C10039D9832803453E404B27F
:10EAC000409A91E2806A20E842DC0065D402029D0F
:10EAD0008832903453E404B251E4409CA2DA20E836
:10EAE000A9DA0065E8EA039D106088BFFFFF000017
:10EAF000006088BF106188BFFFFF0000006188BF11
:10EB0000883405B291E2409CD8F0006B65DA20E8C9
:10EB1000A6DA0065E0EC039D00601A40BFFF1B3CD5
:10EB2000FFFF7B3724D05B0300609A40180000424F
:10EB3000D9E4CAEC056040A4AEEA0422014CF917FE
:10EB400020E8006A20E8446705B249E460A2016A4F
:10EB50004CEB44670123204AA0E80065E5B3039D20
:10EB600005B249E460A2026A4CEB44670123E04A23
:10EB7000A0E80065E5B3039D2F746D7000000000F0
:10EB80002F546D7030303030302E30303030300017
:10EB90000000A0400000C84100401C4420BCBE480A
:10EBA000CA1B0E52AEC59D6400000000005880BF15
:10EBB000005A80BF0000000000000000883404B24A
:10EBC00091E2409C076B61DA20E8A2DAE0EC039D59
:10EBD000006A6084AAEB016144670223014CF917C3
:10EBE000A0E80065C36404B2409A1A1832F7A19AEB
:10EBF0004364A0E8340000A0C3641A1833F9006528
:10EC00001A183EF982674364A0E80065E9EC039DA9
:10EC10004DD3039DCDD7039DF9EC039DFDEC039DE2
:10EC200041C7039DEDBE039DA1D1039D89A2039D14
:10EC30005DDF039D04B2409A0322C364C0EA4364CB
:10EC4000A0E80065F4DD00A00080013C26108100F2
:10EC50000800E0030000000000000000C364006D35
:10EC60001A18F6E80A6E4364A0E80065C364006DF4
:10EC70001A18F6E80A6E4364A0E80065C364006DE4
:10EC80001A18AEE50A6E4364A0E80065056B03B28E
:10EC900060DA016A20E84BEAF00000A0C3641A18A9
:10ECA00023FB00654364A0E8C3641A1880DC006598
:10ECB0004364A0E8C3641A1802E100654364A0E855
:10ECC0000800E003004802400800E00300488440D8
:10ECD0000800E003206062410800E0030060624138
:10ECE000006080BF006280BF016A20E84BEA0065D7
:10ECF000036A4BEA20E840DC20E8006A20E8016A69
:10ED000025E8A0E820E8806A20E8006A20E8006A98
:10ED100020E8006AFF000000FF000000FF00000084
:10ED2000FF000000FF000000FF000000FF000000E7
:10ED3000FF000000FF000000FF000000FF000000D7
:10ED4000FF000000FF000000FF000000FF000000C7
:10ED5000FF000000FF000000FF000000FF000000B7
:10ED6000FF000000FF000000FF000000FF000000A7
:10ED7000FF000000FF000000FF000000FF00000097
:10ED8000FF000000FF000000FF000000FF00000087
:10ED9000FF000000FF000000FF000000FF00000077
:10EDA000FF000000FF000000FF000000FF00000067
:10EDB000FF000000FF000000FF000000FF00000057
:10EDC000FF000000FF000000FF000000FF00000047
:10EDD000FF000000FF000000FF000000FF00000037
:10EDE000FF000000FF000000FF000000FF00000027
:10EDF000FF000000FF000000FF000000FF00000017
:10EE0000FF000000FF000000FF000000FF00000006
:10EE1000FF000000FF000000FF000000FF000000F6
:10EE2000FF000000FF000000FF000000FF000000E6
:10EE3000FF000000FF000000FF000000FF000000D6
:10EE4000FF000000FF000000FF000000FF000000C6
:10EE5000FF000000FF000000FF000000FF000000B6
:10EE6000FF000000FF000000FF000000FF000000A6
:10EE7000FF000000FF000000FF000000FF00000096
:10EE8000FF000000FF000000FF000000FF00000086
:10EE9000FF000000FF000000FF000000FF00000076
:10EEA000FF000000FF000000FF000000FF00000066
:10EEB000FF000000FF000000FF000000FF00000056
:10EEC000FF000000FF000000FF000000FF00000046
:10EED000FF000000FF000000FF000000FF00000036
:10EEE000FF000000FF000000FF000000FF00000026
:10EEF000FF000000FF000000FF000000FF00000016
:10EF0000FF000000FF000000FF000000FF00000005
:10EF1000FF000000FF000000FF000000FF000000F5
:10EF2000FF000000FF000000FF000000FF000000E5
:10EF3000FF000000FF000000FF000000FF000000D5
:10EF4000FF000000FF000000FF000000FF000000C5
:10EF5000FF000000FF000000FF000000FF000000B5
:10EF6000FF000000FF000000FF000000FF000000A5
:10EF7000FF000000FF000000FF000000FF00000095
:10EF8000FF000000FF000000FF000000FF00000085
:10EF9000FF000000FF000000FF000000FF00000075
:10EFA000FF000000FF000000FF000000FF00000065
:10EFB000FF000000FF000000FF000000FF00000055
:10EFC000FF000000FF000000FF000000FF00000045
:10EFD000FF000000FF000000FF000000FF00000035
:10EFE000FF000000FF000000FF000000FF00000025
:10EFF000FF000000FF000000FF000000FF00000015
:10F18000049D1A3CA0BB5A27080040030000000061
:08F20000FCF6400B00000000C9
:08F22000FCF6400B00000000A9
:08F24000FCF6400B0000000089
:08F26000FCF6400B0000000069
:08F28000FCF6400B0000000049
:08F2A000FCF6400B0000000029
:08F2C000FCF6400B0000000009
:08F2E000FCF6400B00000000E9
:08F30000FCF6400B00000000C8
:08F32000FCF6400B00000000A8
:08F34000FCF6400B0000000088
:08F36000FCF6400B0000000068
:08F380009D57400B0000000046
:08F3A000FCF6400B0000000028
:08F3C000FCF6400B0000000008
:08F3E000D253400B00000000B5
:08F40000A359400B00000000BD
:08F42000FCF6400B00000000A7
:08F44000FCF6400B0000000087
:08F46000FCF6400B0000000067
:08F48000FCF6400B0000000047
:08F4A000FCF6400B0000000027
:08F4C000FCF6400B0000000007
:08F4E000FCF6400B00000000E7
:08F50000FCF6400B00000000C6
:08F52000FCF6400B00000000A6
:08F54000FCF6400B0000000086
:08F56000FCF6400B0000000066
:08F58000FCF6400B0000000046
:08F5A000FCF6400B0000000026
:08F5C000FCF6400B0000000006
:08F5E000FCF6400B00000000E6
:08F60000A65A400B00000000B7
:08F62000FCF6400B00000000A5
:08F64000FCF6400B0000000085
:08F66000FCF6400B0000000065
:08F68000FCF6400B0000000045
:08F6A000CB51400B00000000FB
:08F6C000FCF6400B0000000005
:08F6E000FCF6400B00000000E5
:08F70000FCF6400B00000000C4
:08F72000FCF6400B00000000A4
:08F74000FCF6400B0000000084
:08F76000FCF6400B0000000064
:020000041FC01B
:100000000200F00F0000000000601A40C0045A7F98
:100010000500401300000000049D1A3C18EB5A270D
:10002000080040030000000001A01D3CF0FFBD27B8
:1000300000A01C3CF07F9C27039D083C7DCA08253E
:1000400009F800010000000000A0083C3C00082561
:1000500001A0093C6CDC2925030000100000000011
:10006000000000AD040008252B080901FCFF201446
:1000700000000000049D083C8CCD082509F8000113
:10008000000000000000093C00002925100020119C
:10009000000000000100093C0000292588BF0A3C3F
:1000A00010204A25000049AD0100093C0000292527
:1000B00088BF0A3C20204A25000049AD0100093CC8
:1000C0000000292588BF0A3C30204A25000049ADA0
:1000D00000488040FFFF0A2400588A404000083C46
:1000E00000600A4025500A0100608A40049D093CD6
:1000F00000F02925C0000000017889400000093C7B
:100100000100292500000A2444492A7D01608A4013
:100110008000093C00688940008008408005097D16
:10012000404C0900006008405800013C2440010197
:100130002540280100608840C0000000039D083C65
:10014000FD71082509F8000100000000006008406A
:10015000BFFF013CFFFF21342440010100608840C3
:10016000000084300000A530049D083CD8D8082544
:0801700008000001000000007E
:10038000049D1A3CA8DB5A27080040030000000027
:1004800000F89B40C0000000049D1B3C58DD7B270A
:10049000020060130000000000C09B4000F81B40F9
:0C04A000C00000001F000042000000002F
:100BF000FFFFFF0FDB7CF9FFDB0C67FCFBFFFF7FD8
:04000005BFC0000078
:00000001FF
